source_id,external_id,external_name,external_name_norm,registry_status,source_url,match_method,evidence_strength,rut,entity_id,error
donatarias_21440,1325,INSTITUTO CHILENO DE INTELIGENCIA ARTIFICIAL Y ROBOTICA,INSTITUTO CHILENO DE INTELIGENCIA ARTIFICIAL Y ROBOTICA,Inscrita,https://donacionesley21440.gob.cl/registro-publico?n=1325,RUT_DIRECT,STRONG_LEGAL_REGISTRY,65195115-1,ENT-RUT-65195115-1,
donatarias_21440,1324,FUNDACIONES DEL MUNDO NUEVO,FUNDACIONES DEL MUNDO NUEVO,Inscrita,https://donacionesley21440.gob.cl/registro-publico?n=1324,RUT_DIRECT,STRONG_LEGAL_REGISTRY,71943800-8,ENT-RUT-71943800-8,
donatarias_21440,1323,FUNDACIÓN TRAMA RELACIONAL,FUNDACION TRAMA RELACIONAL,Inscrita,https://donacionesley21440.gob.cl/registro-publico?n=1323,RUT_DIRECT,STRONG_LEGAL_REGISTRY,65278728-2,ENT-RUT-65278728-2,
donatarias_21440,1322,FUNDACION TE CUIDO,FUNDACION TE CUIDO,Inscrita,https://donacionesley21440.gob.cl/registro-publico?n=1322,RUT_DIRECT,STRONG_LEGAL_REGISTRY,65209138-5,ENT-RUT-65209138-5,
donatarias_21440,1321,FUNDACIÓN SOMOS PARTE,FUNDACION SOMOS PARTE,Inscrita,https://donacionesley21440.gob.cl/registro-publico?n=1321,RUT_DIRECT,STRONG_LEGAL_REGISTRY,65175138-1,ENT-RUT-65175138-1,
donatarias_21440,1320,FUNDACIÓN SABORES DEL FUTURO,FUNDACION SABORES DEL FUTURO,Inscrita,https://donacionesley21440.gob.cl/registro-publico?n=1320,RUT_DIRECT,STRONG_LEGAL_REGISTRY,65256675-8,ENT-RUT-65256675-8,
donatarias_21440,1319,FUNDACION QUEBRADA DEL ALTO,FUNDACION QUEBRADA DEL ALTO,Inscrita,https://donacionesley21440.gob.cl/registro-publico?n=1319,RUT_DIRECT,STRONG_LEGAL_REGISTRY,,,"ReadTimeout: HTTPSConnectionPool(host='donacionesley21440.gob.cl', port=443): Read timed out. (read timeout=3)"
donatarias_21440,1318,FUNDACIÓN PARA PROMOCIÓN DEL CONOCIMIENTO  Y PROTECCIÓN DE LOS CICLOS MENSTRUALES INARA,FUNDACION PARA PROMOCION DEL CONOCIMIENTO Y PROTECCION DE LOS CICLOS MENSTRUALES INARA,Inscrita,https://donacionesley21440.gob.cl/registro-publico?n=1318,RUT_DIRECT,STRONG_LEGAL_REGISTRY,65140064-3,ENT-RUT-65140064-3,
donatarias_21440,1317,FUNDACION MAS QUE UN NOMBRE,FUNDACION MAS QUE UN NOMBRE,Inscrita,https://donacionesley21440.gob.cl/registro-publico?n=1317,RUT_DIRECT,STRONG_LEGAL_REGISTRY,65261701-8,ENT-RUT-65261701-8,
donatarias_21440,1316,FUNDACION LOICA POR LA EDUCACION CONSERVACION ARTE Y TERRITORIO,FUNDACION LOICA POR LA EDUCACION CONSERVACION ARTE Y TERRITORIO,Inscrita,https://donacionesley21440.gob.cl/registro-publico?n=1316,RUT_DIRECT,STRONG_LEGAL_REGISTRY,65253887-8,ENT-RUT-65253887-8,
donatarias_21440,1315,FUNDACION KIÑEWEN ELEMENTAL NATURA,FUNDACION KINEWEN ELEMENTAL NATURA,Inscrita,https://donacionesley21440.gob.cl/registro-publico?n=1315,RUT_DIRECT,STRONG_LEGAL_REGISTRY,65178618-5,ENT-RUT-65178618-5,
donatarias_21440,1314,FUNDACION ESCUELA PARA NIÑAS DE MONTAÑA REBELDE,FUNDACION ESCUELA PARA NINAS DE MONTANA REBELDE,Inscrita,https://donacionesley21440.gob.cl/registro-publico?n=1314,RUT_DIRECT,STRONG_LEGAL_REGISTRY,65271991-0,ENT-RUT-65271991-0,
donatarias_21440,1313,FUNDACION EFECTO EDUCATIVO,FUNDACION EFECTO EDUCATIVO,Inscrita,https://donacionesley21440.gob.cl/registro-publico?n=1313,RUT_DIRECT,STRONG_LEGAL_REGISTRY,65169803-0,ENT-RUT-65169803-0,
donatarias_21440,1312,FUNDACIÓN CUIDANDO A LOS QUE CUIDAN,FUNDACION CUIDANDO A LOS QUE CUIDAN,Inscrita,https://donacionesley21440.gob.cl/registro-publico?n=1312,RUT_DIRECT,STRONG_LEGAL_REGISTRY,65255113-0,ENT-RUT-65255113-0,
donatarias_21440,1311,FUNDACION CORRALCO MALALCAHUELLO,FUNDACION CORRALCO MALALCAHUELLO,Inscrita,https://donacionesley21440.gob.cl/registro-publico?n=1311,RUT_DIRECT,STRONG_LEGAL_REGISTRY,65162886-5,ENT-RUT-65162886-5,
donatarias_21440,1310,FUNDACIÓN CORAZONES QUE ACOMPAÑAN,FUNDACION CORAZONES QUE ACOMPANAN,Inscrita,https://donacionesley21440.gob.cl/registro-publico?n=1310,RUT_DIRECT,STRONG_LEGAL_REGISTRY,65259087-K,ENT-RUT-65259087-K,
donatarias_21440,1309,FUNDACIÓN COMUNIDAD TERAPÉUTICA NIÁGARA,FUNDACION COMUNIDAD TERAPEUTICA NIAGARA,Inscrita,https://donacionesley21440.gob.cl/registro-publico?n=1309,RUT_DIRECT,STRONG_LEGAL_REGISTRY,65236453-5,ENT-RUT-65236453-5,
donatarias_21440,1308,FUNDACIÓN CAMINEMOS JUNTOS POR UNA EDUCACIÓN,FUNDACION CAMINEMOS JUNTOS POR UNA EDUCACION,Inscrita,https://donacionesley21440.gob.cl/registro-publico?n=1308,RUT_DIRECT,STRONG_LEGAL_REGISTRY,65239434-5,ENT-RUT-65239434-5,
donatarias_21440,1307,FUNDACIÓN BIENESTAR ANIMAL,FUNDACION BIENESTAR ANIMAL,Inscrita,https://donacionesley21440.gob.cl/registro-publico?n=1307,RUT_DIRECT,STRONG_LEGAL_REGISTRY,65207117-1,ENT-RUT-65207117-1,
donatarias_21440,1306,FUNDACION BATALLAS QUE FORTALECEN,FUNDACION BATALLAS QUE FORTALECEN,Inscrita,https://donacionesley21440.gob.cl/registro-publico?n=1306,RUT_DIRECT,STRONG_LEGAL_REGISTRY,65249058-1,ENT-RUT-65249058-1,
donatarias_21440,1305,FUNDACIÓN ACCIÓN SOCIAL PARA LA EDUCACIÓN DE LA PAZ Y LOS DERECHOS HUMANOS,FUNDACION ACCION SOCIAL PARA LA EDUCACION DE LA PAZ Y LOS DERECHOS HUMANOS,Inscrita,https://donacionesley21440.gob.cl/registro-publico?n=1305,RUT_DIRECT,STRONG_LEGAL_REGISTRY,65215761-0,ENT-RUT-65215761-0,
donatarias_21440,1304,FUNDACION 365 TEJIDOS,FUNDACION 365 TEJIDOS,Inscrita,https://donacionesley21440.gob.cl/registro-publico?n=1304,RUT_DIRECT,STRONG_LEGAL_REGISTRY,65258632-5,ENT-RUT-65258632-5,
donatarias_21440,1303,FUND DE BENEFICENCIA AUXILIO MALTES,FUND DE BENEFICENCIA AUXILIO MALTES,Inscrita,https://donacionesley21440.gob.cl/registro-publico?n=1303,RUT_DIRECT,STRONG_LEGAL_REGISTRY,73291400-5,ENT-RUT-73291400-5,
donatarias_21440,1302,FUND CIENCIA PARA LA VIDA,FUND CIENCIA PARA LA VIDA,Inscrita,https://donacionesley21440.gob.cl/registro-publico?n=1302,RUT_DIRECT,STRONG_LEGAL_REGISTRY,73124100-7,ENT-RUT-73124100-7,
donatarias_21440,1301,DALEPROFE CORPORACIÓN,DALEPROFE CORPORACION,Inscrita,https://donacionesley21440.gob.cl/registro-publico?n=1301,RUT_DIRECT,STRONG_LEGAL_REGISTRY,65273034-5,ENT-RUT-65273034-5,
donatarias_21440,1300,CORPORACION PARQUE PUNTA DE LOBOS,CORPORACION PARQUE PUNTA DE LOBOS,Inscrita,https://donacionesley21440.gob.cl/registro-publico?n=1300,RUT_DIRECT,STRONG_LEGAL_REGISTRY,,,"ReadTimeout: HTTPSConnectionPool(host='donacionesley21440.gob.cl', port=443): Read timed out. (read timeout=3)"
donatarias_21440,1299,CORPORACION GAUDI DE TRIANA,CORPORACION GAUDI DE TRIANA,Inscrita,https://donacionesley21440.gob.cl/registro-publico?n=1299,RUT_DIRECT,STRONG_LEGAL_REGISTRY,73807600-1,ENT-RUT-73807600-1,
donatarias_21440,1298,CORPORACION DE APOYO A LA NINEZ Y JUVENTUD EN RIESGO SO,CORPORACION DE APOYO A LA NINEZ Y JUVENTUD EN RIESGO SO,Inscrita,https://donacionesley21440.gob.cl/registro-publico?n=1298,RUT_DIRECT,STRONG_LEGAL_REGISTRY,71992600-2,ENT-RUT-71992600-2,
donatarias_21440,1297,CORPORACION CULTURAL MUNICIPAL DE SAN JAVIER DE LONCOMILLA,CORPORACION CULTURAL MUNICIPAL DE SAN JAVIER DE LONCOMILLA,Inscrita,https://donacionesley21440.gob.cl/registro-publico?n=1297,RUT_DIRECT,STRONG_LEGAL_REGISTRY,53322528-4,ENT-RUT-53322528-4,
donatarias_21440,1296,CORP DE DESARROLLO DE LA PROVINCIA DE EL LOA,CORP DE DESARROLLO DE LA PROVINCIA DE EL LOA,Inscrita,https://donacionesley21440.gob.cl/registro-publico?n=1296,RUT_DIRECT,STRONG_LEGAL_REGISTRY,65127080-4,ENT-RUT-65127080-4,
donatarias_21440,1295,AYUDA Y RESCATE BULL CHILE,AYUDA Y RESCATE BULL CHILE,Inscrita,https://donacionesley21440.gob.cl/registro-publico?n=1295,RUT_DIRECT,STRONG_LEGAL_REGISTRY,65253993-9,ENT-RUT-65253993-9,
donatarias_21440,1294,FUNDACION RENACER JUNTOS,FUNDACION RENACER JUNTOS,Inscrita,https://donacionesley21440.gob.cl/registro-publico?n=1294,RUT_DIRECT,STRONG_LEGAL_REGISTRY,65160577-6,ENT-RUT-65160577-6,
donatarias_21440,1293,FUNDACIÓN PARA EL BIENESTAR ANIMAL EDUCACIÓN DE LA TENENCIA RESPONSABLE DE MASCOTAS Y ANIMALES DE CO,FUNDACION PARA EL BIENESTAR ANIMAL EDUCACION DE LA TENENCIA RESPONSABLE DE MASCOTAS Y ANIMALES DE CO,Inscrita,https://donacionesley21440.gob.cl/registro-publico?n=1293,RUT_DIRECT,STRONG_LEGAL_REGISTRY,65250424-8,ENT-RUT-65250424-8,
donatarias_21440,1292,FUNDACION KAWOQ,FUNDACION KAWOQ,Inscrita,https://donacionesley21440.gob.cl/registro-publico?n=1292,RUT_DIRECT,STRONG_LEGAL_REGISTRY,,,"ReadTimeout: HTTPSConnectionPool(host='donacionesley21440.gob.cl', port=443): Read timed out. (read timeout=3)"
donatarias_21440,1291,FUNDACIÓN IMPULSANDO EL DEPORTE,FUNDACION IMPULSANDO EL DEPORTE,Inscrita,https://donacionesley21440.gob.cl/registro-publico?n=1291,RUT_DIRECT,STRONG_LEGAL_REGISTRY,65206745-K,ENT-RUT-65206745-K,
donatarias_21440,1290,FUNDACION DE LA OBESIDAD Y DEPRESION E DIVERSIDAD GUATITA DELANTAL NACIONAL,FUNDACION DE LA OBESIDAD Y DEPRESION E DIVERSIDAD GUATITA DELANTAL NACIONAL,Inscrita,https://donacionesley21440.gob.cl/registro-publico?n=1290,RUT_DIRECT,STRONG_LEGAL_REGISTRY,,,"ReadTimeout: HTTPSConnectionPool(host='donacionesley21440.gob.cl', port=443): Read timed out. (read timeout=3)"
donatarias_21440,1289,"FUNDACION DE BENEFICENCIA PUBLICA CULTURAL, EDUCACIONAL Y CIENTIFICA ARTEMISA",FUNDACION DE BENEFICENCIA PUBLICA CULTURAL EDUCACIONAL Y CIENTIFICA ARTEMISA,Inscrita,https://donacionesley21440.gob.cl/registro-publico?n=1289,RUT_DIRECT,STRONG_LEGAL_REGISTRY,65217172-9,ENT-RUT-65217172-9,
donatarias_21440,1288,FUND MAR DE CHILE,FUND MAR DE CHILE,Inscrita,https://donacionesley21440.gob.cl/registro-publico?n=1288,RUT_DIRECT,STRONG_LEGAL_REGISTRY,,,"ReadTimeout: HTTPSConnectionPool(host='donacionesley21440.gob.cl', port=443): Read timed out. (read timeout=3)"
donatarias_21440,1287,FUND JUAN PABLO II,FUND JUAN PABLO II,Inscrita,https://donacionesley21440.gob.cl/registro-publico?n=1287,RUT_DIRECT,STRONG_LEGAL_REGISTRY,71450400-2,ENT-RUT-71450400-2,
donatarias_21440,1286,CORPORACION DE DEPORTES DE LA MUNICIPALIDAD DE CURICO,CORPORACION DE DEPORTES DE LA MUNICIPALIDAD DE CURICO,Inscrita,https://donacionesley21440.gob.cl/registro-publico?n=1286,RUT_DIRECT,STRONG_LEGAL_REGISTRY,65057429-K,ENT-RUT-65057429-K,
donatarias_21440,1285,ASOCIACION SENDAS,ASOCIACION SENDAS,Inscrita,https://donacionesley21440.gob.cl/registro-publico?n=1285,RUT_DIRECT,STRONG_LEGAL_REGISTRY,,,"ReadTimeout: HTTPSConnectionPool(host='donacionesley21440.gob.cl', port=443): Read timed out. (read timeout=3)"
donatarias_21440,1284,FUNDACION NUFFIELD CHILE,FUNDACION NUFFIELD CHILE,Inscrita,https://donacionesley21440.gob.cl/registro-publico?n=1284,RUT_DIRECT,STRONG_LEGAL_REGISTRY,,,"ReadTimeout: HTTPSConnectionPool(host='donacionesley21440.gob.cl', port=443): Read timed out. (read timeout=3)"
donatarias_21440,1283,MATER FILIUS PUERTO VARAS,MATER FILIUS PUERTO VARAS,Inscrita,https://donacionesley21440.gob.cl/registro-publico?n=1283,RUT_DIRECT,STRONG_LEGAL_REGISTRY,65261963-0,ENT-RUT-65261963-0,
donatarias_21440,1282,FUNDACIÓN PATAGONIA SOSTENIBLE,FUNDACION PATAGONIA SOSTENIBLE,Inscrita,https://donacionesley21440.gob.cl/registro-publico?n=1282,RUT_DIRECT,STRONG_LEGAL_REGISTRY,65203776-3,ENT-RUT-65203776-3,
donatarias_21440,1281,FUNDACION PASITOS BRILLANTES,FUNDACION PASITOS BRILLANTES,Inscrita,https://donacionesley21440.gob.cl/registro-publico?n=1281,RUT_DIRECT,STRONG_LEGAL_REGISTRY,65273462-6,ENT-RUT-65273462-6,
donatarias_21440,1280,FUNDACION PARQUES DE LA PATAGONIA,FUNDACION PARQUES DE LA PATAGONIA,Inscrita,https://donacionesley21440.gob.cl/registro-publico?n=1280,RUT_DIRECT,STRONG_LEGAL_REGISTRY,65207923-7,ENT-RUT-65207923-7,
donatarias_21440,1279,FUNDACIÓN MUJERES EN REHABILITACIÓN DE CÁNCER CORREDORA POR LA VIDA,FUNDACION MUJERES EN REHABILITACION DE CANCER CORREDORA POR LA VIDA,Inscrita,https://donacionesley21440.gob.cl/registro-publico?n=1279,RUT_DIRECT,STRONG_LEGAL_REGISTRY,65242805-3,ENT-RUT-65242805-3,
donatarias_21440,1278,FUNDACION ECO AMERICA,FUNDACION ECO AMERICA,Inscrita,https://donacionesley21440.gob.cl/registro-publico?n=1278,RUT_DIRECT,STRONG_LEGAL_REGISTRY,65208481-8,ENT-RUT-65208481-8,
donatarias_21440,1277,"FUNDACION DE DESARROLLO, ACCION Y SUSTENTABILIDAD",FUNDACION DE DESARROLLO ACCION Y SUSTENTABILIDAD,Inscrita,https://donacionesley21440.gob.cl/registro-publico?n=1277,RUT_DIRECT,STRONG_LEGAL_REGISTRY,,,"ReadTimeout: HTTPSConnectionPool(host='donacionesley21440.gob.cl', port=443): Read timed out. (read timeout=3)"
donatarias_21440,1276,FUNDACIÓN CENTRO DE ESTUDIOS ABDOÓN CIFUENTES,FUNDACION CENTRO DE ESTUDIOS ABDOON CIFUENTES,Inscrita,https://donacionesley21440.gob.cl/registro-publico?n=1276,RUT_DIRECT,STRONG_LEGAL_REGISTRY,,,"ReadTimeout: HTTPSConnectionPool(host='donacionesley21440.gob.cl', port=443): Read timed out. (read timeout=3)"
donatarias_21440,1275,FUNDACIÓN CENTRO CULTURAL Y ARTÍSTICO DE LA VERACRUZ,FUNDACION CENTRO CULTURAL Y ARTISTICO DE LA VERACRUZ,Inscrita,https://donacionesley21440.gob.cl/registro-publico?n=1275,RUT_DIRECT,STRONG_LEGAL_REGISTRY,65261799-9,ENT-RUT-65261799-9,
donatarias_21440,1274,FUNDACION CASA DE LA MISERICORDIA,FUNDACION CASA DE LA MISERICORDIA,Inscrita,https://donacionesley21440.gob.cl/registro-publico?n=1274,RUT_DIRECT,STRONG_LEGAL_REGISTRY,65187667-2,ENT-RUT-65187667-2,
donatarias_21440,1273,FUNDACION ARCANGELES,FUNDACION ARCANGELES,Inscrita,https://donacionesley21440.gob.cl/registro-publico?n=1273,RUT_DIRECT,STRONG_LEGAL_REGISTRY,65181086-8,ENT-RUT-65181086-8,
donatarias_21440,1272,FEDERACION DEPORTIVA NACIONAL DE TRIATLON DE CHILE FDN,FEDERACION DEPORTIVA NACIONAL DE TRIATLON DE CHILE FDN,Inscrita,https://donacionesley21440.gob.cl/registro-publico?n=1272,RUT_DIRECT,STRONG_LEGAL_REGISTRY,,,"ReadTimeout: HTTPSConnectionPool(host='donacionesley21440.gob.cl', port=443): Read timed out. (read timeout=3)"
donatarias_21440,1271,CORPORACION DE DEPORTES DE LA MUNICIPALIDAD DE  INDEPENDENCIA,CORPORACION DE DEPORTES DE LA MUNICIPALIDAD DE INDEPENDENCIA,Inscrita,https://donacionesley21440.gob.cl/registro-publico?n=1271,RUT_DIRECT,STRONG_LEGAL_REGISTRY,,,"ReadTimeout: HTTPSConnectionPool(host='donacionesley21440.gob.cl', port=443): Read timed out. (read timeout=3)"
donatarias_21440,1270,INSTITUTO NACIONAL DE LITIO Y SALARES,INSTITUTO NACIONAL DE LITIO Y SALARES,Inscrita,https://donacionesley21440.gob.cl/registro-publico?n=1270,RUT_DIRECT,STRONG_LEGAL_REGISTRY,65246292-8,ENT-RUT-65246292-8,
donatarias_21440,1269,GOLDEN COMMUNITY FOUNDATION FUNDACION COMUNITARIA GOLDEN,GOLDEN COMMUNITY FOUNDATION FUNDACION COMUNITARIA GOLDEN,Inscrita,https://donacionesley21440.gob.cl/registro-publico?n=1269,RUT_DIRECT,STRONG_LEGAL_REGISTRY,65263054-5,ENT-RUT-65263054-5,
donatarias_21440,1268,"FUNDACIÓN WELFTUN, APRENDIZAJE SIN FRONTERAS",FUNDACION WELFTUN APRENDIZAJE SIN FRONTERAS,Inscrita,https://donacionesley21440.gob.cl/registro-publico?n=1268,RUT_DIRECT,STRONG_LEGAL_REGISTRY,65271305-K,ENT-RUT-65271305-K,
donatarias_21440,1267,FUNDACION RE-CREA SONRISAS,FUNDACION RE CREA SONRISAS,Inscrita,https://donacionesley21440.gob.cl/registro-publico?n=1267,RUT_DIRECT,STRONG_LEGAL_REGISTRY,65259345-3,ENT-RUT-65259345-3,
donatarias_21440,1266,FUNDACIÓN PRIVADA DE BENEFICIENCIA BOMBA ANDES,FUNDACION PRIVADA DE BENEFICIENCIA BOMBA ANDES,Inscrita,https://donacionesley21440.gob.cl/registro-publico?n=1266,RUT_DIRECT,STRONG_LEGAL_REGISTRY,65112676-2,ENT-RUT-65112676-2,
donatarias_21440,1265,"FUNDACIÓN FOMENTO, INTERVENCIÓN Y TECNOLOGÍA PARA LA INCLUSIÓN",FUNDACION FOMENTO INTERVENCION Y TECNOLOGIA PARA LA INCLUSION,Inscrita,https://donacionesley21440.gob.cl/registro-publico?n=1265,RUT_DIRECT,STRONG_LEGAL_REGISTRY,,,"ReadTimeout: HTTPSConnectionPool(host='donacionesley21440.gob.cl', port=443): Read timed out. (read timeout=3)"
donatarias_21440,1264,FUNDACION ESPECTRAL,FUNDACION ESPECTRAL,Inscrita,https://donacionesley21440.gob.cl/registro-publico?n=1264,RUT_DIRECT,STRONG_LEGAL_REGISTRY,65154706-7,ENT-RUT-65154706-7,
donatarias_21440,1263,FUNDACIÓN EDUCACIONAL SAN JUAN DEL CASTILLO,FUNDACION EDUCACIONAL SAN JUAN DEL CASTILLO,Inscrita,https://donacionesley21440.gob.cl/registro-publico?n=1263,RUT_DIRECT,STRONG_LEGAL_REGISTRY,74557000-3,ENT-RUT-74557000-3,
donatarias_21440,1262,FUNDACIÓN DESDE EL BARRIO AL ESTADIO,FUNDACION DESDE EL BARRIO AL ESTADIO,Inscrita,https://donacionesley21440.gob.cl/registro-publico?n=1262,RUT_DIRECT,STRONG_LEGAL_REGISTRY,65257832-2,ENT-RUT-65257832-2,
donatarias_21440,1261,FUNDACION DE BUCEO ADAPTADO RESPIRA VIDA Y MAS,FUNDACION DE BUCEO ADAPTADO RESPIRA VIDA Y MAS,Inscrita,https://donacionesley21440.gob.cl/registro-publico?n=1261,RUT_DIRECT,STRONG_LEGAL_REGISTRY,65271937-6,ENT-RUT-65271937-6,
donatarias_21440,1260,FUNDACIÓN COLITAS FELICES,FUNDACION COLITAS FELICES,Inscrita,https://donacionesley21440.gob.cl/registro-publico?n=1260,RUT_DIRECT,STRONG_LEGAL_REGISTRY,65201288-4,ENT-RUT-65201288-4,
donatarias_21440,1259,CORPORACION SOCIAL Y EDUCACIONAL RENASCI,CORPORACION SOCIAL Y EDUCACIONAL RENASCI,Inscrita,https://donacionesley21440.gob.cl/registro-publico?n=1259,RUT_DIRECT,STRONG_LEGAL_REGISTRY,65079482-6,ENT-RUT-65079482-6,
donatarias_21440,1258,CORPORACIÓN PARA LA PRESERVACION Y REHABILITACIÓN DE LA FAUNA ANDINA,CORPORACION PARA LA PRESERVACION Y REHABILITACION DE LA FAUNA ANDINA,Inscrita,https://donacionesley21440.gob.cl/registro-publico?n=1258,RUT_DIRECT,STRONG_LEGAL_REGISTRY,,,"ReadTimeout: HTTPSConnectionPool(host='donacionesley21440.gob.cl', port=443): Read timed out. (read timeout=3)"
donatarias_21440,1257,CORPORACIÓN MUNICIPAL DE CULTURA Y PATRIMONIO DE INDEPENDENCIA,CORPORACION MUNICIPAL DE CULTURA Y PATRIMONIO DE INDEPENDENCIA,Inscrita,https://donacionesley21440.gob.cl/registro-publico?n=1257,RUT_DIRECT,STRONG_LEGAL_REGISTRY,,,"ReadTimeout: HTTPSConnectionPool(host='donacionesley21440.gob.cl', port=443): Read timed out. (read timeout=3)"
donatarias_21440,1256,CORPORACION CULTURAL LA TOMA,CORPORACION CULTURAL LA TOMA,Inscrita,https://donacionesley21440.gob.cl/registro-publico?n=1256,RUT_DIRECT,STRONG_LEGAL_REGISTRY,65122581-7,ENT-RUT-65122581-7,
donatarias_21440,1255,ASOCIACION CHILENA DE DERECHO INTERNACIONAL PRIVADO,ASOCIACION CHILENA DE DERECHO INTERNACIONAL PRIVADO,Inscrita,https://donacionesley21440.gob.cl/registro-publico?n=1255,RUT_DIRECT,STRONG_LEGAL_REGISTRY,,,"ReadTimeout: HTTPSConnectionPool(host='donacionesley21440.gob.cl', port=443): Read timed out. (read timeout=3)"
donatarias_21440,1254,FUNDACION PARA LA EDUCACION Y SUSTENTABILIDAD ORIGAMI,FUNDACION PARA LA EDUCACION Y SUSTENTABILIDAD ORIGAMI,Inscrita,https://donacionesley21440.gob.cl/registro-publico?n=1254,RUT_DIRECT,STRONG_LEGAL_REGISTRY,,,"ReadTimeout: HTTPSConnectionPool(host='donacionesley21440.gob.cl', port=443): Read timed out. (read timeout=3)"
donatarias_21440,1253,FUNDACION CAMBIA TU MENTE,FUNDACION CAMBIA TU MENTE,Inscrita,https://donacionesley21440.gob.cl/registro-publico?n=1253,RUT_DIRECT,STRONG_LEGAL_REGISTRY,,,"ReadTimeout: HTTPSConnectionPool(host='donacionesley21440.gob.cl', port=443): Read timed out. (read timeout=3)"
donatarias_21440,1252,INSTITUTO DE INGENIEROS DE CHILE,INSTITUTO DE INGENIEROS DE CHILE,Inscrita,https://donacionesley21440.gob.cl/registro-publico?n=1252,RUT_DIRECT,STRONG_LEGAL_REGISTRY,81838200-6,ENT-RUT-81838200-6,
donatarias_21440,1251,FUNDACIÓN SEMBRANDO VIDA,FUNDACION SEMBRANDO VIDA,Inscrita,https://donacionesley21440.gob.cl/registro-publico?n=1251,RUT_DIRECT,STRONG_LEGAL_REGISTRY,,,"ReadTimeout: HTTPSConnectionPool(host='donacionesley21440.gob.cl', port=443): Read timed out. (read timeout=3)"
donatarias_21440,1250,FUNDACION RUGBYPARATODOS CHILE,FUNDACION RUGBYPARATODOS CHILE,Inscrita,https://donacionesley21440.gob.cl/registro-publico?n=1250,RUT_DIRECT,STRONG_LEGAL_REGISTRY,,,"ReadTimeout: HTTPSConnectionPool(host='donacionesley21440.gob.cl', port=443): Read timed out. (read timeout=3)"
donatarias_21440,1249,FUNDACIÓN RECORRIDO SOLIDARIO,FUNDACION RECORRIDO SOLIDARIO,Inscrita,https://donacionesley21440.gob.cl/registro-publico?n=1249,RUT_DIRECT,STRONG_LEGAL_REGISTRY,65249736-5,ENT-RUT-65249736-5,
donatarias_21440,1248,FUNDACIÓN PARQUE DE ESTRELLAS,FUNDACION PARQUE DE ESTRELLAS,Inscrita,https://donacionesley21440.gob.cl/registro-publico?n=1248,RUT_DIRECT,STRONG_LEGAL_REGISTRY,,,"ReadTimeout: HTTPSConnectionPool(host='donacionesley21440.gob.cl', port=443): Read timed out. (read timeout=3)"
donatarias_21440,1247,FUNDACIÓN PARA LAS ARTES Y EL DESARROLLO HUMANO,FUNDACION PARA LAS ARTES Y EL DESARROLLO HUMANO,Inscrita,https://donacionesley21440.gob.cl/registro-publico?n=1247,RUT_DIRECT,STRONG_LEGAL_REGISTRY,65227346-7,ENT-RUT-65227346-7,
donatarias_21440,1246,FUNDACION MUST,FUNDACION MUST,Inscrita,https://donacionesley21440.gob.cl/registro-publico?n=1246,RUT_DIRECT,STRONG_LEGAL_REGISTRY,65125232-6,ENT-RUT-65125232-6,
donatarias_21440,1245,FUNDACION MANOS QUE AYUDAN,FUNDACION MANOS QUE AYUDAN,Inscrita,https://donacionesley21440.gob.cl/registro-publico?n=1245,RUT_DIRECT,STRONG_LEGAL_REGISTRY,,,"ReadTimeout: HTTPSConnectionPool(host='donacionesley21440.gob.cl', port=443): Read timed out. (read timeout=3)"
donatarias_21440,1244,FUNDACION LUCHADORES DE COLORES ONCOLOGIA  INFANTIL,FUNDACION LUCHADORES DE COLORES ONCOLOGIA INFANTIL,Inscrita,https://donacionesley21440.gob.cl/registro-publico?n=1244,RUT_DIRECT,STRONG_LEGAL_REGISTRY,65118321-9,ENT-RUT-65118321-9,
donatarias_21440,1243,FUNDACION GRAN ARBOL,FUNDACION GRAN ARBOL,Inscrita,https://donacionesley21440.gob.cl/registro-publico?n=1243,RUT_DIRECT,STRONG_LEGAL_REGISTRY,65258232-K,ENT-RUT-65258232-K,
donatarias_21440,1242,FUNDACION ENKI ANU,FUNDACION ENKI ANU,Inscrita,https://donacionesley21440.gob.cl/registro-publico?n=1242,RUT_DIRECT,STRONG_LEGAL_REGISTRY,65262694-7,ENT-RUT-65262694-7,
donatarias_21440,1241,FUNDACION EL PODER DEL DEPORTE,FUNDACION EL PODER DEL DEPORTE,Inscrita,https://donacionesley21440.gob.cl/registro-publico?n=1241,RUT_DIRECT,STRONG_LEGAL_REGISTRY,,,"ReadTimeout: HTTPSConnectionPool(host='donacionesley21440.gob.cl', port=443): Read timed out. (read timeout=3)"
donatarias_21440,1240,FUNDACION DIOS ES MI AYUDA,FUNDACION DIOS ES MI AYUDA,Inscrita,https://donacionesley21440.gob.cl/registro-publico?n=1240,RUT_DIRECT,STRONG_LEGAL_REGISTRY,,,"ReadTimeout: HTTPSConnectionPool(host='donacionesley21440.gob.cl', port=443): Read timed out. (read timeout=3)"
donatarias_21440,1239,FUNDACIÓN CERRO POQUI,FUNDACION CERRO POQUI,Inscrita,https://donacionesley21440.gob.cl/registro-publico?n=1239,RUT_DIRECT,STRONG_LEGAL_REGISTRY,65141894-1,ENT-RUT-65141894-1,
donatarias_21440,1238,FUNDACIÓN CENTRO DE LOS BOSQUES NATIVOS FORECOS,FUNDACION CENTRO DE LOS BOSQUES NATIVOS FORECOS,Inscrita,https://donacionesley21440.gob.cl/registro-publico?n=1238,RUT_DIRECT,STRONG_LEGAL_REGISTRY,,,"ReadTimeout: HTTPSConnectionPool(host='donacionesley21440.gob.cl', port=443): Read timed out. (read timeout=3)"
donatarias_21440,1237,FUNDACIÓN ADOPTA UN NEGRITO,FUNDACION ADOPTA UN NEGRITO,Inscrita,https://donacionesley21440.gob.cl/registro-publico?n=1237,RUT_DIRECT,STRONG_LEGAL_REGISTRY,,,"ReadTimeout: HTTPSConnectionPool(host='donacionesley21440.gob.cl', port=443): Read timed out. (read timeout=3)"
donatarias_21440,1236,CORPORACIÓN WIKIMEDIA CHILE,CORPORACION WIKIMEDIA CHILE,Inscrita,https://donacionesley21440.gob.cl/registro-publico?n=1236,RUT_DIRECT,STRONG_LEGAL_REGISTRY,65061878-5,ENT-RUT-65061878-5,
donatarias_21440,1235,CORPORACION SOCIAL ÑUBLE MAYOR,CORPORACION SOCIAL NUBLE MAYOR,Inscrita,https://donacionesley21440.gob.cl/registro-publico?n=1235,RUT_DIRECT,STRONG_LEGAL_REGISTRY,,,"ReadTimeout: HTTPSConnectionPool(host='donacionesley21440.gob.cl', port=443): Read timed out. (read timeout=3)"
donatarias_21440,1234,CORPORACION PARA LA CONSERVACION Y USO SUSTENTABLE DE LOS BOSQUES DE ALERCE O CORPORACION ALERCE,CORPORACION PARA LA CONSERVACION Y USO SUSTENTABLE DE LOS BOSQUES DE ALERCE O CORPORACION ALERCE,Inscrita,https://donacionesley21440.gob.cl/registro-publico?n=1234,RUT_DIRECT,STRONG_LEGAL_REGISTRY,65072809-2,ENT-RUT-65072809-2,
donatarias_21440,1233,"CORPORACIÓN MUNICIPAL DE DEPORTES, CULTURA, RECREACIÓN Y FOMENTO DE HUECHURABA",CORPORACION MUNICIPAL DE DEPORTES CULTURA RECREACION Y FOMENTO DE HUECHURABA,Inscrita,https://donacionesley21440.gob.cl/registro-publico?n=1233,RUT_DIRECT,STRONG_LEGAL_REGISTRY,65260064-6,ENT-RUT-65260064-6,
donatarias_21440,1232,CORPORACION FAMILIA MIASTENIA GRAVIS CHILE,CORPORACION FAMILIA MIASTENIA GRAVIS CHILE,Inscrita,https://donacionesley21440.gob.cl/registro-publico?n=1232,RUT_DIRECT,STRONG_LEGAL_REGISTRY,65219471-0,ENT-RUT-65219471-0,
donatarias_21440,1231,CORPORACIÓN DE ASISTENCIA ACADÉMICA Y LABORAL AUTISTA,CORPORACION DE ASISTENCIA ACADEMICA Y LABORAL AUTISTA,Inscrita,https://donacionesley21440.gob.cl/registro-publico?n=1231,RUT_DIRECT,STRONG_LEGAL_REGISTRY,65261042-0,ENT-RUT-65261042-0,
donatarias_21440,1230,CORPORACION APERTURA PARA EL MAÑANA,CORPORACION APERTURA PARA EL MANANA,Inscrita,https://donacionesley21440.gob.cl/registro-publico?n=1230,RUT_DIRECT,STRONG_LEGAL_REGISTRY,,,"ReadTimeout: HTTPSConnectionPool(host='donacionesley21440.gob.cl', port=443): Read timed out. (read timeout=3)"
donatarias_21440,1229,CORPORACIÓN ANTILÉN,CORPORACION ANTILEN,Inscrita,https://donacionesley21440.gob.cl/registro-publico?n=1229,RUT_DIRECT,STRONG_LEGAL_REGISTRY,,,"ReadTimeout: HTTPSConnectionPool(host='donacionesley21440.gob.cl', port=443): Read timed out. (read timeout=3)"
donatarias_21440,1228,BOMBEROS SIN FRONTERAS CHILE U O.N.G BOMBEROS SIN FRONTERAS CHILE,BOMBEROS SIN FRONTERAS CHILE U O N G BOMBEROS SIN FRONTERAS CHILE,Inscrita,https://donacionesley21440.gob.cl/registro-publico?n=1228,RUT_DIRECT,STRONG_LEGAL_REGISTRY,65263094-4,ENT-RUT-65263094-4,
donatarias_21440,1227,ASOCIACIÓN EDUCACIONAL ÁGORAS,ASOCIACION EDUCACIONAL AGORAS,Inscrita,https://donacionesley21440.gob.cl/registro-publico?n=1227,RUT_DIRECT,STRONG_LEGAL_REGISTRY,,,"ReadTimeout: HTTPSConnectionPool(host='donacionesley21440.gob.cl', port=443): Read timed out. (read timeout=3)"
donatarias_21440,1226,ASOCIACION DE MEDICOS SOLIDARIOS DE SANTO DOMINGO,ASOCIACION DE MEDICOS SOLIDARIOS DE SANTO DOMINGO,Inscrita,https://donacionesley21440.gob.cl/registro-publico?n=1226,RUT_DIRECT,STRONG_LEGAL_REGISTRY,65249065-4,ENT-RUT-65249065-4,
donatarias_21440,1225,FUNDACION LO QUE DE VERDAD IMPORTA CHILE,FUNDACION LO QUE DE VERDAD IMPORTA CHILE,Inscrita,https://donacionesley21440.gob.cl/registro-publico?n=1225,RUT_DIRECT,STRONG_LEGAL_REGISTRY,,,"ReadTimeout: HTTPSConnectionPool(host='donacionesley21440.gob.cl', port=443): Read timed out. (read timeout=3)"
donatarias_21440,1224,FUNDACIÓN TAPSIN,FUNDACION TAPSIN,Inscrita,https://donacionesley21440.gob.cl/registro-publico?n=1224,RUT_DIRECT,STRONG_LEGAL_REGISTRY,65096690-2,ENT-RUT-65096690-2,
donatarias_21440,1223,FUNDACION SOMOS TRIBU,FUNDACION SOMOS TRIBU,Inscrita,https://donacionesley21440.gob.cl/registro-publico?n=1223,RUT_DIRECT,STRONG_LEGAL_REGISTRY,,,"ReadTimeout: HTTPSConnectionPool(host='donacionesley21440.gob.cl', port=443): Read timed out. (read timeout=3)"
donatarias_21440,1222,FUNDACION SANTINO PIZARRO CARRIZO,FUNDACION SANTINO PIZARRO CARRIZO,Inscrita,https://donacionesley21440.gob.cl/registro-publico?n=1222,RUT_DIRECT,STRONG_LEGAL_REGISTRY,65140609-9,ENT-RUT-65140609-9,
donatarias_21440,1221,FUNDACION MANO FIRME DE ARQUERO,FUNDACION MANO FIRME DE ARQUERO,Inscrita,https://donacionesley21440.gob.cl/registro-publico?n=1221,RUT_DIRECT,STRONG_LEGAL_REGISTRY,65263035-9,ENT-RUT-65263035-9,
donatarias_21440,1220,FUNDACIÓN HOCKEY INCLUSIVO,FUNDACION HOCKEY INCLUSIVO,Inscrita,https://donacionesley21440.gob.cl/registro-publico?n=1220,RUT_DIRECT,STRONG_LEGAL_REGISTRY,65129659-5,ENT-RUT-65129659-5,
donatarias_21440,1219,FUNDACIÓN FÁBRICA DE SUEÑOS,FUNDACION FABRICA DE SUENOS,Inscrita,https://donacionesley21440.gob.cl/registro-publico?n=1219,RUT_DIRECT,STRONG_LEGAL_REGISTRY,,,"ReadTimeout: HTTPSConnectionPool(host='donacionesley21440.gob.cl', port=443): Read timed out. (read timeout=3)"
donatarias_21440,1218,FUNDACIÓN DE BENEFICENCIA PÚBLICA Y DE SALUD CENPAR,FUNDACION DE BENEFICENCIA PUBLICA Y DE SALUD CENPAR,Inscrita,https://donacionesley21440.gob.cl/registro-publico?n=1218,RUT_DIRECT,STRONG_LEGAL_REGISTRY,65213263-4,ENT-RUT-65213263-4,
donatarias_21440,1217,"FUNDACIÓN DE BENEFICENCIA PÚBLICA, MEDIOAMBIENTAL, EDUCACIONAL, CIENTÍFICA Y CULTURAL TANTAUCO",FUNDACION DE BENEFICENCIA PUBLICA MEDIOAMBIENTAL EDUCACIONAL CIENTIFICA Y CULTURAL TANTAUCO,Inscrita,https://donacionesley21440.gob.cl/registro-publico?n=1217,RUT_DIRECT,STRONG_LEGAL_REGISTRY,65215755-6,ENT-RUT-65215755-6,
donatarias_21440,1216,FUNDACIÓN CRECIENDO CON AMOR,FUNDACION CRECIENDO CON AMOR,Inscrita,https://donacionesley21440.gob.cl/registro-publico?n=1216,RUT_DIRECT,STRONG_LEGAL_REGISTRY,,,"ReadTimeout: HTTPSConnectionPool(host='donacionesley21440.gob.cl', port=443): Read timed out. (read timeout=3)"
donatarias_21440,1215,CORPORACIÓN LATINOAMERICANA DE INVESTIGACIÓN DE LA PROPIEDAD INTELECTUAL PARA EL DESARROLLO,CORPORACION LATINOAMERICANA DE INVESTIGACION DE LA PROPIEDAD INTELECTUAL PARA EL DESARROLLO,Inscrita,https://donacionesley21440.gob.cl/registro-publico?n=1215,RUT_DIRECT,STRONG_LEGAL_REGISTRY,,,"ReadTimeout: HTTPSConnectionPool(host='donacionesley21440.gob.cl', port=443): Read timed out. (read timeout=3)"
donatarias_21440,1214,CORPORACION CHILENA DE LA ENFERMEDAD DE ALZHEIMER Y AFECCIONES SIMILARES ALZHEIMER CHILE,CORPORACION CHILENA DE LA ENFERMEDAD DE ALZHEIMER Y AFECCIONES SIMILARES ALZHEIMER CHILE,Inscrita,https://donacionesley21440.gob.cl/registro-publico?n=1214,RUT_DIRECT,STRONG_LEGAL_REGISTRY,71983100-1,ENT-RUT-71983100-1,
donatarias_21440,1213,ASOCIACION TECNICA DE INTERVENCION EN EMERGENCIAS CHILE,ASOCIACION TECNICA DE INTERVENCION EN EMERGENCIAS CHILE,Inscrita,https://donacionesley21440.gob.cl/registro-publico?n=1213,RUT_DIRECT,STRONG_LEGAL_REGISTRY,65211988-3,ENT-RUT-65211988-3,
donatarias_21440,1212,FUNDACIÓN YANULAQUE,FUNDACION YANULAQUE,Inscrita,https://donacionesley21440.gob.cl/registro-publico?n=1212,RUT_DIRECT,STRONG_LEGAL_REGISTRY,,,"ReadTimeout: HTTPSConnectionPool(host='donacionesley21440.gob.cl', port=443): Read timed out. (read timeout=3)"
donatarias_21440,1211,FUNDACIÓN THELMA,FUNDACION THELMA,Inscrita,https://donacionesley21440.gob.cl/registro-publico?n=1211,RUT_DIRECT,STRONG_LEGAL_REGISTRY,65237735-1,ENT-RUT-65237735-1,
donatarias_21440,1210,FUNDACION NOSSOS ORIXAS,FUNDACION NOSSOS ORIXAS,Inscrita,https://donacionesley21440.gob.cl/registro-publico?n=1210,RUT_DIRECT,STRONG_LEGAL_REGISTRY,,,"ReadTimeout: HTTPSConnectionPool(host='donacionesley21440.gob.cl', port=443): Read timed out. (read timeout=3)"
donatarias_21440,1209,FUNDACION INEXPLICABLE,FUNDACION INEXPLICABLE,Inscrita,https://donacionesley21440.gob.cl/registro-publico?n=1209,RUT_DIRECT,STRONG_LEGAL_REGISTRY,,,"ReadTimeout: HTTPSConnectionPool(host='donacionesley21440.gob.cl', port=443): Read timed out. (read timeout=3)"
donatarias_21440,1208,CORPORACIÓN ALIANZA SOLIDARIA CHILE,CORPORACION ALIANZA SOLIDARIA CHILE,Inscrita,https://donacionesley21440.gob.cl/registro-publico?n=1208,RUT_DIRECT,STRONG_LEGAL_REGISTRY,65253398-1,ENT-RUT-65253398-1,
donatarias_21440,1207,SOCIEDAD DE BENEFICIENCIA HIJOS DE BEIT JALA,SOCIEDAD DE BENEFICIENCIA HIJOS DE BEIT JALA,Inscrita,https://donacionesley21440.gob.cl/registro-publico?n=1207,RUT_DIRECT,STRONG_LEGAL_REGISTRY,65218793-5,ENT-RUT-65218793-5,
donatarias_21440,1206,FUNDACION ANGELINI,FUNDACION ANGELINI,Inscrita,https://donacionesley21440.gob.cl/registro-publico?n=1206,RUT_DIRECT,STRONG_LEGAL_REGISTRY,,,"ReadTimeout: HTTPSConnectionPool(host='donacionesley21440.gob.cl', port=443): Read timed out. (read timeout=3)"
donatarias_21440,1205,FUNDACIÓN SPV,FUNDACION SPV,Inscrita,https://donacionesley21440.gob.cl/registro-publico?n=1205,RUT_DIRECT,STRONG_LEGAL_REGISTRY,,,"ReadTimeout: HTTPSConnectionPool(host='donacionesley21440.gob.cl', port=443): Read timed out. (read timeout=3)"
donatarias_21440,1204,FUNDACION INSPIRA SONRISAS CHILE,FUNDACION INSPIRA SONRISAS CHILE,Inscrita,https://donacionesley21440.gob.cl/registro-publico?n=1204,RUT_DIRECT,STRONG_LEGAL_REGISTRY,65257294-4,ENT-RUT-65257294-4,
donatarias_21440,1203,FUNDACIÓN ENTRE PARES,FUNDACION ENTRE PARES,Inscrita,https://donacionesley21440.gob.cl/registro-publico?n=1203,RUT_DIRECT,STRONG_LEGAL_REGISTRY,65098248-7,ENT-RUT-65098248-7,
donatarias_21440,1202,FUNDACIÓN DE BENEFICENCIA PARA EL FORTALECIMIENTO DE LA DEMOCRACIA Y LA FORMACIÓN DE JÓVENES,FUNDACION DE BENEFICENCIA PARA EL FORTALECIMIENTO DE LA DEMOCRACIA Y LA FORMACION DE JOVENES,Inscrita,https://donacionesley21440.gob.cl/registro-publico?n=1202,RUT_DIRECT,STRONG_LEGAL_REGISTRY,,,"ReadTimeout: HTTPSConnectionPool(host='donacionesley21440.gob.cl', port=443): Read timed out. (read timeout=3)"
donatarias_21440,1201,FUNDACION DE BENEFICENCIA AMIGOS SOLIDARIOS CON PALESTINA,FUNDACION DE BENEFICENCIA AMIGOS SOLIDARIOS CON PALESTINA,Inscrita,https://donacionesley21440.gob.cl/registro-publico?n=1201,RUT_DIRECT,STRONG_LEGAL_REGISTRY,,,"ReadTimeout: HTTPSConnectionPool(host='donacionesley21440.gob.cl', port=443): Read timed out. (read timeout=3)"
donatarias_21440,1200,FUNDACIÓN AUDIOVISUAL NATIVA,FUNDACION AUDIOVISUAL NATIVA,Inscrita,https://donacionesley21440.gob.cl/registro-publico?n=1200,RUT_DIRECT,STRONG_LEGAL_REGISTRY,65199112-9,ENT-RUT-65199112-9,
donatarias_21440,1199,FUNDACIÓN ASOCIACIÓN GREMIAL DE FAMILIAS DE ACOGIDAS DE CHILE,FUNDACION ASOCIACION GREMIAL DE FAMILIAS DE ACOGIDAS DE CHILE,Inscrita,https://donacionesley21440.gob.cl/registro-publico?n=1199,RUT_DIRECT,STRONG_LEGAL_REGISTRY,65245607-3,ENT-RUT-65245607-3,
donatarias_21440,1198,CORPORACION SALUD Y DEPENDENCIAS PARA PACIENTES DE LA COMUNA,CORPORACION SALUD Y DEPENDENCIAS PARA PACIENTES DE LA COMUNA,Inscrita,https://donacionesley21440.gob.cl/registro-publico?n=1198,RUT_DIRECT,STRONG_LEGAL_REGISTRY,,,"ReadTimeout: HTTPSConnectionPool(host='donacionesley21440.gob.cl', port=443): Read timed out. (read timeout=3)"
donatarias_21440,1197,CORPORACIÓN PATAGONIA BIOTECH HUB,CORPORACION PATAGONIA BIOTECH HUB,Inscrita,https://donacionesley21440.gob.cl/registro-publico?n=1197,RUT_DIRECT,STRONG_LEGAL_REGISTRY,65254192-5,ENT-RUT-65254192-5,
donatarias_21440,1196,CORPORACION DE INVESTIGACION DE NEUROLOGIA DE SANTIAGO,CORPORACION DE INVESTIGACION DE NEUROLOGIA DE SANTIAGO,Inscrita,https://donacionesley21440.gob.cl/registro-publico?n=1196,RUT_DIRECT,STRONG_LEGAL_REGISTRY,65092002-3,ENT-RUT-65092002-3,
donatarias_21440,1195,CORPORACION CULTURAL AMEREIDA,CORPORACION CULTURAL AMEREIDA,Inscrita,https://donacionesley21440.gob.cl/registro-publico?n=1195,RUT_DIRECT,STRONG_LEGAL_REGISTRY,74546500-5,ENT-RUT-74546500-5,
donatarias_21440,1194,CORPORACION CIUDADANA SAR ARAUCANIA BUSQUEDA Y RESCATE SAR ARAUCANIA U O.N.G. SAR ARAUCANIA,CORPORACION CIUDADANA SAR ARAUCANIA BUSQUEDA Y RESCATE SAR ARAUCANIA U O N G SAR ARAUCANIA,Inscrita,https://donacionesley21440.gob.cl/registro-publico?n=1194,RUT_DIRECT,STRONG_LEGAL_REGISTRY,65141944-1,ENT-RUT-65141944-1,
donatarias_21440,1193,CORPORACION CENTRO SOFIA,CORPORACION CENTRO SOFIA,Inscrita,https://donacionesley21440.gob.cl/registro-publico?n=1193,RUT_DIRECT,STRONG_LEGAL_REGISTRY,65253392-2,ENT-RUT-65253392-2,
donatarias_21440,1192,SOCIEDAD DE ASISTENCIA Y CAPACITACIÓN,SOCIEDAD DE ASISTENCIA Y CAPACITACION,Inscrita,https://donacionesley21440.gob.cl/registro-publico?n=1192,RUT_DIRECT,STRONG_LEGAL_REGISTRY,,,"ReadTimeout: HTTPSConnectionPool(host='donacionesley21440.gob.cl', port=443): Read timed out. (read timeout=3)"
donatarias_21440,1191,FUNDACIÓN STOPBULLYING CHILE,FUNDACION STOPBULLYING CHILE,Inscrita,https://donacionesley21440.gob.cl/registro-publico?n=1191,RUT_DIRECT,STRONG_LEGAL_REGISTRY,,,"ReadTimeout: HTTPSConnectionPool(host='donacionesley21440.gob.cl', port=443): Read timed out. (read timeout=3)"
donatarias_21440,1190,FUNDACIÓN S.O.S ANIMALITOS MARÍA ELENA,FUNDACION S O S ANIMALITOS MARIA ELENA,Inscrita,https://donacionesley21440.gob.cl/registro-publico?n=1190,RUT_DIRECT,STRONG_LEGAL_REGISTRY,65214864-6,ENT-RUT-65214864-6,
donatarias_21440,1189,FUNDACIÓN REM RECONSTRUYENDO LA ESPERANZA EN MELIPILLA,FUNDACION REM RECONSTRUYENDO LA ESPERANZA EN MELIPILLA,Inscrita,https://donacionesley21440.gob.cl/registro-publico?n=1189,RUT_DIRECT,STRONG_LEGAL_REGISTRY,65249117-0,ENT-RUT-65249117-0,
donatarias_21440,1188,FUNDACION PRO INNOVACION,FUNDACION PRO INNOVACION,Inscrita,https://donacionesley21440.gob.cl/registro-publico?n=1188,RUT_DIRECT,STRONG_LEGAL_REGISTRY,,,"ReadTimeout: HTTPSConnectionPool(host='donacionesley21440.gob.cl', port=443): Read timed out. (read timeout=3)"
donatarias_21440,1187,FUNDACIÓN PARA LA EDUCACIÓN Y LA DIVULGACIÓN DE LAS CIENCIAS FENIKA,FUNDACION PARA LA EDUCACION Y LA DIVULGACION DE LAS CIENCIAS FENIKA,Inscrita,https://donacionesley21440.gob.cl/registro-publico?n=1187,RUT_DIRECT,STRONG_LEGAL_REGISTRY,65258777-1,ENT-RUT-65258777-1,
donatarias_21440,1186,FUNDACION OBSERVA CIUDADANIA,FUNDACION OBSERVA CIUDADANIA,Inscrita,https://donacionesley21440.gob.cl/registro-publico?n=1186,RUT_DIRECT,STRONG_LEGAL_REGISTRY,65184345-6,ENT-RUT-65184345-6,
donatarias_21440,1185,FUNDACIÓN MUSEO DEL TELAR,FUNDACION MUSEO DEL TELAR,Inscrita,https://donacionesley21440.gob.cl/registro-publico?n=1185,RUT_DIRECT,STRONG_LEGAL_REGISTRY,65225504-3,ENT-RUT-65225504-3,
donatarias_21440,1184,FUNDACION LOS MONITOS DE MARY,FUNDACION LOS MONITOS DE MARY,Inscrita,https://donacionesley21440.gob.cl/registro-publico?n=1184,RUT_DIRECT,STRONG_LEGAL_REGISTRY,65201715-0,ENT-RUT-65201715-0,
donatarias_21440,1183,FUNDACIÓN K INCLUSIÓN,FUNDACION K INCLUSION,Inscrita,https://donacionesley21440.gob.cl/registro-publico?n=1183,RUT_DIRECT,STRONG_LEGAL_REGISTRY,,,"ReadTimeout: HTTPSConnectionPool(host='donacionesley21440.gob.cl', port=443): Read timed out. (read timeout=3)"
donatarias_21440,1182,FUNDACIÓN INCLUIRTE,FUNDACION INCLUIRTE,Inscrita,https://donacionesley21440.gob.cl/registro-publico?n=1182,RUT_DIRECT,STRONG_LEGAL_REGISTRY,65215101-9,ENT-RUT-65215101-9,
donatarias_21440,1181,FUNDACION HUMEDALES SOSTENIBLES,FUNDACION HUMEDALES SOSTENIBLES,Inscrita,https://donacionesley21440.gob.cl/registro-publico?n=1181,RUT_DIRECT,STRONG_LEGAL_REGISTRY,,,"ReadTimeout: HTTPSConnectionPool(host='donacionesley21440.gob.cl', port=443): Read timed out. (read timeout=3)"
donatarias_21440,1180,FUNDACION FLORA NATIVA CHILENA,FUNDACION FLORA NATIVA CHILENA,Inscrita,https://donacionesley21440.gob.cl/registro-publico?n=1180,RUT_DIRECT,STRONG_LEGAL_REGISTRY,,,"ReadTimeout: HTTPSConnectionPool(host='donacionesley21440.gob.cl', port=443): Read timed out. (read timeout=3)"
donatarias_21440,1179,FUNDACIÓN ENSEÑA CHILE,FUNDACION ENSENA CHILE,Inscrita,https://donacionesley21440.gob.cl/registro-publico?n=1179,RUT_DIRECT,STRONG_LEGAL_REGISTRY,,,"ReadTimeout: HTTPSConnectionPool(host='donacionesley21440.gob.cl', port=443): Read timed out. (read timeout=3)"
donatarias_21440,1178,FUNDACIÓN BRIGADA ANIMAL,FUNDACION BRIGADA ANIMAL,Inscrita,https://donacionesley21440.gob.cl/registro-publico?n=1178,RUT_DIRECT,STRONG_LEGAL_REGISTRY,,,"ReadTimeout: HTTPSConnectionPool(host='donacionesley21440.gob.cl', port=443): Read timed out. (read timeout=3)"
donatarias_21440,1177,FUNDACIÓN APOYANDO A LAS FAMILIAS ONCOLÓGICAS DEL SUR,FUNDACION APOYANDO A LAS FAMILIAS ONCOLOGICAS DEL SUR,Inscrita,https://donacionesley21440.gob.cl/registro-publico?n=1177,RUT_DIRECT,STRONG_LEGAL_REGISTRY,65258733-K,ENT-RUT-65258733-K,
donatarias_21440,1176,CORPORACION CULTURAL MUNICIPAL DE OVALLE,CORPORACION CULTURAL MUNICIPAL DE OVALLE,Inscrita,https://donacionesley21440.gob.cl/registro-publico?n=1176,RUT_DIRECT,STRONG_LEGAL_REGISTRY,65115321-2,ENT-RUT-65115321-2,
donatarias_21440,1175,ASOCIACION DE MEMORIA Y DERECHOS HUMANOS VENDA SEXY,ASOCIACION DE MEMORIA Y DERECHOS HUMANOS VENDA SEXY,Inscrita,https://donacionesley21440.gob.cl/registro-publico?n=1175,RUT_DIRECT,STRONG_LEGAL_REGISTRY,65085716-K,ENT-RUT-65085716-K,
donatarias_21440,1174,INSTITUTO CHILENO ALEMAN DE CULTURA DE CONCEPCION GOETHE ZENTRUM,INSTITUTO CHILENO ALEMAN DE CULTURA DE CONCEPCION GOETHE ZENTRUM,Inscrita,https://donacionesley21440.gob.cl/registro-publico?n=1174,RUT_DIRECT,STRONG_LEGAL_REGISTRY,71435000-5,ENT-RUT-71435000-5,
donatarias_21440,1173,IGLESIA EVANGELICA LUTERANA DE OSORNO,IGLESIA EVANGELICA LUTERANA DE OSORNO,Eliminada,https://donacionesley21440.gob.cl/registro-publico?n=1173,RUT_DIRECT,STRONG_LEGAL_REGISTRY,82413200-3,ENT-RUT-82413200-3,
donatarias_21440,1172,FUNDACION VIEJA ESCUELA DE PICHINGAL,FUNDACION VIEJA ESCUELA DE PICHINGAL,Inscrita,https://donacionesley21440.gob.cl/registro-publico?n=1172,RUT_DIRECT,STRONG_LEGAL_REGISTRY,,,"ReadTimeout: HTTPSConnectionPool(host='donacionesley21440.gob.cl', port=443): Read timed out. (read timeout=3)"
donatarias_21440,1171,FUNDACION PARA EL AUTOCONOCIMIENTO,FUNDACION PARA EL AUTOCONOCIMIENTO,Inscrita,https://donacionesley21440.gob.cl/registro-publico?n=1171,RUT_DIRECT,STRONG_LEGAL_REGISTRY,65239847-2,ENT-RUT-65239847-2,
donatarias_21440,1170,FUNDACIÓN EDUCASWITCH,FUNDACION EDUCASWITCH,Inscrita,https://donacionesley21440.gob.cl/registro-publico?n=1170,RUT_DIRECT,STRONG_LEGAL_REGISTRY,65257953-1,ENT-RUT-65257953-1,
donatarias_21440,1169,FUNDACIÓN CULTURAL MARGARITA CHOCOBAR CRUZ,FUNDACION CULTURAL MARGARITA CHOCOBAR CRUZ,Inscrita,https://donacionesley21440.gob.cl/registro-publico?n=1169,RUT_DIRECT,STRONG_LEGAL_REGISTRY,,,"ReadTimeout: HTTPSConnectionPool(host='donacionesley21440.gob.cl', port=443): Read timed out. (read timeout=3)"
donatarias_21440,1168,FUNDACION CON TRABAJO,FUNDACION CON TRABAJO,Inscrita,https://donacionesley21440.gob.cl/registro-publico?n=1168,RUT_DIRECT,STRONG_LEGAL_REGISTRY,65076702-0,ENT-RUT-65076702-0,
donatarias_21440,1167,FUNDACION CASA BOOST NEUROREHABILITACION INFANTIL,FUNDACION CASA BOOST NEUROREHABILITACION INFANTIL,Inscrita,https://donacionesley21440.gob.cl/registro-publico?n=1167,RUT_DIRECT,STRONG_LEGAL_REGISTRY,,,"ReadTimeout: HTTPSConnectionPool(host='donacionesley21440.gob.cl', port=443): Read timed out. (read timeout=3)"
donatarias_21440,1166,FUNDACION AO TUPUNA,FUNDACION AO TUPUNA,Inscrita,https://donacionesley21440.gob.cl/registro-publico?n=1166,RUT_DIRECT,STRONG_LEGAL_REGISTRY,,,"ReadTimeout: HTTPSConnectionPool(host='donacionesley21440.gob.cl', port=443): Read timed out. (read timeout=3)"
donatarias_21440,1165,FUNDACIÓN ANCHORA UC,FUNDACION ANCHORA UC,Inscrita,https://donacionesley21440.gob.cl/registro-publico?n=1165,RUT_DIRECT,STRONG_LEGAL_REGISTRY,,,"ReadTimeout: HTTPSConnectionPool(host='donacionesley21440.gob.cl', port=443): Read timed out. (read timeout=3)"
donatarias_21440,1164,FUNDACIÓN ALTAS CAPACIDADES CHILE ABRAZANDO EL TALENTO,FUNDACION ALTAS CAPACIDADES CHILE ABRAZANDO EL TALENTO,Inscrita,https://donacionesley21440.gob.cl/registro-publico?n=1164,RUT_DIRECT,STRONG_LEGAL_REGISTRY,65201329-5,ENT-RUT-65201329-5,
donatarias_21440,1163,CORPORACION PATRIMONIO CULTURAL DE CHILE,CORPORACION PATRIMONIO CULTURAL DE CHILE,Inscrita,https://donacionesley21440.gob.cl/registro-publico?n=1163,RUT_DIRECT,STRONG_LEGAL_REGISTRY,72701000-9,ENT-RUT-72701000-9,
donatarias_21440,1162,CORPORACION AGRUPACIÓN CRECER PATAGONIA,CORPORACION AGRUPACION CRECER PATAGONIA,Inscrita,https://donacionesley21440.gob.cl/registro-publico?n=1162,RUT_DIRECT,STRONG_LEGAL_REGISTRY,,,"ReadTimeout: HTTPSConnectionPool(host='donacionesley21440.gob.cl', port=443): Read timed out. (read timeout=3)"
donatarias_21440,1161,CASA DE LA PAZ,CASA DE LA PAZ,Inscrita,https://donacionesley21440.gob.cl/registro-publico?n=1161,RUT_DIRECT,STRONG_LEGAL_REGISTRY,72168100-9,ENT-RUT-72168100-9,
donatarias_21440,1160,FUNDACIÓN INTEGRAL MICAEL,FUNDACION INTEGRAL MICAEL,Inscrita,https://donacionesley21440.gob.cl/registro-publico?n=1160,RUT_DIRECT,STRONG_LEGAL_REGISTRY,65256092-K,ENT-RUT-65256092-K,
donatarias_21440,1159,ORGANIZACIÓN NO GUBERNAMENTAL DE DESARROLLO KALFUTRAY.,ORGANIZACION NO GUBERNAMENTAL DE DESARROLLO KALFUTRAY,Inscrita,https://donacionesley21440.gob.cl/registro-publico?n=1159,RUT_DIRECT,STRONG_LEGAL_REGISTRY,65737690-6,ENT-RUT-65737690-6,
donatarias_21440,1158,IGLESIA DEL VALLE DE LONQUEN,IGLESIA DEL VALLE DE LONQUEN,Inscrita,https://donacionesley21440.gob.cl/registro-publico?n=1158,RUT_DIRECT,STRONG_LEGAL_REGISTRY,,,"ReadTimeout: HTTPSConnectionPool(host='donacionesley21440.gob.cl', port=443): Read timed out. (read timeout=3)"
donatarias_21440,1157,IGLESIA APOSTÓLICA CENTRO DE ADORACION FAMILIAR CASA DEL PADRE CHILE,IGLESIA APOSTOLICA CENTRO DE ADORACION FAMILIAR CASA DEL PADRE CHILE,Inscrita,https://donacionesley21440.gob.cl/registro-publico?n=1157,RUT_DIRECT,STRONG_LEGAL_REGISTRY,,,"ReadTimeout: HTTPSConnectionPool(host='donacionesley21440.gob.cl', port=443): Read timed out. (read timeout=3)"
donatarias_21440,1156,FUNDACION VINCULO,FUNDACION VINCULO,Inscrita,https://donacionesley21440.gob.cl/registro-publico?n=1156,RUT_DIRECT,STRONG_LEGAL_REGISTRY,65125155-9,ENT-RUT-65125155-9,
donatarias_21440,1155,FUNDACION TRAYECTOS AUSTRAL,FUNDACION TRAYECTOS AUSTRAL,Inscrita,https://donacionesley21440.gob.cl/registro-publico?n=1155,RUT_DIRECT,STRONG_LEGAL_REGISTRY,65238603-2,ENT-RUT-65238603-2,
donatarias_21440,1154,FUNDACION SOMOS TAB,FUNDACION SOMOS TAB,Inscrita,https://donacionesley21440.gob.cl/registro-publico?n=1154,RUT_DIRECT,STRONG_LEGAL_REGISTRY,,,"ReadTimeout: HTTPSConnectionPool(host='donacionesley21440.gob.cl', port=443): Read timed out. (read timeout=3)"
donatarias_21440,1153,FUNDACIÓN SANTUARIO ESPERANZA DE VIDA,FUNDACION SANTUARIO ESPERANZA DE VIDA,Inscrita,https://donacionesley21440.gob.cl/registro-publico?n=1153,RUT_DIRECT,STRONG_LEGAL_REGISTRY,65213147-6,ENT-RUT-65213147-6,
donatarias_21440,1152,FUNDACION REDENCION CHILE,FUNDACION REDENCION CHILE,Inscrita,https://donacionesley21440.gob.cl/registro-publico?n=1152,RUT_DIRECT,STRONG_LEGAL_REGISTRY,,,"ReadTimeout: HTTPSConnectionPool(host='donacionesley21440.gob.cl', port=443): Read timed out. (read timeout=3)"
donatarias_21440,1151,FUNDACION PARA LA PREVENCION Y EDUCACION DE LOS TRASTORNOS ALIMENTARIOS,FUNDACION PARA LA PREVENCION Y EDUCACION DE LOS TRASTORNOS ALIMENTARIOS,Inscrita,https://donacionesley21440.gob.cl/registro-publico?n=1151,RUT_DIRECT,STRONG_LEGAL_REGISTRY,,,"ReadTimeout: HTTPSConnectionPool(host='donacionesley21440.gob.cl', port=443): Read timed out. (read timeout=3)"
donatarias_21440,1150,FUNDACION PARA EL DESARROLLO DE LA CULTURA EDUCACION PROTECCION DEL ECOSISTEMA EL PATRIMONIO Y LA BI,FUNDACION PARA EL DESARROLLO DE LA CULTURA EDUCACION PROTECCION DEL ECOSISTEMA EL PATRIMONIO Y LA BI,Inscrita,https://donacionesley21440.gob.cl/registro-publico?n=1150,RUT_DIRECT,STRONG_LEGAL_REGISTRY,65142333-3,ENT-RUT-65142333-3,
donatarias_21440,1149,FUNDACION INFOCAP JOVENES,FUNDACION INFOCAP JOVENES,Inscrita,https://donacionesley21440.gob.cl/registro-publico?n=1149,RUT_DIRECT,STRONG_LEGAL_REGISTRY,65051266-9,ENT-RUT-65051266-9,
donatarias_21440,1148,FUNDACION HUELLAS UNIDAS,FUNDACION HUELLAS UNIDAS,Inscrita,https://donacionesley21440.gob.cl/registro-publico?n=1148,RUT_DIRECT,STRONG_LEGAL_REGISTRY,65186017-2,ENT-RUT-65186017-2,
donatarias_21440,1147,FUNDACION FUGUMI,FUNDACION FUGUMI,Inscrita,https://donacionesley21440.gob.cl/registro-publico?n=1147,RUT_DIRECT,STRONG_LEGAL_REGISTRY,65254362-6,ENT-RUT-65254362-6,
donatarias_21440,1146,FUNDACIÓN EPILEPSIA Y JUVENTUD CHILE,FUNDACION EPILEPSIA Y JUVENTUD CHILE,Inscrita,https://donacionesley21440.gob.cl/registro-publico?n=1146,RUT_DIRECT,STRONG_LEGAL_REGISTRY,,,"ReadTimeout: HTTPSConnectionPool(host='donacionesley21440.gob.cl', port=443): Read timed out. (read timeout=3)"
donatarias_21440,1145,FUNDACIÓN EFECTO QUILTRO,FUNDACION EFECTO QUILTRO,Eliminada,https://donacionesley21440.gob.cl/registro-publico?n=1145,RUT_DIRECT,STRONG_LEGAL_REGISTRY,65162776-1,ENT-RUT-65162776-1,
donatarias_21440,1144,FUNDACIÓN DE COLABORACIÓN Y COOPERACIÓN SOCIAL PUENTES DE AMOR,FUNDACION DE COLABORACION Y COOPERACION SOCIAL PUENTES DE AMOR,Inscrita,https://donacionesley21440.gob.cl/registro-publico?n=1144,RUT_DIRECT,STRONG_LEGAL_REGISTRY,,,"ReadTimeout: HTTPSConnectionPool(host='donacionesley21440.gob.cl', port=443): Read timed out. (read timeout=3)"
donatarias_21440,1143,FUNDACION DE BENEFICENCIA Y AYUDA A LA SALUD UANDES,FUNDACION DE BENEFICENCIA Y AYUDA A LA SALUD UANDES,Inscrita,https://donacionesley21440.gob.cl/registro-publico?n=1143,RUT_DIRECT,STRONG_LEGAL_REGISTRY,,,"ReadTimeout: HTTPSConnectionPool(host='donacionesley21440.gob.cl', port=443): Read timed out. (read timeout=3)"
donatarias_21440,1142,"FUNDACIÓN DE BENEFICENCIA PUBLICA, EDUCACIONAL, CIENTIFICA Y SOCIAL ASEDUCH",FUNDACION DE BENEFICENCIA PUBLICA EDUCACIONAL CIENTIFICA Y SOCIAL ASEDUCH,Inscrita,https://donacionesley21440.gob.cl/registro-publico?n=1142,RUT_DIRECT,STRONG_LEGAL_REGISTRY,65235145-K,ENT-RUT-65235145-K,
donatarias_21440,1141,FUNDACIÓN CULTURAL ARTE AL LÍMITE,FUNDACION CULTURAL ARTE AL LIMITE,Inscrita,https://donacionesley21440.gob.cl/registro-publico?n=1141,RUT_DIRECT,STRONG_LEGAL_REGISTRY,,,"ReadTimeout: HTTPSConnectionPool(host='donacionesley21440.gob.cl', port=443): Read timed out. (read timeout=3)"
donatarias_21440,1140,FUNDACION CENTRO COMUNITARIO LAURA VICUÑA,FUNDACION CENTRO COMUNITARIO LAURA VICUNA,Inscrita,https://donacionesley21440.gob.cl/registro-publico?n=1140,RUT_DIRECT,STRONG_LEGAL_REGISTRY,,,"ReadTimeout: HTTPSConnectionPool(host='donacionesley21440.gob.cl', port=443): Read timed out. (read timeout=3)"
donatarias_21440,1139,FUNDACIÓN APA O F. APA,FUNDACION APA O F APA,Inscrita,https://donacionesley21440.gob.cl/registro-publico?n=1139,RUT_DIRECT,STRONG_LEGAL_REGISTRY,65242013-3,ENT-RUT-65242013-3,
donatarias_21440,1138,FUNDACION AMOR DE MARIA,FUNDACION AMOR DE MARIA,Inscrita,https://donacionesley21440.gob.cl/registro-publico?n=1138,RUT_DIRECT,STRONG_LEGAL_REGISTRY,65255803-8,ENT-RUT-65255803-8,
donatarias_21440,1137,CUERPO DE BOMBERO METROPOLITANO SUR,CUERPO DE BOMBERO METROPOLITANO SUR,Inscrita,https://donacionesley21440.gob.cl/registro-publico?n=1137,RUT_DIRECT,STRONG_LEGAL_REGISTRY,65600110-0,ENT-RUT-65600110-0,
donatarias_21440,1136,CORPORACION DE EDUCACION Y DESARROLLO POPULAR EL TRAMPOLIN,CORPORACION DE EDUCACION Y DESARROLLO POPULAR EL TRAMPOLIN,Inscrita,https://donacionesley21440.gob.cl/registro-publico?n=1136,RUT_DIRECT,STRONG_LEGAL_REGISTRY,,,"ReadTimeout: HTTPSConnectionPool(host='donacionesley21440.gob.cl', port=443): Read timed out. (read timeout=3)"
donatarias_21440,1135,ASOCIACIÓN POR EL DESARROLLO PARALELO CUARENTA Y SIETE,ASOCIACION POR EL DESARROLLO PARALELO CUARENTA Y SIETE,Inscrita,https://donacionesley21440.gob.cl/registro-publico?n=1135,RUT_DIRECT,STRONG_LEGAL_REGISTRY,65067088-4,ENT-RUT-65067088-4,
donatarias_21440,1134,ASOCIACION DOSEL,ASOCIACION DOSEL,Inscrita,https://donacionesley21440.gob.cl/registro-publico?n=1134,RUT_DIRECT,STRONG_LEGAL_REGISTRY,,,"ReadTimeout: HTTPSConnectionPool(host='donacionesley21440.gob.cl', port=443): Read timed out. (read timeout=3)"
donatarias_21440,1133,ASOCIACION CARITAS IN VERITATE,ASOCIACION CARITAS IN VERITATE,Inscrita,https://donacionesley21440.gob.cl/registro-publico?n=1133,RUT_DIRECT,STRONG_LEGAL_REGISTRY,,,"ReadTimeout: HTTPSConnectionPool(host='donacionesley21440.gob.cl', port=443): Read timed out. (read timeout=3)"
donatarias_21440,1132,FUNDACIÓN TRICONTINENTAL,FUNDACION TRICONTINENTAL,Inscrita,https://donacionesley21440.gob.cl/registro-publico?n=1132,RUT_DIRECT,STRONG_LEGAL_REGISTRY,65237352-6,ENT-RUT-65237352-6,
donatarias_21440,1131,OBISPADO DE IQUIQUE,OBISPADO DE IQUIQUE,Inscrita,https://donacionesley21440.gob.cl/registro-publico?n=1131,RUT_DIRECT,STRONG_LEGAL_REGISTRY,,,"ReadTimeout: HTTPSConnectionPool(host='donacionesley21440.gob.cl', port=443): Read timed out. (read timeout=3)"
donatarias_21440,1130,NIÑAS PRO,NINAS PRO,Inscrita,https://donacionesley21440.gob.cl/registro-publico?n=1130,RUT_DIRECT,STRONG_LEGAL_REGISTRY,65177954-5,ENT-RUT-65177954-5,
donatarias_21440,1129,HOGAR CREA CHILE,HOGAR CREA CHILE,Inscrita,https://donacionesley21440.gob.cl/registro-publico?n=1129,RUT_DIRECT,STRONG_LEGAL_REGISTRY,,,"ReadTimeout: HTTPSConnectionPool(host='donacionesley21440.gob.cl', port=443): Read timed out. (read timeout=3)"
donatarias_21440,1128,FUNDACION VIVIR MAS FELIZ,FUNDACION VIVIR MAS FELIZ,Inscrita,https://donacionesley21440.gob.cl/registro-publico?n=1128,RUT_DIRECT,STRONG_LEGAL_REGISTRY,,,"ReadTimeout: HTTPSConnectionPool(host='donacionesley21440.gob.cl', port=443): Read timed out. (read timeout=3)"
donatarias_21440,1127,FUNDACIÓN SINERGIA HUMANITARIA,FUNDACION SINERGIA HUMANITARIA,Inscrita,https://donacionesley21440.gob.cl/registro-publico?n=1127,RUT_DIRECT,STRONG_LEGAL_REGISTRY,65127935-6,ENT-RUT-65127935-6,
donatarias_21440,1126,FUNDACION RED BOKASHI,FUNDACION RED BOKASHI,Inscrita,https://donacionesley21440.gob.cl/registro-publico?n=1126,RUT_DIRECT,STRONG_LEGAL_REGISTRY,,,"ReadTimeout: HTTPSConnectionPool(host='donacionesley21440.gob.cl', port=443): Read timed out. (read timeout=3)"
donatarias_21440,1125,FUNDACIÓN PROYECTO SER HUMANO,FUNDACION PROYECTO SER HUMANO,Inscrita,https://donacionesley21440.gob.cl/registro-publico?n=1125,RUT_DIRECT,STRONG_LEGAL_REGISTRY,,,"ReadTimeout: HTTPSConnectionPool(host='donacionesley21440.gob.cl', port=443): Read timed out. (read timeout=3)"
donatarias_21440,1124,FUNDACIÓN PELUVIDAS EN ACCIÓN,FUNDACION PELUVIDAS EN ACCION,Inscrita,https://donacionesley21440.gob.cl/registro-publico?n=1124,RUT_DIRECT,STRONG_LEGAL_REGISTRY,,,"ReadTimeout: HTTPSConnectionPool(host='donacionesley21440.gob.cl', port=443): Read timed out. (read timeout=3)"
donatarias_21440,1123,"FUNDACIÓN PARA LA INCLUSION LABORAL, SOCIAL Y CULTURAL DE PERSONAS CON DISPACIDAD TU ESPACIO",FUNDACION PARA LA INCLUSION LABORAL SOCIAL Y CULTURAL DE PERSONAS CON DISPACIDAD TU ESPACIO,Inscrita,https://donacionesley21440.gob.cl/registro-publico?n=1123,RUT_DIRECT,STRONG_LEGAL_REGISTRY,65236288-5,ENT-RUT-65236288-5,
donatarias_21440,1122,FUNDACION PARA LA EDUCACION LA COMUNICACION LA SALUD Y LA CULTURA AQUI NOS VEMOS,FUNDACION PARA LA EDUCACION LA COMUNICACION LA SALUD Y LA CULTURA AQUI NOS VEMOS,Inscrita,https://donacionesley21440.gob.cl/registro-publico?n=1122,RUT_DIRECT,STRONG_LEGAL_REGISTRY,65226026-8,ENT-RUT-65226026-8,
donatarias_21440,1121,FUNDACION MUSEO TALLER,FUNDACION MUSEO TALLER,Inscrita,https://donacionesley21440.gob.cl/registro-publico?n=1121,RUT_DIRECT,STRONG_LEGAL_REGISTRY,65125388-8,ENT-RUT-65125388-8,
donatarias_21440,1120,FUNDACIÓN LOS ANDES - LA ALEGRÍA DE VIVIR,FUNDACION LOS ANDES LA ALEGRIA DE VIVIR,Inscrita,https://donacionesley21440.gob.cl/registro-publico?n=1120,RUT_DIRECT,STRONG_LEGAL_REGISTRY,,,"ReadTimeout: HTTPSConnectionPool(host='donacionesley21440.gob.cl', port=443): Read timed out. (read timeout=3)"
donatarias_21440,1119,FUNDACIÓN LEGACY: APOYANDO A LAS ÁREAS PROTEGIDAS DE CHILE,FUNDACION LEGACY APOYANDO A LAS AREAS PROTEGIDAS DE CHILE,Inscrita,https://donacionesley21440.gob.cl/registro-publico?n=1119,RUT_DIRECT,STRONG_LEGAL_REGISTRY,65253623-9,ENT-RUT-65253623-9,
donatarias_21440,1118,FUNDACION JOSE SAID SAFFIE,FUNDACION JOSE SAID SAFFIE,Inscrita,https://donacionesley21440.gob.cl/registro-publico?n=1118,RUT_DIRECT,STRONG_LEGAL_REGISTRY,,,"ReadTimeout: HTTPSConnectionPool(host='donacionesley21440.gob.cl', port=443): Read timed out. (read timeout=3)"
donatarias_21440,1117,FUNDACION INSPIRA,FUNDACION INSPIRA,Inscrita,https://donacionesley21440.gob.cl/registro-publico?n=1117,RUT_DIRECT,STRONG_LEGAL_REGISTRY,,,"ReadTimeout: HTTPSConnectionPool(host='donacionesley21440.gob.cl', port=443): Read timed out. (read timeout=3)"
donatarias_21440,1116,FUNDACIÓN HOSPITAL PARROQUIAL DE SAN BERNARDO,FUNDACION HOSPITAL PARROQUIAL DE SAN BERNARDO,Inscrita,https://donacionesley21440.gob.cl/registro-publico?n=1116,RUT_DIRECT,STRONG_LEGAL_REGISTRY,82031800-5,ENT-RUT-82031800-5,
donatarias_21440,1115,FUNDACION FACTOR DE CAMBIO,FUNDACION FACTOR DE CAMBIO,Inscrita,https://donacionesley21440.gob.cl/registro-publico?n=1115,RUT_DIRECT,STRONG_LEGAL_REGISTRY,,,"ReadTimeout: HTTPSConnectionPool(host='donacionesley21440.gob.cl', port=443): Read timed out. (read timeout=3)"
donatarias_21440,1114,FUNDACION CULTURA ESTACION FOTOGRAFO DE CERROS,FUNDACION CULTURA ESTACION FOTOGRAFO DE CERROS,Inscrita,https://donacionesley21440.gob.cl/registro-publico?n=1114,RUT_DIRECT,STRONG_LEGAL_REGISTRY,65213391-6,ENT-RUT-65213391-6,
donatarias_21440,1113,FUNDACION CONSERVA PUCHEGUÍN,FUNDACION CONSERVA PUCHEGUIN,Inscrita,https://donacionesley21440.gob.cl/registro-publico?n=1113,RUT_DIRECT,STRONG_LEGAL_REGISTRY,65254965-9,ENT-RUT-65254965-9,
donatarias_21440,1112,FUNDACIÓN ATARAXIA SALUD Y BIENESTAR INTEGRAL,FUNDACION ATARAXIA SALUD Y BIENESTAR INTEGRAL,Inscrita,https://donacionesley21440.gob.cl/registro-publico?n=1112,RUT_DIRECT,STRONG_LEGAL_REGISTRY,65256213-2,ENT-RUT-65256213-2,
donatarias_21440,1111,FUNDACION ARTE Y SOLIDARIDAD,FUNDACION ARTE Y SOLIDARIDAD,Inscrita,https://donacionesley21440.gob.cl/registro-publico?n=1111,RUT_DIRECT,STRONG_LEGAL_REGISTRY,,,"ReadTimeout: HTTPSConnectionPool(host='donacionesley21440.gob.cl', port=443): Read timed out. (read timeout=3)"
donatarias_21440,1110,ORGANIZACION NO GUBERNAMENTAL DE DESARROLLO SOCIAL PROYECTO SIMBIOSIS U ONG PROYECTO SIMBIOSIS,ORGANIZACION NO GUBERNAMENTAL DE DESARROLLO SOCIAL PROYECTO SIMBIOSIS U ONG PROYECTO SIMBIOSIS,Inscrita,https://donacionesley21440.gob.cl/registro-publico?n=1110,RUT_DIRECT,STRONG_LEGAL_REGISTRY,65160259-9,ENT-RUT-65160259-9,
donatarias_21440,1109,FUNDACIÓN SUMA SOSTENIBLE,FUNDACION SUMA SOSTENIBLE,Inscrita,https://donacionesley21440.gob.cl/registro-publico?n=1109,RUT_DIRECT,STRONG_LEGAL_REGISTRY,,,"ReadTimeout: HTTPSConnectionPool(host='donacionesley21440.gob.cl', port=443): Read timed out. (read timeout=3)"
donatarias_21440,1108,FUNDACIÓN PAZ ANIMAL,FUNDACION PAZ ANIMAL,Inscrita,https://donacionesley21440.gob.cl/registro-publico?n=1108,RUT_DIRECT,STRONG_LEGAL_REGISTRY,,,"ReadTimeout: HTTPSConnectionPool(host='donacionesley21440.gob.cl', port=443): Read timed out. (read timeout=3)"
donatarias_21440,1107,FUNDACION PAIS DIGITAL,FUNDACION PAIS DIGITAL,Inscrita,https://donacionesley21440.gob.cl/registro-publico?n=1107,RUT_DIRECT,STRONG_LEGAL_REGISTRY,65146760-8,ENT-RUT-65146760-8,
donatarias_21440,1106,FUNDACIÓN LUAN,FUNDACION LUAN,Inscrita,https://donacionesley21440.gob.cl/registro-publico?n=1106,RUT_DIRECT,STRONG_LEGAL_REGISTRY,65240154-6,ENT-RUT-65240154-6,
donatarias_21440,1105,FUNDACIÓN IDEAH INNOVACIÓN Y DESARROLLO EN EDUCACIÓN HOSPITALARIA,FUNDACION IDEAH INNOVACION Y DESARROLLO EN EDUCACION HOSPITALARIA,Inscrita,https://donacionesley21440.gob.cl/registro-publico?n=1105,RUT_DIRECT,STRONG_LEGAL_REGISTRY,65244264-1,ENT-RUT-65244264-1,
donatarias_21440,1104,FUNDACION HABLEMOS DE TOC,FUNDACION HABLEMOS DE TOC,Inscrita,https://donacionesley21440.gob.cl/registro-publico?n=1104,RUT_DIRECT,STRONG_LEGAL_REGISTRY,65249056-5,ENT-RUT-65249056-5,
donatarias_21440,1103,FUNDACIÓN ESCUELAS ABIERTAS,FUNDACION ESCUELAS ABIERTAS,Inscrita,https://donacionesley21440.gob.cl/registro-publico?n=1103,RUT_DIRECT,STRONG_LEGAL_REGISTRY,,,"ReadTimeout: HTTPSConnectionPool(host='donacionesley21440.gob.cl', port=443): Read timed out. (read timeout=3)"
donatarias_21440,1102,FUNDACIÓN ENDÉMICA,FUNDACION ENDEMICA,Inscrita,https://donacionesley21440.gob.cl/registro-publico?n=1102,RUT_DIRECT,STRONG_LEGAL_REGISTRY,,,"ReadTimeout: HTTPSConnectionPool(host='donacionesley21440.gob.cl', port=443): Read timed out. (read timeout=3)"
donatarias_21440,1101,FUNDACION CRECIENDO ACTIVOS SS,FUNDACION CRECIENDO ACTIVOS SS,Inscrita,https://donacionesley21440.gob.cl/registro-publico?n=1101,RUT_DIRECT,STRONG_LEGAL_REGISTRY,,,"ReadTimeout: HTTPSConnectionPool(host='donacionesley21440.gob.cl', port=443): Read timed out. (read timeout=3)"
donatarias_21440,1100,FUNDACION CONTRA EL CÁNCER OCULAR,FUNDACION CONTRA EL CANCER OCULAR,Inscrita,https://donacionesley21440.gob.cl/registro-publico?n=1100,RUT_DIRECT,STRONG_LEGAL_REGISTRY,,,"ReadTimeout: HTTPSConnectionPool(host='donacionesley21440.gob.cl', port=443): Read timed out. (read timeout=3)"
donatarias_21440,1099,FUNDACION BELATOR,FUNDACION BELATOR,Inscrita,https://donacionesley21440.gob.cl/registro-publico?n=1099,RUT_DIRECT,STRONG_LEGAL_REGISTRY,65185422-9,ENT-RUT-65185422-9,
donatarias_21440,1098,FUNDACION ALBERGANDO UN AMIGO PARA LA PROMOCION DEL RESPETO A LOS ANIMALES,FUNDACION ALBERGANDO UN AMIGO PARA LA PROMOCION DEL RESPETO A LOS ANIMALES,Inscrita,https://donacionesley21440.gob.cl/registro-publico?n=1098,RUT_DIRECT,STRONG_LEGAL_REGISTRY,,,"ReadTimeout: HTTPSConnectionPool(host='donacionesley21440.gob.cl', port=443): Read timed out. (read timeout=3)"
donatarias_21440,1097,CORPORACIÓN EDUCACIONAL SOFOFA,CORPORACION EDUCACIONAL SOFOFA,Inscrita,https://donacionesley21440.gob.cl/registro-publico?n=1097,RUT_DIRECT,STRONG_LEGAL_REGISTRY,,,"ReadTimeout: HTTPSConnectionPool(host='donacionesley21440.gob.cl', port=443): Read timed out. (read timeout=3)"
donatarias_21440,1096,CORPORACION EDUCACIONAL SAN MARCOS EDUCA,CORPORACION EDUCACIONAL SAN MARCOS EDUCA,Inscrita,https://donacionesley21440.gob.cl/registro-publico?n=1096,RUT_DIRECT,STRONG_LEGAL_REGISTRY,65167829-3,ENT-RUT-65167829-3,
donatarias_21440,1095,ASOCIACION AVANZA INCLUSION SOCIO-LABORAL,ASOCIACION AVANZA INCLUSION SOCIO LABORAL,Inscrita,https://donacionesley21440.gob.cl/registro-publico?n=1095,RUT_DIRECT,STRONG_LEGAL_REGISTRY,,,"ReadTimeout: HTTPSConnectionPool(host='donacionesley21440.gob.cl', port=443): Read timed out. (read timeout=3)"
donatarias_21440,1094,ASOCIACION ALIANZA PARA LA CONSERVACION DEL GATO ANDINO,ASOCIACION ALIANZA PARA LA CONSERVACION DEL GATO ANDINO,Inscrita,https://donacionesley21440.gob.cl/registro-publico?n=1094,RUT_DIRECT,STRONG_LEGAL_REGISTRY,65246504-8,ENT-RUT-65246504-8,
donatarias_21440,1093,FUNDACION CONECTANDO EN FEMENINO,FUNDACION CONECTANDO EN FEMENINO,Inscrita,https://donacionesley21440.gob.cl/registro-publico?n=1093,RUT_DIRECT,STRONG_LEGAL_REGISTRY,65234473-9,ENT-RUT-65234473-9,
donatarias_21440,1092,FUNDACION TALENTO LOCAL,FUNDACION TALENTO LOCAL,Inscrita,https://donacionesley21440.gob.cl/registro-publico?n=1092,RUT_DIRECT,STRONG_LEGAL_REGISTRY,65215076-4,ENT-RUT-65215076-4,
donatarias_21440,1091,ORGANIZACION NO GUBERNAMENTAL DE DESARROLLO MARIA ACOGE,ORGANIZACION NO GUBERNAMENTAL DE DESARROLLO MARIA ACOGE,Inscrita,https://donacionesley21440.gob.cl/registro-publico?n=1091,RUT_DIRECT,STRONG_LEGAL_REGISTRY,,,"ReadTimeout: HTTPSConnectionPool(host='donacionesley21440.gob.cl', port=443): Read timed out. (read timeout=3)"
donatarias_21440,1090,ONG CORPORACION INCLUYE 360,ONG CORPORACION INCLUYE 360,Inscrita,https://donacionesley21440.gob.cl/registro-publico?n=1090,RUT_DIRECT,STRONG_LEGAL_REGISTRY,,,"ReadTimeout: HTTPSConnectionPool(host='donacionesley21440.gob.cl', port=443): Read timed out. (read timeout=3)"
donatarias_21440,1089,FUNDACIÓN ULMO,FUNDACION ULMO,Inscrita,https://donacionesley21440.gob.cl/registro-publico?n=1089,RUT_DIRECT,STRONG_LEGAL_REGISTRY,65188093-9,ENT-RUT-65188093-9,
donatarias_21440,1088,FUNDACION TECHOS DIGNOS,FUNDACION TECHOS DIGNOS,Inscrita,https://donacionesley21440.gob.cl/registro-publico?n=1088,RUT_DIRECT,STRONG_LEGAL_REGISTRY,,,"ReadTimeout: HTTPSConnectionPool(host='donacionesley21440.gob.cl', port=443): Read timed out. (read timeout=3)"
donatarias_21440,1087,FUNDACION SUMERGI2,FUNDACION SUMERGI2,Eliminada,https://donacionesley21440.gob.cl/registro-publico?n=1087,RUT_DIRECT,STRONG_LEGAL_REGISTRY,,,"ReadTimeout: HTTPSConnectionPool(host='donacionesley21440.gob.cl', port=443): Read timed out. (read timeout=3)"
donatarias_21440,1086,FUNDACIÓN RINASCE,FUNDACION RINASCE,Inscrita,https://donacionesley21440.gob.cl/registro-publico?n=1086,RUT_DIRECT,STRONG_LEGAL_REGISTRY,,,"ReadTimeout: HTTPSConnectionPool(host='donacionesley21440.gob.cl', port=443): Read timed out. (read timeout=3)"
donatarias_21440,1085,FUNDACIÓN NAHUELBUTA NATURAL,FUNDACION NAHUELBUTA NATURAL,Inscrita,https://donacionesley21440.gob.cl/registro-publico?n=1085,RUT_DIRECT,STRONG_LEGAL_REGISTRY,,,"ReadTimeout: HTTPSConnectionPool(host='donacionesley21440.gob.cl', port=443): Read timed out. (read timeout=3)"
donatarias_21440,1084,FUNDACIÓN MILAGROS DEL VALLE,FUNDACION MILAGROS DEL VALLE,Inscrita,https://donacionesley21440.gob.cl/registro-publico?n=1084,RUT_DIRECT,STRONG_LEGAL_REGISTRY,,,"ReadTimeout: HTTPSConnectionPool(host='donacionesley21440.gob.cl', port=443): Read timed out. (read timeout=3)"
donatarias_21440,1083,FUNDACIÓN MANOS UNIDAS POR LA TERCERA EDAD MUTE,FUNDACION MANOS UNIDAS POR LA TERCERA EDAD MUTE,Inscrita,https://donacionesley21440.gob.cl/registro-publico?n=1083,RUT_DIRECT,STRONG_LEGAL_REGISTRY,,,"ReadTimeout: HTTPSConnectionPool(host='donacionesley21440.gob.cl', port=443): Read timed out. (read timeout=3)"
donatarias_21440,1082,FUNDACIÓN FUERA ACOSADORES,FUNDACION FUERA ACOSADORES,Inscrita,https://donacionesley21440.gob.cl/registro-publico?n=1082,RUT_DIRECT,STRONG_LEGAL_REGISTRY,65243236-0,ENT-RUT-65243236-0,
donatarias_21440,1081,FUNDACION DIABETES FUTURO,FUNDACION DIABETES FUTURO,Inscrita,https://donacionesley21440.gob.cl/registro-publico?n=1081,RUT_DIRECT,STRONG_LEGAL_REGISTRY,,,"ReadTimeout: HTTPSConnectionPool(host='donacionesley21440.gob.cl', port=443): Read timed out. (read timeout=3)"
donatarias_21440,1080,FUNDACIÓN DE EDUCACIÓN NOCEDAL,FUNDACION DE EDUCACION NOCEDAL,Inscrita,https://donacionesley21440.gob.cl/registro-publico?n=1080,RUT_DIRECT,STRONG_LEGAL_REGISTRY,,,"ReadTimeout: HTTPSConnectionPool(host='donacionesley21440.gob.cl', port=443): Read timed out. (read timeout=3)"
donatarias_21440,1079,FUNDACION DE BENEFICENCIA PUBLICA Y EDUCACION COMUNIDAD Y RESPONSABILIDAD,FUNDACION DE BENEFICENCIA PUBLICA Y EDUCACION COMUNIDAD Y RESPONSABILIDAD,Inscrita,https://donacionesley21440.gob.cl/registro-publico?n=1079,RUT_DIRECT,STRONG_LEGAL_REGISTRY,,,"ReadTimeout: HTTPSConnectionPool(host='donacionesley21440.gob.cl', port=443): Read timed out. (read timeout=3)"
donatarias_21440,1078,FUNDACIÓN CIUDAD DE PAZ,FUNDACION CIUDAD DE PAZ,Inscrita,https://donacionesley21440.gob.cl/registro-publico?n=1078,RUT_DIRECT,STRONG_LEGAL_REGISTRY,,,"ReadTimeout: HTTPSConnectionPool(host='donacionesley21440.gob.cl', port=443): Read timed out. (read timeout=3)"
donatarias_21440,1077,FUNDACIÓN CAMINO Y VIDA,FUNDACION CAMINO Y VIDA,Inscrita,https://donacionesley21440.gob.cl/registro-publico?n=1077,RUT_DIRECT,STRONG_LEGAL_REGISTRY,,,"ReadTimeout: HTTPSConnectionPool(host='donacionesley21440.gob.cl', port=443): Read timed out. (read timeout=3)"
donatarias_21440,1076,FUNDACION AMIGOS POR SIEMPRE,FUNDACION AMIGOS POR SIEMPRE,Inscrita,https://donacionesley21440.gob.cl/registro-publico?n=1076,RUT_DIRECT,STRONG_LEGAL_REGISTRY,,,"ReadTimeout: HTTPSConnectionPool(host='donacionesley21440.gob.cl', port=443): Read timed out. (read timeout=3)"
donatarias_21440,1075,CORPORACION PARA LA ATENCION INTEGRAL DEL MALTRATO AL MENOR,CORPORACION PARA LA ATENCION INTEGRAL DEL MALTRATO AL MENOR,Inscrita,https://donacionesley21440.gob.cl/registro-publico?n=1075,RUT_DIRECT,STRONG_LEGAL_REGISTRY,,,"ReadTimeout: HTTPSConnectionPool(host='donacionesley21440.gob.cl', port=443): Read timed out. (read timeout=3)"
donatarias_21440,1074,CORPORACION BEMIND,CORPORACION BEMIND,Inscrita,https://donacionesley21440.gob.cl/registro-publico?n=1074,RUT_DIRECT,STRONG_LEGAL_REGISTRY,,,"ReadTimeout: HTTPSConnectionPool(host='donacionesley21440.gob.cl', port=443): Read timed out. (read timeout=3)"
donatarias_21440,1073,CORPORACION ALTA LEY,CORPORACION ALTA LEY,Inscrita,https://donacionesley21440.gob.cl/registro-publico?n=1073,RUT_DIRECT,STRONG_LEGAL_REGISTRY,,,"ReadTimeout: HTTPSConnectionPool(host='donacionesley21440.gob.cl', port=443): Read timed out. (read timeout=3)"
donatarias_21440,1072,CORP ASOCIACION CHILENA PRONACIONES UNIDAS,CORP ASOCIACION CHILENA PRONACIONES UNIDAS,Inscrita,https://donacionesley21440.gob.cl/registro-publico?n=1072,RUT_DIRECT,STRONG_LEGAL_REGISTRY,,,"ReadTimeout: HTTPSConnectionPool(host='donacionesley21440.gob.cl', port=443): Read timed out. (read timeout=3)"
donatarias_21440,1071,ASOCIACION DE ONGS SAR DE CHILE,ASOCIACION DE ONGS SAR DE CHILE,Inscrita,https://donacionesley21440.gob.cl/registro-publico?n=1071,RUT_DIRECT,STRONG_LEGAL_REGISTRY,,,"ReadTimeout: HTTPSConnectionPool(host='donacionesley21440.gob.cl', port=443): Read timed out. (read timeout=3)"
donatarias_21440,1070,FUNDACION TODO MEJORA CHILE,FUNDACION TODO MEJORA CHILE,Inscrita,https://donacionesley21440.gob.cl/registro-publico?n=1070,RUT_DIRECT,STRONG_LEGAL_REGISTRY,65064672-K,ENT-RUT-65064672-K,
donatarias_21440,1069,FUNDACION SOMOS MAS LOS ANGELES,FUNDACION SOMOS MAS LOS ANGELES,Inscrita,https://donacionesley21440.gob.cl/registro-publico?n=1069,RUT_DIRECT,STRONG_LEGAL_REGISTRY,65133189-7,ENT-RUT-65133189-7,
donatarias_21440,1068,FUNDACION ROSHAN BARU TERAPIAS ALTERNATIVAS,FUNDACION ROSHAN BARU TERAPIAS ALTERNATIVAS,Inscrita,https://donacionesley21440.gob.cl/registro-publico?n=1068,RUT_DIRECT,STRONG_LEGAL_REGISTRY,,,"ReadTimeout: HTTPSConnectionPool(host='donacionesley21440.gob.cl', port=443): Read timed out. (read timeout=3)"
donatarias_21440,1067,FUNDACIÓN REIMAGINAR JUNTOS,FUNDACION REIMAGINAR JUNTOS,Inscrita,https://donacionesley21440.gob.cl/registro-publico?n=1067,RUT_DIRECT,STRONG_LEGAL_REGISTRY,65219105-3,ENT-RUT-65219105-3,
donatarias_21440,1066,FUNDACIÓN PARA EL MODELAMIENTO MATEMÁTICO,FUNDACION PARA EL MODELAMIENTO MATEMATICO,Inscrita,https://donacionesley21440.gob.cl/registro-publico?n=1066,RUT_DIRECT,STRONG_LEGAL_REGISTRY,,,"ReadTimeout: HTTPSConnectionPool(host='donacionesley21440.gob.cl', port=443): Read timed out. (read timeout=3)"
donatarias_21440,1065,FUNDACIÓN MENOS BRECHA,FUNDACION MENOS BRECHA,Inscrita,https://donacionesley21440.gob.cl/registro-publico?n=1065,RUT_DIRECT,STRONG_LEGAL_REGISTRY,,,"ReadTimeout: HTTPSConnectionPool(host='donacionesley21440.gob.cl', port=443): Read timed out. (read timeout=3)"
donatarias_21440,1064,FUNDACIÓN FELIPE COLOMA PARA JÓVENES CON CÁNCER,FUNDACION FELIPE COLOMA PARA JOVENES CON CANCER,Inscrita,https://donacionesley21440.gob.cl/registro-publico?n=1064,RUT_DIRECT,STRONG_LEGAL_REGISTRY,,,"ReadTimeout: HTTPSConnectionPool(host='donacionesley21440.gob.cl', port=443): Read timed out. (read timeout=3)"
donatarias_21440,1063,FUNDACION EDUCACIONAL DON LUIS ENRIQUE,FUNDACION EDUCACIONAL DON LUIS ENRIQUE,Inscrita,https://donacionesley21440.gob.cl/registro-publico?n=1063,RUT_DIRECT,STRONG_LEGAL_REGISTRY,65153542-5,ENT-RUT-65153542-5,
donatarias_21440,1062,FUNDACION DE BENEFICIENCIA PARA LA REGENERACION AMBIENTAL PLANETARIA: REGENERATIVA,FUNDACION DE BENEFICIENCIA PARA LA REGENERACION AMBIENTAL PLANETARIA REGENERATIVA,Inscrita,https://donacionesley21440.gob.cl/registro-publico?n=1062,RUT_DIRECT,STRONG_LEGAL_REGISTRY,,,"ReadTimeout: HTTPSConnectionPool(host='donacionesley21440.gob.cl', port=443): Read timed out. (read timeout=3)"
donatarias_21440,1061,FUNDACIÓN DE AYUDA ONCOLÓGICA Y EDUCACIONAL MARÍA VERÓNICA MONGE MÁRQUEZ,FUNDACION DE AYUDA ONCOLOGICA Y EDUCACIONAL MARIA VERONICA MONGE MARQUEZ,Inscrita,https://donacionesley21440.gob.cl/registro-publico?n=1061,RUT_DIRECT,STRONG_LEGAL_REGISTRY,65078386-7,ENT-RUT-65078386-7,
donatarias_21440,1060,FUNDACIÓN ARTMEET CULTURA,FUNDACION ARTMEET CULTURA,Inscrita,https://donacionesley21440.gob.cl/registro-publico?n=1060,RUT_DIRECT,STRONG_LEGAL_REGISTRY,,,"ReadTimeout: HTTPSConnectionPool(host='donacionesley21440.gob.cl', port=443): Read timed out. (read timeout=3)"
donatarias_21440,1059,CUERPO DE BOMBEROS DE PUCON,CUERPO DE BOMBEROS DE PUCON,Eliminada,https://donacionesley21440.gob.cl/registro-publico?n=1059,RUT_DIRECT,STRONG_LEGAL_REGISTRY,,,"ReadTimeout: HTTPSConnectionPool(host='donacionesley21440.gob.cl', port=443): Read timed out. (read timeout=3)"
donatarias_21440,1058,CUERPO DE BOMBEROS CORONEL,CUERPO DE BOMBEROS CORONEL,Inscrita,https://donacionesley21440.gob.cl/registro-publico?n=1058,RUT_DIRECT,STRONG_LEGAL_REGISTRY,,,"ReadTimeout: HTTPSConnectionPool(host='donacionesley21440.gob.cl', port=443): Read timed out. (read timeout=3)"
donatarias_21440,1057,CORPORACIÓN PARA EL DESARROLLO DE CERRO TACNA,CORPORACION PARA EL DESARROLLO DE CERRO TACNA,Inscrita,https://donacionesley21440.gob.cl/registro-publico?n=1057,RUT_DIRECT,STRONG_LEGAL_REGISTRY,,,"ReadTimeout: HTTPSConnectionPool(host='donacionesley21440.gob.cl', port=443): Read timed out. (read timeout=3)"
donatarias_21440,1056,CORPORACIÓN LETRAS DE CHILE,CORPORACION LETRAS DE CHILE,Inscrita,https://donacionesley21440.gob.cl/registro-publico?n=1056,RUT_DIRECT,STRONG_LEGAL_REGISTRY,,,"ReadTimeout: HTTPSConnectionPool(host='donacionesley21440.gob.cl', port=443): Read timed out. (read timeout=3)"
donatarias_21440,1055,CENTRO DE MEDITACIÓN KADAMPA CHILE,CENTRO DE MEDITACION KADAMPA CHILE,Inscrita,https://donacionesley21440.gob.cl/registro-publico?n=1055,RUT_DIRECT,STRONG_LEGAL_REGISTRY,,,"ReadTimeout: HTTPSConnectionPool(host='donacionesley21440.gob.cl', port=443): Read timed out. (read timeout=3)"
donatarias_21440,1054,FUNDACIÓN SAGUARO,FUNDACION SAGUARO,Inscrita,https://donacionesley21440.gob.cl/registro-publico?n=1054,RUT_DIRECT,STRONG_LEGAL_REGISTRY,,,"ReadTimeout: HTTPSConnectionPool(host='donacionesley21440.gob.cl', port=443): Read timed out. (read timeout=3)"
donatarias_21440,1053,ORGANIZACIÓN NO GUBERNAMENTAL DE DESARROLLO SANTA MARÍA,ORGANIZACION NO GUBERNAMENTAL DE DESARROLLO SANTA MARIA,Inscrita,https://donacionesley21440.gob.cl/registro-publico?n=1053,RUT_DIRECT,STRONG_LEGAL_REGISTRY,65041820-4,ENT-RUT-65041820-4,
donatarias_21440,1052,ORGANIZACION NO GUBERNAMENTAL DE DESARROLLO ELISEOS,ORGANIZACION NO GUBERNAMENTAL DE DESARROLLO ELISEOS,Inscrita,https://donacionesley21440.gob.cl/registro-publico?n=1052,RUT_DIRECT,STRONG_LEGAL_REGISTRY,65169773-5,ENT-RUT-65169773-5,
donatarias_21440,1051,ONG TEMPORA,ONG TEMPORA,Eliminada,https://donacionesley21440.gob.cl/registro-publico?n=1051,RUT_DIRECT,STRONG_LEGAL_REGISTRY,,,"ReadTimeout: HTTPSConnectionPool(host='donacionesley21440.gob.cl', port=443): Read timed out. (read timeout=3)"
donatarias_21440,1050,OBISPADO DE SAN BERNARDO,OBISPADO DE SAN BERNARDO,Inscrita,https://donacionesley21440.gob.cl/registro-publico?n=1050,RUT_DIRECT,STRONG_LEGAL_REGISTRY,,,"ReadTimeout: HTTPSConnectionPool(host='donacionesley21440.gob.cl', port=443): Read timed out. (read timeout=3)"
donatarias_21440,1049,IGLESIA DE CIENCIA INTUITIVA ANANDA MARGA,IGLESIA DE CIENCIA INTUITIVA ANANDA MARGA,Inscrita,https://donacionesley21440.gob.cl/registro-publico?n=1049,RUT_DIRECT,STRONG_LEGAL_REGISTRY,,,"ReadTimeout: HTTPSConnectionPool(host='donacionesley21440.gob.cl', port=443): Read timed out. (read timeout=3)"
donatarias_21440,1048,FUNDACIÓN TRILE,FUNDACION TRILE,Inscrita,https://donacionesley21440.gob.cl/registro-publico?n=1048,RUT_DIRECT,STRONG_LEGAL_REGISTRY,65246811-K,ENT-RUT-65246811-K,
donatarias_21440,1047,FUNDACIÓN TELETÓN,FUNDACION TELETON,Inscrita,https://donacionesley21440.gob.cl/registro-publico?n=1047,RUT_DIRECT,STRONG_LEGAL_REGISTRY,71238300-3,ENT-RUT-71238300-3,
donatarias_21440,1046,FUNDACIÓN SANTOS GUERRA,FUNDACION SANTOS GUERRA,Inscrita,https://donacionesley21440.gob.cl/registro-publico?n=1046,RUT_DIRECT,STRONG_LEGAL_REGISTRY,65241378-1,ENT-RUT-65241378-1,
donatarias_21440,1045,FUNDACIÓN PUNTA PATACHE,FUNDACION PUNTA PATACHE,Inscrita,https://donacionesley21440.gob.cl/registro-publico?n=1045,RUT_DIRECT,STRONG_LEGAL_REGISTRY,65140309-K,ENT-RUT-65140309-K,
donatarias_21440,1044,FUNDACION MUNDO AGRICOLA,FUNDACION MUNDO AGRICOLA,Inscrita,https://donacionesley21440.gob.cl/registro-publico?n=1044,RUT_DIRECT,STRONG_LEGAL_REGISTRY,65231345-0,ENT-RUT-65231345-0,
donatarias_21440,1043,FUNDACIÓN LAB4U PARA DEMOCRATIZAR EL ACCESO A UNA EDUCACIÓN STEM,FUNDACION LAB4U PARA DEMOCRATIZAR EL ACCESO A UNA EDUCACION STEM,Inscrita,https://donacionesley21440.gob.cl/registro-publico?n=1043,RUT_DIRECT,STRONG_LEGAL_REGISTRY,,,"ReadTimeout: HTTPSConnectionPool(host='donacionesley21440.gob.cl', port=443): Read timed out. (read timeout=3)"
donatarias_21440,1042,FUNDACIÓN EDUCACIONAL CHUNGUNGO,FUNDACION EDUCACIONAL CHUNGUNGO,Inscrita,https://donacionesley21440.gob.cl/registro-publico?n=1042,RUT_DIRECT,STRONG_LEGAL_REGISTRY,,,"ReadTimeout: HTTPSConnectionPool(host='donacionesley21440.gob.cl', port=443): Read timed out. (read timeout=3)"
donatarias_21440,1041,FUNDACION DE BENFICENCIA PUBLICA CULTURAL Y EDUCACIONAL COLECCION CA SA,FUNDACION DE BENFICENCIA PUBLICA CULTURAL Y EDUCACIONAL COLECCION CA SA,Inscrita,https://donacionesley21440.gob.cl/registro-publico?n=1041,RUT_DIRECT,STRONG_LEGAL_REGISTRY,,,"ReadTimeout: HTTPSConnectionPool(host='donacionesley21440.gob.cl', port=443): Read timed out. (read timeout=3)"
donatarias_21440,1040,FUNDACION DE BENEFICENCIA PUBLICA ARDE,FUNDACION DE BENEFICENCIA PUBLICA ARDE,Inscrita,https://donacionesley21440.gob.cl/registro-publico?n=1040,RUT_DIRECT,STRONG_LEGAL_REGISTRY,,,"ReadTimeout: HTTPSConnectionPool(host='donacionesley21440.gob.cl', port=443): Read timed out. (read timeout=3)"
donatarias_21440,1039,FUNDACION CULTURAL DEL TURISMO SUSTENTABLE,FUNDACION CULTURAL DEL TURISMO SUSTENTABLE,Inscrita,https://donacionesley21440.gob.cl/registro-publico?n=1039,RUT_DIRECT,STRONG_LEGAL_REGISTRY,,,"ReadTimeout: HTTPSConnectionPool(host='donacionesley21440.gob.cl', port=443): Read timed out. (read timeout=3)"
donatarias_21440,1038,CORPORACIÓN TEJIENDO SOLIDARIDAD,CORPORACION TEJIENDO SOLIDARIDAD,Inscrita,https://donacionesley21440.gob.cl/registro-publico?n=1038,RUT_DIRECT,STRONG_LEGAL_REGISTRY,65194845-2,ENT-RUT-65194845-2,
donatarias_21440,1037,CORPORACIÓN DE CAPACITACIÓN Y EDUCACIÓN INDUSTRIAL Y MINERÍA,CORPORACION DE CAPACITACION Y EDUCACION INDUSTRIAL Y MINERIA,Inscrita,https://donacionesley21440.gob.cl/registro-publico?n=1037,RUT_DIRECT,STRONG_LEGAL_REGISTRY,,,"ReadTimeout: HTTPSConnectionPool(host='donacionesley21440.gob.cl', port=443): Read timed out. (read timeout=3)"
donatarias_21440,1036,ASOCIACIÓN RANITA DE DARWIN,ASOCIACION RANITA DE DARWIN,Inscrita,https://donacionesley21440.gob.cl/registro-publico?n=1036,RUT_DIRECT,STRONG_LEGAL_REGISTRY,,,"ReadTimeout: HTTPSConnectionPool(host='donacionesley21440.gob.cl', port=443): Read timed out. (read timeout=3)"
donatarias_21440,1035,SPORT SEED ONG,SPORT SEED ONG,Inscrita,https://donacionesley21440.gob.cl/registro-publico?n=1035,RUT_DIRECT,STRONG_LEGAL_REGISTRY,65232673-0,ENT-RUT-65232673-0,
donatarias_21440,1034,FUNDACIÓN RUTA SOCIAL PARA LA ERRADICACIÓN DE LA POBREZA,FUNDACION RUTA SOCIAL PARA LA ERRADICACION DE LA POBREZA,Inscrita,https://donacionesley21440.gob.cl/registro-publico?n=1034,RUT_DIRECT,STRONG_LEGAL_REGISTRY,,,"ReadTimeout: HTTPSConnectionPool(host='donacionesley21440.gob.cl', port=443): Read timed out. (read timeout=3)"
donatarias_21440,1033,FUNDACION RUTA DEL HINCHA,FUNDACION RUTA DEL HINCHA,Inscrita,https://donacionesley21440.gob.cl/registro-publico?n=1033,RUT_DIRECT,STRONG_LEGAL_REGISTRY,,,"ReadTimeout: HTTPSConnectionPool(host='donacionesley21440.gob.cl', port=443): Read timed out. (read timeout=3)"
donatarias_21440,1032,FUNDACIÓN GRUPO EDUCAR TP,FUNDACION GRUPO EDUCAR TP,Inscrita,https://donacionesley21440.gob.cl/registro-publico?n=1032,RUT_DIRECT,STRONG_LEGAL_REGISTRY,65175284-1,ENT-RUT-65175284-1,
donatarias_21440,1031,FUNDACIÓN DE CAPACITACIÓN Y EDUCACIÓN SOCIAL UNES CHILE,FUNDACION DE CAPACITACION Y EDUCACION SOCIAL UNES CHILE,Inscrita,https://donacionesley21440.gob.cl/registro-publico?n=1031,RUT_DIRECT,STRONG_LEGAL_REGISTRY,,,"ReadTimeout: HTTPSConnectionPool(host='donacionesley21440.gob.cl', port=443): Read timed out. (read timeout=3)"
donatarias_21440,1030,CORPORACION PARA LA INCLUSION DE PERSONAS CON DISCAPACIDAD VISUAL Y SORDOCIEGAS CIDEVIS,CORPORACION PARA LA INCLUSION DE PERSONAS CON DISCAPACIDAD VISUAL Y SORDOCIEGAS CIDEVIS,Inscrita,https://donacionesley21440.gob.cl/registro-publico?n=1030,RUT_DIRECT,STRONG_LEGAL_REGISTRY,72506900-6,ENT-RUT-72506900-6,
donatarias_21440,1029,ARZOBISPADO DE CONCEPCION,ARZOBISPADO DE CONCEPCION,Inscrita,https://donacionesley21440.gob.cl/registro-publico?n=1029,RUT_DIRECT,STRONG_LEGAL_REGISTRY,,,"ReadTimeout: HTTPSConnectionPool(host='donacionesley21440.gob.cl', port=443): Read timed out. (read timeout=3)"
donatarias_21440,1028,OBISPADO DE PUNTA ARENAS,OBISPADO DE PUNTA ARENAS,Inscrita,https://donacionesley21440.gob.cl/registro-publico?n=1028,RUT_DIRECT,STRONG_LEGAL_REGISTRY,82984900-3,ENT-RUT-82984900-3,
donatarias_21440,1027,IGLESIA BIBLICA BAUTISTA CORDILLERA,IGLESIA BIBLICA BAUTISTA CORDILLERA,Inscrita,https://donacionesley21440.gob.cl/registro-publico?n=1027,RUT_DIRECT,STRONG_LEGAL_REGISTRY,,,"ReadTimeout: HTTPSConnectionPool(host='donacionesley21440.gob.cl', port=443): Read timed out. (read timeout=3)"
donatarias_21440,1026,"FUNDACION VIDA, SALUD Y CIENCIA",FUNDACION VIDA SALUD Y CIENCIA,Inscrita,https://donacionesley21440.gob.cl/registro-publico?n=1026,RUT_DIRECT,STRONG_LEGAL_REGISTRY,,,"ReadTimeout: HTTPSConnectionPool(host='donacionesley21440.gob.cl', port=443): Read timed out. (read timeout=3)"
donatarias_21440,1025,FUNDACIÓN PARA LA CULTURA Y LAS ARTES DEL MAULE,FUNDACION PARA LA CULTURA Y LAS ARTES DEL MAULE,Inscrita,https://donacionesley21440.gob.cl/registro-publico?n=1025,RUT_DIRECT,STRONG_LEGAL_REGISTRY,65137104-K,ENT-RUT-65137104-K,
donatarias_21440,1024,FUNDACIÓN MUJER MUNDO,FUNDACION MUJER MUNDO,Inscrita,https://donacionesley21440.gob.cl/registro-publico?n=1024,RUT_DIRECT,STRONG_LEGAL_REGISTRY,,,"ReadTimeout: HTTPSConnectionPool(host='donacionesley21440.gob.cl', port=443): Read timed out. (read timeout=3)"
donatarias_21440,1023,FUNDACIÓN CUENTA CONMIGO,FUNDACION CUENTA CONMIGO,Inscrita,https://donacionesley21440.gob.cl/registro-publico?n=1023,RUT_DIRECT,STRONG_LEGAL_REGISTRY,,,"ReadTimeout: HTTPSConnectionPool(host='donacionesley21440.gob.cl', port=443): Read timed out. (read timeout=3)"
donatarias_21440,1022,FUNDACIÓN CONEXIONES INCLUSIVAS PARA EL MUNDO,FUNDACION CONEXIONES INCLUSIVAS PARA EL MUNDO,Inscrita,https://donacionesley21440.gob.cl/registro-publico?n=1022,RUT_DIRECT,STRONG_LEGAL_REGISTRY,,,"ReadTimeout: HTTPSConnectionPool(host='donacionesley21440.gob.cl', port=443): Read timed out. (read timeout=3)"
donatarias_21440,1021,FUNDACION CIEGOS CON TEMPLE,FUNDACION CIEGOS CON TEMPLE,Inscrita,https://donacionesley21440.gob.cl/registro-publico?n=1021,RUT_DIRECT,STRONG_LEGAL_REGISTRY,,,"ReadTimeout: HTTPSConnectionPool(host='donacionesley21440.gob.cl', port=443): Read timed out. (read timeout=3)"
donatarias_21440,1020,FUNDACIÓN  CHILE MESTIZO,FUNDACION CHILE MESTIZO,Inscrita,https://donacionesley21440.gob.cl/registro-publico?n=1020,RUT_DIRECT,STRONG_LEGAL_REGISTRY,,,"ReadTimeout: HTTPSConnectionPool(host='donacionesley21440.gob.cl', port=443): Read timed out. (read timeout=3)"
donatarias_21440,1019,FUDACIÓN PERRIOTT CANINO,FUDACION PERRIOTT CANINO,Inscrita,https://donacionesley21440.gob.cl/registro-publico?n=1019,RUT_DIRECT,STRONG_LEGAL_REGISTRY,,,"ReadTimeout: HTTPSConnectionPool(host='donacionesley21440.gob.cl', port=443): Read timed out. (read timeout=3)"
donatarias_21440,1018,CUERPO DE BOMBEROS DE VALPARAISO,CUERPO DE BOMBEROS DE VALPARAISO,Inscrita,https://donacionesley21440.gob.cl/registro-publico?n=1018,RUT_DIRECT,STRONG_LEGAL_REGISTRY,,,"ReadTimeout: HTTPSConnectionPool(host='donacionesley21440.gob.cl', port=443): Read timed out. (read timeout=3)"
donatarias_21440,1017,CORPORACIÓN DE DESARROLLO CULTURAL Y PATRIMONIAL DE LOS PUEBLOS ORIGINARIOS,CORPORACION DE DESARROLLO CULTURAL Y PATRIMONIAL DE LOS PUEBLOS ORIGINARIOS,Inscrita,https://donacionesley21440.gob.cl/registro-publico?n=1017,RUT_DIRECT,STRONG_LEGAL_REGISTRY,,,"ReadTimeout: HTTPSConnectionPool(host='donacionesley21440.gob.cl', port=443): Read timed out. (read timeout=3)"
donatarias_21440,1016,CORPORACIÓN CAMBIEMOS CHILE,CORPORACION CAMBIEMOS CHILE,Inscrita,https://donacionesley21440.gob.cl/registro-publico?n=1016,RUT_DIRECT,STRONG_LEGAL_REGISTRY,,,"ReadTimeout: HTTPSConnectionPool(host='donacionesley21440.gob.cl', port=443): Read timed out. (read timeout=3)"
donatarias_21440,1015,FUNDACION SOMOS UP,FUNDACION SOMOS UP,Inscrita,https://donacionesley21440.gob.cl/registro-publico?n=1015,RUT_DIRECT,STRONG_LEGAL_REGISTRY,,,"ReadTimeout: HTTPSConnectionPool(host='donacionesley21440.gob.cl', port=443): Read timed out. (read timeout=3)"
donatarias_21440,1014,FUNDACION SANTUARIO EMPATIA,FUNDACION SANTUARIO EMPATIA,Inscrita,https://donacionesley21440.gob.cl/registro-publico?n=1014,RUT_DIRECT,STRONG_LEGAL_REGISTRY,,,"ReadTimeout: HTTPSConnectionPool(host='donacionesley21440.gob.cl', port=443): Read timed out. (read timeout=3)"
donatarias_21440,1013,FUNDACION PROACOGIDA,FUNDACION PROACOGIDA,Inscrita,https://donacionesley21440.gob.cl/registro-publico?n=1013,RUT_DIRECT,STRONG_LEGAL_REGISTRY,,,"ReadTimeout: HTTPSConnectionPool(host='donacionesley21440.gob.cl', port=443): Read timed out. (read timeout=3)"
donatarias_21440,1012,FUNDACIÓN PATRONATO DE LOS SAGRADOS CORAZONES,FUNDACION PATRONATO DE LOS SAGRADOS CORAZONES,Inscrita,https://donacionesley21440.gob.cl/registro-publico?n=1012,RUT_DIRECT,STRONG_LEGAL_REGISTRY,,,"ReadTimeout: HTTPSConnectionPool(host='donacionesley21440.gob.cl', port=443): Read timed out. (read timeout=3)"
donatarias_21440,1011,FUNDACION INNOQUIDAD,FUNDACION INNOQUIDAD,Inscrita,https://donacionesley21440.gob.cl/registro-publico?n=1011,RUT_DIRECT,STRONG_LEGAL_REGISTRY,65199818-2,ENT-RUT-65199818-2,
donatarias_21440,1010,FUNDACIÓN FRAUNHOFER CHILE RESEARCH,FUNDACION FRAUNHOFER CHILE RESEARCH,Inscrita,https://donacionesley21440.gob.cl/registro-publico?n=1010,RUT_DIRECT,STRONG_LEGAL_REGISTRY,65033192-3,ENT-RUT-65033192-3,
donatarias_21440,1009,FUNDACIÓN ENTIDAD PEDAGÓGICA Y TÉCNICA DE APOYO ZIG ZAG CAPACITACIÓN,FUNDACION ENTIDAD PEDAGOGICA Y TECNICA DE APOYO ZIG ZAG CAPACITACION,Inscrita,https://donacionesley21440.gob.cl/registro-publico?n=1009,RUT_DIRECT,STRONG_LEGAL_REGISTRY,76624670-2,ENT-RUT-76624670-2,
donatarias_21440,1008,FUNDACIÓN DE LA INDIA EN CHILE,FUNDACION DE LA INDIA EN CHILE,Inscrita,https://donacionesley21440.gob.cl/registro-publico?n=1008,RUT_DIRECT,STRONG_LEGAL_REGISTRY,65140668-4,ENT-RUT-65140668-4,
donatarias_21440,1007,FUNDACIÓN BUENAS RAÍCES,FUNDACION BUENAS RAICES,Inscrita,https://donacionesley21440.gob.cl/registro-publico?n=1007,RUT_DIRECT,STRONG_LEGAL_REGISTRY,,,"ReadTimeout: HTTPSConnectionPool(host='donacionesley21440.gob.cl', port=443): Read timed out. (read timeout=3)"
donatarias_21440,1006,FUNDACIÓN ARICA DOWN,FUNDACION ARICA DOWN,Inscrita,https://donacionesley21440.gob.cl/registro-publico?n=1006,RUT_DIRECT,STRONG_LEGAL_REGISTRY,,,"ReadTimeout: HTTPSConnectionPool(host='donacionesley21440.gob.cl', port=443): Read timed out. (read timeout=3)"
donatarias_21440,1005,ORGANIZACION NO GUBERNAMENTAL DE DESARROLLO HIPOTERAPIA AZAPA U O.N.G HIPOTERAPIA AZAPA,ORGANIZACION NO GUBERNAMENTAL DE DESARROLLO HIPOTERAPIA AZAPA U O N G HIPOTERAPIA AZAPA,Inscrita,https://donacionesley21440.gob.cl/registro-publico?n=1005,RUT_DIRECT,STRONG_LEGAL_REGISTRY,,,"ReadTimeout: HTTPSConnectionPool(host='donacionesley21440.gob.cl', port=443): Read timed out. (read timeout=3)"
donatarias_21440,1004,FUNDACIÓN TEXTIL CIRCULAR,FUNDACION TEXTIL CIRCULAR,Inscrita,https://donacionesley21440.gob.cl/registro-publico?n=1004,RUT_DIRECT,STRONG_LEGAL_REGISTRY,,,"ReadTimeout: HTTPSConnectionPool(host='donacionesley21440.gob.cl', port=443): Read timed out. (read timeout=3)"
donatarias_21440,1003,FUNDACION PARA EL ARTE Y LA CULTURA DE FRUTILLAR,FUNDACION PARA EL ARTE Y LA CULTURA DE FRUTILLAR,Inscrita,https://donacionesley21440.gob.cl/registro-publico?n=1003,RUT_DIRECT,STRONG_LEGAL_REGISTRY,,,"ReadTimeout: HTTPSConnectionPool(host='donacionesley21440.gob.cl', port=443): Read timed out. (read timeout=3)"
donatarias_21440,1002,FUNDACION ÑACURUTU,FUNDACION NACURUTU,Inscrita,https://donacionesley21440.gob.cl/registro-publico?n=1002,RUT_DIRECT,STRONG_LEGAL_REGISTRY,,,"ReadTimeout: HTTPSConnectionPool(host='donacionesley21440.gob.cl', port=443): Read timed out. (read timeout=3)"
donatarias_21440,1001,FUNDACIÓN DE BENEFICENCIA HOGAR DE NIÑOS SAN JOSÉ,FUNDACION DE BENEFICENCIA HOGAR DE NINOS SAN JOSE,Inscrita,https://donacionesley21440.gob.cl/registro-publico?n=1001,RUT_DIRECT,STRONG_LEGAL_REGISTRY,,,"ReadTimeout: HTTPSConnectionPool(host='donacionesley21440.gob.cl', port=443): Read timed out. (read timeout=3)"
donatarias_21440,1000,FUNDACIÓN CRECER,FUNDACION CRECER,Inscrita,https://donacionesley21440.gob.cl/registro-publico?n=1000,RUT_DIRECT,STRONG_LEGAL_REGISTRY,,,"ReadTimeout: HTTPSConnectionPool(host='donacionesley21440.gob.cl', port=443): Read timed out. (read timeout=3)"
donatarias_21440,999,FUNDACIÓN AMARTE,FUNDACION AMARTE,Inscrita,https://donacionesley21440.gob.cl/registro-publico?n=999,RUT_DIRECT,STRONG_LEGAL_REGISTRY,,,"ReadTimeout: HTTPSConnectionPool(host='donacionesley21440.gob.cl', port=443): Read timed out. (read timeout=3)"
donatarias_21440,998,CORPORACIÓN RED DE OBSERVADORES DE AVES DE CHILE,CORPORACION RED DE OBSERVADORES DE AVES DE CHILE,Inscrita,https://donacionesley21440.gob.cl/registro-publico?n=998,RUT_DIRECT,STRONG_LEGAL_REGISTRY,,,"ReadTimeout: HTTPSConnectionPool(host='donacionesley21440.gob.cl', port=443): Read timed out. (read timeout=3)"
donatarias_21440,997,CORPORACION NACIONAL DE MUJERES DE LA PESCA ARTESANAL,CORPORACION NACIONAL DE MUJERES DE LA PESCA ARTESANAL,Inscrita,https://donacionesley21440.gob.cl/registro-publico?n=997,RUT_DIRECT,STRONG_LEGAL_REGISTRY,,,"ReadTimeout: HTTPSConnectionPool(host='donacionesley21440.gob.cl', port=443): Read timed out. (read timeout=3)"
donatarias_21440,996,CORPORACIÓN ERES21 ENCUENTRO RED EDUCADORES SIGLO 21,CORPORACION ERES21 ENCUENTRO RED EDUCADORES SIGLO 21,Inscrita,https://donacionesley21440.gob.cl/registro-publico?n=996,RUT_DIRECT,STRONG_LEGAL_REGISTRY,,,"ReadTimeout: HTTPSConnectionPool(host='donacionesley21440.gob.cl', port=443): Read timed out. (read timeout=3)"
donatarias_21440,995,ASOCIACIÓN CHILENA DE XLH Y OTROS RAQUITISMOS HEREDITARIOS,ASOCIACION CHILENA DE XLH Y OTROS RAQUITISMOS HEREDITARIOS,Inscrita,https://donacionesley21440.gob.cl/registro-publico?n=995,RUT_DIRECT,STRONG_LEGAL_REGISTRY,,,"ReadTimeout: HTTPSConnectionPool(host='donacionesley21440.gob.cl', port=443): Read timed out. (read timeout=3)"
donatarias_21440,994,FUNDACION UN DOS TRES POR TI,FUNDACION UN DOS TRES POR TI,Inscrita,https://donacionesley21440.gob.cl/registro-publico?n=994,RUT_DIRECT,STRONG_LEGAL_REGISTRY,,,"ReadTimeout: HTTPSConnectionPool(host='donacionesley21440.gob.cl', port=443): Read timed out. (read timeout=3)"
donatarias_21440,993,FUNDACION SEMBRANDO FELICIDAD,FUNDACION SEMBRANDO FELICIDAD,Inscrita,https://donacionesley21440.gob.cl/registro-publico?n=993,RUT_DIRECT,STRONG_LEGAL_REGISTRY,,,"ReadTimeout: HTTPSConnectionPool(host='donacionesley21440.gob.cl', port=443): Read timed out. (read timeout=3)"
donatarias_21440,992,FUNDACION RUPERTO LECAROS IZQUIERDO,FUNDACION RUPERTO LECAROS IZQUIERDO,Inscrita,https://donacionesley21440.gob.cl/registro-publico?n=992,RUT_DIRECT,STRONG_LEGAL_REGISTRY,,,"ReadTimeout: HTTPSConnectionPool(host='donacionesley21440.gob.cl', port=443): Read timed out. (read timeout=3)"
donatarias_21440,991,FUNDACION PROYECTO HUERTO,FUNDACION PROYECTO HUERTO,Inscrita,https://donacionesley21440.gob.cl/registro-publico?n=991,RUT_DIRECT,STRONG_LEGAL_REGISTRY,,,"ReadTimeout: HTTPSConnectionPool(host='donacionesley21440.gob.cl', port=443): Read timed out. (read timeout=3)"
donatarias_21440,990,FUNDACIÓN GLOBAL CARE LATINOAMÉRICA,FUNDACION GLOBAL CARE LATINOAMERICA,Inscrita,https://donacionesley21440.gob.cl/registro-publico?n=990,RUT_DIRECT,STRONG_LEGAL_REGISTRY,65214907-3,ENT-RUT-65214907-3,
donatarias_21440,989,FUNDACIÓN APANINES,FUNDACION APANINES,Inscrita,https://donacionesley21440.gob.cl/registro-publico?n=989,RUT_DIRECT,STRONG_LEGAL_REGISTRY,65068774-4,ENT-RUT-65068774-4,
donatarias_21440,988,FUNDACION WOMEN IN FINANCE,FUNDACION WOMEN IN FINANCE,Inscrita,https://donacionesley21440.gob.cl/registro-publico?n=988,RUT_DIRECT,STRONG_LEGAL_REGISTRY,,,"ReadTimeout: HTTPSConnectionPool(host='donacionesley21440.gob.cl', port=443): Read timed out. (read timeout=3)"
donatarias_21440,987,FUNDACIÓN POR UNA CARRERA,FUNDACION POR UNA CARRERA,Inscrita,https://donacionesley21440.gob.cl/registro-publico?n=987,RUT_DIRECT,STRONG_LEGAL_REGISTRY,,,"ReadTimeout: HTTPSConnectionPool(host='donacionesley21440.gob.cl', port=443): Read timed out. (read timeout=3)"
donatarias_21440,986,FUNDACION EDUCATIVA NYV ALIANZA ESTRATEGICA,FUNDACION EDUCATIVA NYV ALIANZA ESTRATEGICA,Inscrita,https://donacionesley21440.gob.cl/registro-publico?n=986,RUT_DIRECT,STRONG_LEGAL_REGISTRY,,,"ReadTimeout: HTTPSConnectionPool(host='donacionesley21440.gob.cl', port=443): Read timed out. (read timeout=3)"
donatarias_21440,985,CORPORACION MUNICIPAL VIÑA DEL MAR PARA EL DESARROLLO SOCIAL,CORPORACION MUNICIPAL VINA DEL MAR PARA EL DESARROLLO SOCIAL,Inscrita,https://donacionesley21440.gob.cl/registro-publico?n=985,RUT_DIRECT,STRONG_LEGAL_REGISTRY,,,"ReadTimeout: HTTPSConnectionPool(host='donacionesley21440.gob.cl', port=443): Read timed out. (read timeout=3)"
donatarias_21440,984,"ONG NEYUN, EDUCACIÓN EN ARMONÍA",ONG NEYUN EDUCACION EN ARMONIA,Inscrita,https://donacionesley21440.gob.cl/registro-publico?n=984,RUT_DIRECT,STRONG_LEGAL_REGISTRY,,,"ReadTimeout: HTTPSConnectionPool(host='donacionesley21440.gob.cl', port=443): Read timed out. (read timeout=3)"
donatarias_21440,983,FUNDACION VERA KOCAROVA,FUNDACION VERA KOCAROVA,Inscrita,https://donacionesley21440.gob.cl/registro-publico?n=983,RUT_DIRECT,STRONG_LEGAL_REGISTRY,,,"ReadTimeout: HTTPSConnectionPool(host='donacionesley21440.gob.cl', port=443): Read timed out. (read timeout=3)"
donatarias_21440,982,FUNDACION ROXY,FUNDACION ROXY,Inscrita,https://donacionesley21440.gob.cl/registro-publico?n=982,RUT_DIRECT,STRONG_LEGAL_REGISTRY,,,"ReadTimeout: HTTPSConnectionPool(host='donacionesley21440.gob.cl', port=443): Read timed out. (read timeout=3)"
donatarias_21440,981,FUNDACION EMILIA SILVA FIGUEROA VICTIMAS DE ACCIDENTES,FUNDACION EMILIA SILVA FIGUEROA VICTIMAS DE ACCIDENTES,Inscrita,https://donacionesley21440.gob.cl/registro-publico?n=981,RUT_DIRECT,STRONG_LEGAL_REGISTRY,,,"ReadTimeout: HTTPSConnectionPool(host='donacionesley21440.gob.cl', port=443): Read timed out. (read timeout=3)"
donatarias_21440,980,FUNDACIÓN ECOFARMACOVIGILANCIA CHILE,FUNDACION ECOFARMACOVIGILANCIA CHILE,Inscrita,https://donacionesley21440.gob.cl/registro-publico?n=980,RUT_DIRECT,STRONG_LEGAL_REGISTRY,,,"ReadTimeout: HTTPSConnectionPool(host='donacionesley21440.gob.cl', port=443): Read timed out. (read timeout=3)"
donatarias_21440,979,CUERPO  DE BOMBEROS LAGO RANCO,CUERPO DE BOMBEROS LAGO RANCO,Inscrita,https://donacionesley21440.gob.cl/registro-publico?n=979,RUT_DIRECT,STRONG_LEGAL_REGISTRY,,,"ReadTimeout: HTTPSConnectionPool(host='donacionesley21440.gob.cl', port=443): Read timed out. (read timeout=3)"
donatarias_21440,978,CORPORACIÓN TROQUEL PARA EL FOMENTO DE LA LECTURA,CORPORACION TROQUEL PARA EL FOMENTO DE LA LECTURA,Inscrita,https://donacionesley21440.gob.cl/registro-publico?n=978,RUT_DIRECT,STRONG_LEGAL_REGISTRY,,,"ReadTimeout: HTTPSConnectionPool(host='donacionesley21440.gob.cl', port=443): Read timed out. (read timeout=3)"
donatarias_21440,977,CORPORACIÓN PATRIMONIAL POBLACIÓN OBRERO FERROVIARIO SAN BERNARDO,CORPORACION PATRIMONIAL POBLACION OBRERO FERROVIARIO SAN BERNARDO,Inscrita,https://donacionesley21440.gob.cl/registro-publico?n=977,RUT_DIRECT,STRONG_LEGAL_REGISTRY,,,"ReadTimeout: HTTPSConnectionPool(host='donacionesley21440.gob.cl', port=443): Read timed out. (read timeout=3)"
donatarias_21440,976,FUNDACION PARA LA EDUCACION Y SALUD NATURA,FUNDACION PARA LA EDUCACION Y SALUD NATURA,Inscrita,https://donacionesley21440.gob.cl/registro-publico?n=976,RUT_DIRECT,STRONG_LEGAL_REGISTRY,,,"ReadTimeout: HTTPSConnectionPool(host='donacionesley21440.gob.cl', port=443): Read timed out. (read timeout=3)"
donatarias_21440,975,FUNDACION VALOR DE MUJER,FUNDACION VALOR DE MUJER,Inscrita,https://donacionesley21440.gob.cl/registro-publico?n=975,RUT_DIRECT,STRONG_LEGAL_REGISTRY,,,"ReadTimeout: HTTPSConnectionPool(host='donacionesley21440.gob.cl', port=443): Read timed out. (read timeout=3)"
donatarias_21440,974,FUNDACIÓN SIETE GENERACIONES,FUNDACION SIETE GENERACIONES,Inscrita,https://donacionesley21440.gob.cl/registro-publico?n=974,RUT_DIRECT,STRONG_LEGAL_REGISTRY,,,"ReadTimeout: HTTPSConnectionPool(host='donacionesley21440.gob.cl', port=443): Read timed out. (read timeout=3)"
donatarias_21440,973,FUNDACION REYES DEL MUNDO,FUNDACION REYES DEL MUNDO,Eliminada,https://donacionesley21440.gob.cl/registro-publico?n=973,RUT_DIRECT,STRONG_LEGAL_REGISTRY,,,"ReadTimeout: HTTPSConnectionPool(host='donacionesley21440.gob.cl', port=443): Read timed out. (read timeout=3)"
donatarias_21440,972,FUNDACIÓN RESCATADOS EN BUSCA DE FAMILIA,FUNDACION RESCATADOS EN BUSCA DE FAMILIA,Inscrita,https://donacionesley21440.gob.cl/registro-publico?n=972,RUT_DIRECT,STRONG_LEGAL_REGISTRY,,,"ReadTimeout: HTTPSConnectionPool(host='donacionesley21440.gob.cl', port=443): Read timed out. (read timeout=3)"
donatarias_21440,971,FUNDACION MINGA VALPO,FUNDACION MINGA VALPO,Inscrita,https://donacionesley21440.gob.cl/registro-publico?n=971,RUT_DIRECT,STRONG_LEGAL_REGISTRY,,,"ReadTimeout: HTTPSConnectionPool(host='donacionesley21440.gob.cl', port=443): Read timed out. (read timeout=3)"
donatarias_21440,970,FUNDACION LA TRIBU SOMOS,FUNDACION LA TRIBU SOMOS,Eliminada,https://donacionesley21440.gob.cl/registro-publico?n=970,RUT_DIRECT,STRONG_LEGAL_REGISTRY,,,"ReadTimeout: HTTPSConnectionPool(host='donacionesley21440.gob.cl', port=443): Read timed out. (read timeout=3)"
donatarias_21440,969,FUNDACION GRANDES VALORES,FUNDACION GRANDES VALORES,Inscrita,https://donacionesley21440.gob.cl/registro-publico?n=969,RUT_DIRECT,STRONG_LEGAL_REGISTRY,,,"ReadTimeout: HTTPSConnectionPool(host='donacionesley21440.gob.cl', port=443): Read timed out. (read timeout=3)"
donatarias_21440,968,FUNDACION EDUCACIONAL SUMATE PADRE ALVARO LAVIN,FUNDACION EDUCACIONAL SUMATE PADRE ALVARO LAVIN,Inscrita,https://donacionesley21440.gob.cl/registro-publico?n=968,RUT_DIRECT,STRONG_LEGAL_REGISTRY,,,"ReadTimeout: HTTPSConnectionPool(host='donacionesley21440.gob.cl', port=443): Read timed out. (read timeout=3)"
donatarias_21440,967,FUNDACIÓN DE BENEFICENCIA SOLEA,FUNDACION DE BENEFICENCIA SOLEA,Eliminada,https://donacionesley21440.gob.cl/registro-publico?n=967,RUT_DIRECT,STRONG_LEGAL_REGISTRY,,,"ReadTimeout: HTTPSConnectionPool(host='donacionesley21440.gob.cl', port=443): Read timed out. (read timeout=3)"
donatarias_21440,966,FUNDACIÓN CIENCIA IMPACTA,FUNDACION CIENCIA IMPACTA,Inscrita,https://donacionesley21440.gob.cl/registro-publico?n=966,RUT_DIRECT,STRONG_LEGAL_REGISTRY,,,"ReadTimeout: HTTPSConnectionPool(host='donacionesley21440.gob.cl', port=443): Read timed out. (read timeout=3)"
donatarias_21440,965,FUNDACIÓN CHILENA PARA EL DESARROLLO DE COMPETENCIAS,FUNDACION CHILENA PARA EL DESARROLLO DE COMPETENCIAS,Inscrita,https://donacionesley21440.gob.cl/registro-publico?n=965,RUT_DIRECT,STRONG_LEGAL_REGISTRY,,,"ReadTimeout: HTTPSConnectionPool(host='donacionesley21440.gob.cl', port=443): Read timed out. (read timeout=3)"
donatarias_21440,964,FUNDACIÓN BUDISTA MAHAYANA OTZER LING CHILE,FUNDACION BUDISTA MAHAYANA OTZER LING CHILE,Inscrita,https://donacionesley21440.gob.cl/registro-publico?n=964,RUT_DIRECT,STRONG_LEGAL_REGISTRY,,,"ReadTimeout: HTTPSConnectionPool(host='donacionesley21440.gob.cl', port=443): Read timed out. (read timeout=3)"
donatarias_21440,963,FUNDACIÓN AMIGOS DE JESUS,FUNDACION AMIGOS DE JESUS,Inscrita,https://donacionesley21440.gob.cl/registro-publico?n=963,RUT_DIRECT,STRONG_LEGAL_REGISTRY,,,"ReadTimeout: HTTPSConnectionPool(host='donacionesley21440.gob.cl', port=443): Read timed out. (read timeout=3)"
donatarias_21440,962,CORPORACIÓN MIRADA ANIMAL CHILE,CORPORACION MIRADA ANIMAL CHILE,Inscrita,https://donacionesley21440.gob.cl/registro-publico?n=962,RUT_DIRECT,STRONG_LEGAL_REGISTRY,,,"ReadTimeout: HTTPSConnectionPool(host='donacionesley21440.gob.cl', port=443): Read timed out. (read timeout=3)"
donatarias_21440,961,CORPORACION ESPINA BIFIDA,CORPORACION ESPINA BIFIDA,Inscrita,https://donacionesley21440.gob.cl/registro-publico?n=961,RUT_DIRECT,STRONG_LEGAL_REGISTRY,,,"ReadTimeout: HTTPSConnectionPool(host='donacionesley21440.gob.cl', port=443): Read timed out. (read timeout=3)"
donatarias_21440,960,CORPORACION DE DESARROLLO TURISTICO Y TERRITORIAL CHILE AUSTRAL,CORPORACION DE DESARROLLO TURISTICO Y TERRITORIAL CHILE AUSTRAL,Inscrita,https://donacionesley21440.gob.cl/registro-publico?n=960,RUT_DIRECT,STRONG_LEGAL_REGISTRY,,,"ReadTimeout: HTTPSConnectionPool(host='donacionesley21440.gob.cl', port=443): Read timed out. (read timeout=3)"
donatarias_21440,959,CORP DE SOCIOS AMIGOS DEL CUERPO DE BOMBEROS DE NUNOA,CORP DE SOCIOS AMIGOS DEL CUERPO DE BOMBEROS DE NUNOA,Inscrita,https://donacionesley21440.gob.cl/registro-publico?n=959,RUT_DIRECT,STRONG_LEGAL_REGISTRY,,,"ReadTimeout: HTTPSConnectionPool(host='donacionesley21440.gob.cl', port=443): Read timed out. (read timeout=3)"
donatarias_21440,958,FUNDACIÓN ENTRE TRIBUS,FUNDACION ENTRE TRIBUS,Inscrita,https://donacionesley21440.gob.cl/registro-publico?n=958,RUT_DIRECT,STRONG_LEGAL_REGISTRY,,,"ReadTimeout: HTTPSConnectionPool(host='donacionesley21440.gob.cl', port=443): Read timed out. (read timeout=3)"
donatarias_21440,957,FUNDACIÓN JARDÍN BOTÁNICO NACIONAL DE VIÑA DEL MAR,FUNDACION JARDIN BOTANICO NACIONAL DE VINA DEL MAR,Inscrita,https://donacionesley21440.gob.cl/registro-publico?n=957,RUT_DIRECT,STRONG_LEGAL_REGISTRY,,,"ReadTimeout: HTTPSConnectionPool(host='donacionesley21440.gob.cl', port=443): Read timed out. (read timeout=3)"
donatarias_21440,956,ONG DE DESARROLLO AVES RAPACES DE CHILE,ONG DE DESARROLLO AVES RAPACES DE CHILE,Inscrita,https://donacionesley21440.gob.cl/registro-publico?n=956,RUT_DIRECT,STRONG_LEGAL_REGISTRY,,,"ReadTimeout: HTTPSConnectionPool(host='donacionesley21440.gob.cl', port=443): Read timed out. (read timeout=3)"
donatarias_21440,955,FUNDACION IDEAS PARA LA INFANCIA,FUNDACION IDEAS PARA LA INFANCIA,Inscrita,https://donacionesley21440.gob.cl/registro-publico?n=955,RUT_DIRECT,STRONG_LEGAL_REGISTRY,,,"ReadTimeout: HTTPSConnectionPool(host='donacionesley21440.gob.cl', port=443): Read timed out. (read timeout=3)"
donatarias_21440,954,FUNDACIÓN HERA,FUNDACION HERA,Eliminada,https://donacionesley21440.gob.cl/registro-publico?n=954,RUT_DIRECT,STRONG_LEGAL_REGISTRY,,,"ReadTimeout: HTTPSConnectionPool(host='donacionesley21440.gob.cl', port=443): Read timed out. (read timeout=3)"
donatarias_21440,953,FUNDACIÓN EDUCACIONAL LA ASUNCIÓN DE TALCAHUANO,FUNDACION EDUCACIONAL LA ASUNCION DE TALCAHUANO,Inscrita,https://donacionesley21440.gob.cl/registro-publico?n=953,RUT_DIRECT,STRONG_LEGAL_REGISTRY,,,"ReadTimeout: HTTPSConnectionPool(host='donacionesley21440.gob.cl', port=443): Read timed out. (read timeout=3)"
donatarias_21440,952,FUNDACION EDUCACIONAL ALBERT EINSTEIN,FUNDACION EDUCACIONAL ALBERT EINSTEIN,Inscrita,https://donacionesley21440.gob.cl/registro-publico?n=952,RUT_DIRECT,STRONG_LEGAL_REGISTRY,,,"ReadTimeout: HTTPSConnectionPool(host='donacionesley21440.gob.cl', port=443): Read timed out. (read timeout=3)"
donatarias_21440,951,FUNDACIÓN EDUCA-ACCIÓN,FUNDACION EDUCA ACCION,Inscrita,https://donacionesley21440.gob.cl/registro-publico?n=951,RUT_DIRECT,STRONG_LEGAL_REGISTRY,,,"ReadTimeout: HTTPSConnectionPool(host='donacionesley21440.gob.cl', port=443): Read timed out. (read timeout=3)"
donatarias_21440,950,CORPORACION CENTRO DE INFORMACION PALESTINA,CORPORACION CENTRO DE INFORMACION PALESTINA,Inscrita,https://donacionesley21440.gob.cl/registro-publico?n=950,RUT_DIRECT,STRONG_LEGAL_REGISTRY,,,"ReadTimeout: HTTPSConnectionPool(host='donacionesley21440.gob.cl', port=443): Read timed out. (read timeout=3)"
donatarias_21440,949,SOCIEDAD GEOGRÁFICA DE DOCUMENTACIÓN ANDINA,SOCIEDAD GEOGRAFICA DE DOCUMENTACION ANDINA,Inscrita,https://donacionesley21440.gob.cl/registro-publico?n=949,RUT_DIRECT,STRONG_LEGAL_REGISTRY,,,"ReadTimeout: HTTPSConnectionPool(host='donacionesley21440.gob.cl', port=443): Read timed out. (read timeout=3)"
donatarias_21440,948,ORGANIZACION NO GUBERNAMENTAL DESARROLLO TAMBO VIVO U O.N.G TAMBO VIVO,ORGANIZACION NO GUBERNAMENTAL DESARROLLO TAMBO VIVO U O N G TAMBO VIVO,Eliminada,https://donacionesley21440.gob.cl/registro-publico?n=948,RUT_DIRECT,STRONG_LEGAL_REGISTRY,,,"ReadTimeout: HTTPSConnectionPool(host='donacionesley21440.gob.cl', port=443): Read timed out. (read timeout=3)"
donatarias_21440,947,OBISPADO DE VALDIVIA,OBISPADO DE VALDIVIA,Inscrita,https://donacionesley21440.gob.cl/registro-publico?n=947,RUT_DIRECT,STRONG_LEGAL_REGISTRY,,,"ReadTimeout: HTTPSConnectionPool(host='donacionesley21440.gob.cl', port=443): Read timed out. (read timeout=3)"
donatarias_21440,946,IGLESIA EVANGELICA LUTERANA DE VALDIVIA,IGLESIA EVANGELICA LUTERANA DE VALDIVIA,Inscrita,https://donacionesley21440.gob.cl/registro-publico?n=946,RUT_DIRECT,STRONG_LEGAL_REGISTRY,,,"ReadTimeout: HTTPSConnectionPool(host='donacionesley21440.gob.cl', port=443): Read timed out. (read timeout=3)"
donatarias_21440,945,IGLESIA EVANGELICA INTER SOLDADOS DE LA CRUZ DE CRISTO,IGLESIA EVANGELICA INTER SOLDADOS DE LA CRUZ DE CRISTO,Inscrita,https://donacionesley21440.gob.cl/registro-publico?n=945,RUT_DIRECT,STRONG_LEGAL_REGISTRY,70510900-1,ENT-RUT-70510900-1,
donatarias_21440,944,IGLESIA CRISTIANA LA VIÑA DE PUERTO MONTT,IGLESIA CRISTIANA LA VINA DE PUERTO MONTT,Inscrita,https://donacionesley21440.gob.cl/registro-publico?n=944,RUT_DIRECT,STRONG_LEGAL_REGISTRY,,,"ReadTimeout: HTTPSConnectionPool(host='donacionesley21440.gob.cl', port=443): Read timed out. (read timeout=3)"
donatarias_21440,943,HOGAR DE ANCIANOS SAN JOSÉ,HOGAR DE ANCIANOS SAN JOSE,Inscrita,https://donacionesley21440.gob.cl/registro-publico?n=943,RUT_DIRECT,STRONG_LEGAL_REGISTRY,,,"ReadTimeout: HTTPSConnectionPool(host='donacionesley21440.gob.cl', port=443): Read timed out. (read timeout=3)"
donatarias_21440,942,FUNDACION VICTOR JARA,FUNDACION VICTOR JARA,Inscrita,https://donacionesley21440.gob.cl/registro-publico?n=942,RUT_DIRECT,STRONG_LEGAL_REGISTRY,,,"ReadTimeout: HTTPSConnectionPool(host='donacionesley21440.gob.cl', port=443): Read timed out. (read timeout=3)"
donatarias_21440,941,FUNDACION TABERNACULO,FUNDACION TABERNACULO,Inscrita,https://donacionesley21440.gob.cl/registro-publico?n=941,RUT_DIRECT,STRONG_LEGAL_REGISTRY,,,"ReadTimeout: HTTPSConnectionPool(host='donacionesley21440.gob.cl', port=443): Read timed out. (read timeout=3)"
donatarias_21440,940,FUNDACION SUMMER,FUNDACION SUMMER,Inscrita,https://donacionesley21440.gob.cl/registro-publico?n=940,RUT_DIRECT,STRONG_LEGAL_REGISTRY,,,"ReadTimeout: HTTPSConnectionPool(host='donacionesley21440.gob.cl', port=443): Read timed out. (read timeout=3)"
donatarias_21440,939,FUNDACION S.O.S LEGAL,FUNDACION S O S LEGAL,Inscrita,https://donacionesley21440.gob.cl/registro-publico?n=939,RUT_DIRECT,STRONG_LEGAL_REGISTRY,,,"ReadTimeout: HTTPSConnectionPool(host='donacionesley21440.gob.cl', port=443): Read timed out. (read timeout=3)"
donatarias_21440,938,FUNDACION RESCATE DE MASCOTAS CHILE,FUNDACION RESCATE DE MASCOTAS CHILE,Inscrita,https://donacionesley21440.gob.cl/registro-publico?n=938,RUT_DIRECT,STRONG_LEGAL_REGISTRY,,,"ReadTimeout: HTTPSConnectionPool(host='donacionesley21440.gob.cl', port=443): Read timed out. (read timeout=3)"
donatarias_21440,937,FUNDACION RESCATANDO PATITAS CHILE,FUNDACION RESCATANDO PATITAS CHILE,Inscrita,https://donacionesley21440.gob.cl/registro-publico?n=937,RUT_DIRECT,STRONG_LEGAL_REGISTRY,,,"ReadTimeout: HTTPSConnectionPool(host='donacionesley21440.gob.cl', port=443): Read timed out. (read timeout=3)"
donatarias_21440,936,FUNDACION REFORESTEMOS,FUNDACION REFORESTEMOS,Inscrita,https://donacionesley21440.gob.cl/registro-publico?n=936,RUT_DIRECT,STRONG_LEGAL_REGISTRY,,,"ReadTimeout: HTTPSConnectionPool(host='donacionesley21440.gob.cl', port=443): Read timed out. (read timeout=3)"
donatarias_21440,935,FUNDACION REACTIVATE HOY,FUNDACION REACTIVATE HOY,Inscrita,https://donacionesley21440.gob.cl/registro-publico?n=935,RUT_DIRECT,STRONG_LEGAL_REGISTRY,65229332-8,ENT-RUT-65229332-8,
donatarias_21440,934,FUNDACIÓN POR EL DERECHO A JUGAR,FUNDACION POR EL DERECHO A JUGAR,Inscrita,https://donacionesley21440.gob.cl/registro-publico?n=934,RUT_DIRECT,STRONG_LEGAL_REGISTRY,,,"ReadTimeout: HTTPSConnectionPool(host='donacionesley21440.gob.cl', port=443): Read timed out. (read timeout=3)"
donatarias_21440,933,FUNDACIÓN PAZ CIUDADANA,FUNDACION PAZ CIUDADANA,Inscrita,https://donacionesley21440.gob.cl/registro-publico?n=933,RUT_DIRECT,STRONG_LEGAL_REGISTRY,,,"ReadTimeout: HTTPSConnectionPool(host='donacionesley21440.gob.cl', port=443): Read timed out. (read timeout=3)"
donatarias_21440,932,FUNDACIÓN PARA EL DESARROLLO DE LAS ARTES Y LOS ARTISTAS COMUNIDAD ESCÉNICA,FUNDACION PARA EL DESARROLLO DE LAS ARTES Y LOS ARTISTAS COMUNIDAD ESCENICA,Inscrita,https://donacionesley21440.gob.cl/registro-publico?n=932,RUT_DIRECT,STRONG_LEGAL_REGISTRY,,,"ReadTimeout: HTTPSConnectionPool(host='donacionesley21440.gob.cl', port=443): Read timed out. (read timeout=3)"
donatarias_21440,931,FUNDACIÓN PAIDEIA,FUNDACION PAIDEIA,Inscrita,https://donacionesley21440.gob.cl/registro-publico?n=931,RUT_DIRECT,STRONG_LEGAL_REGISTRY,,,"ReadTimeout: HTTPSConnectionPool(host='donacionesley21440.gob.cl', port=443): Read timed out. (read timeout=3)"
donatarias_21440,930,FUNDACIÓN MOMENTO CONSTITUYENTE,FUNDACION MOMENTO CONSTITUYENTE,Inscrita,https://donacionesley21440.gob.cl/registro-publico?n=930,RUT_DIRECT,STRONG_LEGAL_REGISTRY,,,"ReadTimeout: HTTPSConnectionPool(host='donacionesley21440.gob.cl', port=443): Read timed out. (read timeout=3)"
donatarias_21440,929,FUNDACIÓN MECENAS PARA EL DESARROLLO Y FOMENTO DEL ARTE QUEER,FUNDACION MECENAS PARA EL DESARROLLO Y FOMENTO DEL ARTE QUEER,Inscrita,https://donacionesley21440.gob.cl/registro-publico?n=929,RUT_DIRECT,STRONG_LEGAL_REGISTRY,,,"ReadTimeout: HTTPSConnectionPool(host='donacionesley21440.gob.cl', port=443): Read timed out. (read timeout=3)"
donatarias_21440,928,FUNDACIÓN GRANJA MISERICORDIA,FUNDACION GRANJA MISERICORDIA,Inscrita,https://donacionesley21440.gob.cl/registro-publico?n=928,RUT_DIRECT,STRONG_LEGAL_REGISTRY,,,"ReadTimeout: HTTPSConnectionPool(host='donacionesley21440.gob.cl', port=443): Read timed out. (read timeout=3)"
donatarias_21440,927,FUNDACIÓN GÉNERO Y JUSTICIA,FUNDACION GENERO Y JUSTICIA,Inscrita,https://donacionesley21440.gob.cl/registro-publico?n=927,RUT_DIRECT,STRONG_LEGAL_REGISTRY,,,"ReadTimeout: HTTPSConnectionPool(host='donacionesley21440.gob.cl', port=443): Read timed out. (read timeout=3)"
donatarias_21440,926,FUNDACION FONOAUDIOLOGICA Y SOCIAL PIUKENYEYU,FUNDACION FONOAUDIOLOGICA Y SOCIAL PIUKENYEYU,Inscrita,https://donacionesley21440.gob.cl/registro-publico?n=926,RUT_DIRECT,STRONG_LEGAL_REGISTRY,,,"ReadTimeout: HTTPSConnectionPool(host='donacionesley21440.gob.cl', port=443): Read timed out. (read timeout=3)"
donatarias_21440,925,FUNDACIÓN ENLAZADOS,FUNDACION ENLAZADOS,Inscrita,https://donacionesley21440.gob.cl/registro-publico?n=925,RUT_DIRECT,STRONG_LEGAL_REGISTRY,,,"ReadTimeout: HTTPSConnectionPool(host='donacionesley21440.gob.cl', port=443): Read timed out. (read timeout=3)"
donatarias_21440,924,"FUNDACIÓN EDUCACIONAL, TERAPÉUTICA Y CULTURAL EUCARYA",FUNDACION EDUCACIONAL TERAPEUTICA Y CULTURAL EUCARYA,Inscrita,https://donacionesley21440.gob.cl/registro-publico?n=924,RUT_DIRECT,STRONG_LEGAL_REGISTRY,,,"ReadTimeout: HTTPSConnectionPool(host='donacionesley21440.gob.cl', port=443): Read timed out. (read timeout=3)"
donatarias_21440,923,FUNDACIÓN DE LAS FAMILIAS,FUNDACION DE LAS FAMILIAS,Inscrita,https://donacionesley21440.gob.cl/registro-publico?n=923,RUT_DIRECT,STRONG_LEGAL_REGISTRY,,,"ReadTimeout: HTTPSConnectionPool(host='donacionesley21440.gob.cl', port=443): Read timed out. (read timeout=3)"
donatarias_21440,922,FUNDACION DE DESARROLLO INTEGRAL PARA TODAS LAS EDADES,FUNDACION DE DESARROLLO INTEGRAL PARA TODAS LAS EDADES,Inscrita,https://donacionesley21440.gob.cl/registro-publico?n=922,RUT_DIRECT,STRONG_LEGAL_REGISTRY,,,"ReadTimeout: HTTPSConnectionPool(host='donacionesley21440.gob.cl', port=443): Read timed out. (read timeout=3)"
donatarias_21440,921,FUNDACION DE BENEFICENCIA PUBLICA VALORICA,FUNDACION DE BENEFICENCIA PUBLICA VALORICA,Inscrita,https://donacionesley21440.gob.cl/registro-publico?n=921,RUT_DIRECT,STRONG_LEGAL_REGISTRY,,,"ReadTimeout: HTTPSConnectionPool(host='donacionesley21440.gob.cl', port=443): Read timed out. (read timeout=3)"
donatarias_21440,920,FUNDACION DE BELLAS ARTES,FUNDACION DE BELLAS ARTES,Inscrita,https://donacionesley21440.gob.cl/registro-publico?n=920,RUT_DIRECT,STRONG_LEGAL_REGISTRY,,,"ReadTimeout: HTTPSConnectionPool(host='donacionesley21440.gob.cl', port=443): Read timed out. (read timeout=3)"
donatarias_21440,919,FUNDACION CRUZ DE PIEDRA,FUNDACION CRUZ DE PIEDRA,Inscrita,https://donacionesley21440.gob.cl/registro-publico?n=919,RUT_DIRECT,STRONG_LEGAL_REGISTRY,,,"ReadTimeout: HTTPSConnectionPool(host='donacionesley21440.gob.cl', port=443): Read timed out. (read timeout=3)"
donatarias_21440,918,FUNDACION COMPARTE,FUNDACION COMPARTE,Inscrita,https://donacionesley21440.gob.cl/registro-publico?n=918,RUT_DIRECT,STRONG_LEGAL_REGISTRY,,,"ReadTimeout: HTTPSConnectionPool(host='donacionesley21440.gob.cl', port=443): Read timed out. (read timeout=3)"
donatarias_21440,917,FUNDACION CO,FUNDACION CO,Inscrita,https://donacionesley21440.gob.cl/registro-publico?n=917,RUT_DIRECT,STRONG_LEGAL_REGISTRY,,,"ReadTimeout: HTTPSConnectionPool(host='donacionesley21440.gob.cl', port=443): Read timed out. (read timeout=3)"
donatarias_21440,916,FUNDACION CMPC,FUNDACION CMPC,Inscrita,https://donacionesley21440.gob.cl/registro-publico?n=916,RUT_DIRECT,STRONG_LEGAL_REGISTRY,,,"ReadTimeout: HTTPSConnectionPool(host='donacionesley21440.gob.cl', port=443): Read timed out. (read timeout=3)"
donatarias_21440,915,FUNDACIÓN CIVILIZACIÓN ECOLÓGICA,FUNDACION CIVILIZACION ECOLOGICA,Eliminada,https://donacionesley21440.gob.cl/registro-publico?n=915,RUT_DIRECT,STRONG_LEGAL_REGISTRY,,,"ReadTimeout: HTTPSConnectionPool(host='donacionesley21440.gob.cl', port=443): Read timed out. (read timeout=3)"
donatarias_21440,914,"FUNDACIÓN CHAGUAL INDIVIDUO, COMUNIDAD Y NATURALEZA",FUNDACION CHAGUAL INDIVIDUO COMUNIDAD Y NATURALEZA,Inscrita,https://donacionesley21440.gob.cl/registro-publico?n=914,RUT_DIRECT,STRONG_LEGAL_REGISTRY,,,"ReadTimeout: HTTPSConnectionPool(host='donacionesley21440.gob.cl', port=443): Read timed out. (read timeout=3)"
donatarias_21440,913,FUNDACION CENTRO UNIVERSITARIO PARA LA INNOVACION,FUNDACION CENTRO UNIVERSITARIO PARA LA INNOVACION,Inscrita,https://donacionesley21440.gob.cl/registro-publico?n=913,RUT_DIRECT,STRONG_LEGAL_REGISTRY,,,"ReadTimeout: HTTPSConnectionPool(host='donacionesley21440.gob.cl', port=443): Read timed out. (read timeout=3)"
donatarias_21440,912,FUNDACION CARITAS CALAMA,FUNDACION CARITAS CALAMA,Inscrita,https://donacionesley21440.gob.cl/registro-publico?n=912,RUT_DIRECT,STRONG_LEGAL_REGISTRY,,,"ReadTimeout: HTTPSConnectionPool(host='donacionesley21440.gob.cl', port=443): Read timed out. (read timeout=3)"
donatarias_21440,911,FUNDACION BEATA LAURA VICUÑA,FUNDACION BEATA LAURA VICUNA,Inscrita,https://donacionesley21440.gob.cl/registro-publico?n=911,RUT_DIRECT,STRONG_LEGAL_REGISTRY,,,"ReadTimeout: HTTPSConnectionPool(host='donacionesley21440.gob.cl', port=443): Read timed out. (read timeout=3)"
donatarias_21440,910,FUNDACION BANCO DE ROPA,FUNDACION BANCO DE ROPA,Inscrita,https://donacionesley21440.gob.cl/registro-publico?n=910,RUT_DIRECT,STRONG_LEGAL_REGISTRY,,,"ReadTimeout: HTTPSConnectionPool(host='donacionesley21440.gob.cl', port=443): Read timed out. (read timeout=3)"
donatarias_21440,909,FUNDACION ANIMAL CHILE,FUNDACION ANIMAL CHILE,Inscrita,https://donacionesley21440.gob.cl/registro-publico?n=909,RUT_DIRECT,STRONG_LEGAL_REGISTRY,,,"ReadTimeout: HTTPSConnectionPool(host='donacionesley21440.gob.cl', port=443): Read timed out. (read timeout=3)"
donatarias_21440,908,FUNDACION ANGELES PAOLA ANTOFAGASTA,FUNDACION ANGELES PAOLA ANTOFAGASTA,Inscrita,https://donacionesley21440.gob.cl/registro-publico?n=908,RUT_DIRECT,STRONG_LEGAL_REGISTRY,,,"ReadTimeout: HTTPSConnectionPool(host='donacionesley21440.gob.cl', port=443): Read timed out. (read timeout=3)"
donatarias_21440,907,FUNDACION AMONIACO VERDE COMO VECTOR ENERGETICO,FUNDACION AMONIACO VERDE COMO VECTOR ENERGETICO,Inscrita,https://donacionesley21440.gob.cl/registro-publico?n=907,RUT_DIRECT,STRONG_LEGAL_REGISTRY,,,"ReadTimeout: HTTPSConnectionPool(host='donacionesley21440.gob.cl', port=443): Read timed out. (read timeout=3)"
donatarias_21440,906,FUNDACIÓN AMBIENTAL MAPEKO,FUNDACION AMBIENTAL MAPEKO,Inscrita,https://donacionesley21440.gob.cl/registro-publico?n=906,RUT_DIRECT,STRONG_LEGAL_REGISTRY,,,"ReadTimeout: HTTPSConnectionPool(host='donacionesley21440.gob.cl', port=443): Read timed out. (read timeout=3)"
donatarias_21440,905,CUERPO BOMBEROS DE QUILLON,CUERPO BOMBEROS DE QUILLON,Inscrita,https://donacionesley21440.gob.cl/registro-publico?n=905,RUT_DIRECT,STRONG_LEGAL_REGISTRY,,,"ReadTimeout: HTTPSConnectionPool(host='donacionesley21440.gob.cl', port=443): Read timed out. (read timeout=3)"
donatarias_21440,904,CORPORACION MAS MUJERES LIDERES EN LA ARAUCANIA,CORPORACION MAS MUJERES LIDERES EN LA ARAUCANIA,Inscrita,https://donacionesley21440.gob.cl/registro-publico?n=904,RUT_DIRECT,STRONG_LEGAL_REGISTRY,,,"ReadTimeout: HTTPSConnectionPool(host='donacionesley21440.gob.cl', port=443): Read timed out. (read timeout=3)"
donatarias_21440,903,CORPORACIÓN LEGIÓN CREATIVA,CORPORACION LEGION CREATIVA,Inscrita,https://donacionesley21440.gob.cl/registro-publico?n=903,RUT_DIRECT,STRONG_LEGAL_REGISTRY,,,"ReadTimeout: HTTPSConnectionPool(host='donacionesley21440.gob.cl', port=443): Read timed out. (read timeout=3)"
donatarias_21440,902,CORPORACIÓN INSTITUTO SAN JUAN APÓSTOL,CORPORACION INSTITUTO SAN JUAN APOSTOL,Inscrita,https://donacionesley21440.gob.cl/registro-publico?n=902,RUT_DIRECT,STRONG_LEGAL_REGISTRY,,,"ReadTimeout: HTTPSConnectionPool(host='donacionesley21440.gob.cl', port=443): Read timed out. (read timeout=3)"
donatarias_21440,901,CORPORACIÓN CULTURALSACO,CORPORACION CULTURALSACO,Inscrita,https://donacionesley21440.gob.cl/registro-publico?n=901,RUT_DIRECT,STRONG_LEGAL_REGISTRY,,,"ReadTimeout: HTTPSConnectionPool(host='donacionesley21440.gob.cl', port=443): Read timed out. (read timeout=3)"
donatarias_21440,900,CLUB DE LEONES DE PUNTA ARENAS,CLUB DE LEONES DE PUNTA ARENAS,Inscrita,https://donacionesley21440.gob.cl/registro-publico?n=900,RUT_DIRECT,STRONG_LEGAL_REGISTRY,,,"ReadTimeout: HTTPSConnectionPool(host='donacionesley21440.gob.cl', port=443): Read timed out. (read timeout=3)"
donatarias_21440,899,CENTRO DE ESTUDIOS AVANZADOS EN ZONAS ÁRIDAS,CENTRO DE ESTUDIOS AVANZADOS EN ZONAS ARIDAS,Inscrita,https://donacionesley21440.gob.cl/registro-publico?n=899,RUT_DIRECT,STRONG_LEGAL_REGISTRY,,,"ReadTimeout: HTTPSConnectionPool(host='donacionesley21440.gob.cl', port=443): Read timed out. (read timeout=3)"
donatarias_21440,898,FUNDACIÓN GANAMOS TODOS,FUNDACION GANAMOS TODOS,Eliminada,https://donacionesley21440.gob.cl/registro-publico?n=898,RUT_DIRECT,STRONG_LEGAL_REGISTRY,,,"ReadTimeout: HTTPSConnectionPool(host='donacionesley21440.gob.cl', port=443): Read timed out. (read timeout=3)"
donatarias_21440,897,HOGAR DE ANCIANOS SAN FRANCISCO DE ASIS DE GORBEA,HOGAR DE ANCIANOS SAN FRANCISCO DE ASIS DE GORBEA,Inscrita,https://donacionesley21440.gob.cl/registro-publico?n=897,RUT_DIRECT,STRONG_LEGAL_REGISTRY,,,"ReadTimeout: HTTPSConnectionPool(host='donacionesley21440.gob.cl', port=443): Read timed out. (read timeout=3)"
donatarias_21440,896,FUNDACIÓN APERRADAS INC,FUNDACION APERRADAS INC,Inscrita,https://donacionesley21440.gob.cl/registro-publico?n=896,RUT_DIRECT,STRONG_LEGAL_REGISTRY,,,"ReadTimeout: HTTPSConnectionPool(host='donacionesley21440.gob.cl', port=443): Read timed out. (read timeout=3)"
donatarias_21440,895,FUNDACIÓN VEMOS,FUNDACION VEMOS,Inscrita,https://donacionesley21440.gob.cl/registro-publico?n=895,RUT_DIRECT,STRONG_LEGAL_REGISTRY,,,"ReadTimeout: HTTPSConnectionPool(host='donacionesley21440.gob.cl', port=443): Read timed out. (read timeout=3)"
donatarias_21440,894,FUNDACION SANTA ANA,FUNDACION SANTA ANA,Inscrita,https://donacionesley21440.gob.cl/registro-publico?n=894,RUT_DIRECT,STRONG_LEGAL_REGISTRY,,,"ReadTimeout: HTTPSConnectionPool(host='donacionesley21440.gob.cl', port=443): Read timed out. (read timeout=3)"
donatarias_21440,893,FUNDACIÓN PEDACITOS DE ALMAS,FUNDACION PEDACITOS DE ALMAS,Eliminada,https://donacionesley21440.gob.cl/registro-publico?n=893,RUT_DIRECT,STRONG_LEGAL_REGISTRY,,,"ReadTimeout: HTTPSConnectionPool(host='donacionesley21440.gob.cl', port=443): Read timed out. (read timeout=3)"
donatarias_21440,892,FUNDACIÓN NACER FUTURO,FUNDACION NACER FUTURO,Eliminada,https://donacionesley21440.gob.cl/registro-publico?n=892,RUT_DIRECT,STRONG_LEGAL_REGISTRY,,,"ReadTimeout: HTTPSConnectionPool(host='donacionesley21440.gob.cl', port=443): Read timed out. (read timeout=3)"
donatarias_21440,891,FUNDACION EDUCACIONAL PEOPLE HELP PEOPLE,FUNDACION EDUCACIONAL PEOPLE HELP PEOPLE,Inscrita,https://donacionesley21440.gob.cl/registro-publico?n=891,RUT_DIRECT,STRONG_LEGAL_REGISTRY,,,"ReadTimeout: HTTPSConnectionPool(host='donacionesley21440.gob.cl', port=443): Read timed out. (read timeout=3)"
donatarias_21440,890,FUNDACIÓN DE SEÑORAS DE OFICIALES DE LA ARMADA DE CHILE,FUNDACION DE SENORAS DE OFICIALES DE LA ARMADA DE CHILE,Inscrita,https://donacionesley21440.gob.cl/registro-publico?n=890,RUT_DIRECT,STRONG_LEGAL_REGISTRY,,,"ReadTimeout: HTTPSConnectionPool(host='donacionesley21440.gob.cl', port=443): Read timed out. (read timeout=3)"
donatarias_21440,889,FUNDACION CAMBIEMOS VIDAS,FUNDACION CAMBIEMOS VIDAS,Inscrita,https://donacionesley21440.gob.cl/registro-publico?n=889,RUT_DIRECT,STRONG_LEGAL_REGISTRY,,,"ReadTimeout: HTTPSConnectionPool(host='donacionesley21440.gob.cl', port=443): Read timed out. (read timeout=3)"
donatarias_21440,888,CORPORACION MURO CIEGO,CORPORACION MURO CIEGO,Eliminada,https://donacionesley21440.gob.cl/registro-publico?n=888,RUT_DIRECT,STRONG_LEGAL_REGISTRY,,,"ReadTimeout: HTTPSConnectionPool(host='donacionesley21440.gob.cl', port=443): Read timed out. (read timeout=3)"
donatarias_21440,887,CORPORACIÓN DE PADRES Y AMIGOS POR EL LIMITADO VISUAL O CORPALIV,CORPORACION DE PADRES Y AMIGOS POR EL LIMITADO VISUAL O CORPALIV,Inscrita,https://donacionesley21440.gob.cl/registro-publico?n=887,RUT_DIRECT,STRONG_LEGAL_REGISTRY,,,"ReadTimeout: HTTPSConnectionPool(host='donacionesley21440.gob.cl', port=443): Read timed out. (read timeout=3)"
donatarias_21440,886,CORPORACION CULTURAL VIVENCIAS DE LA PAMPA,CORPORACION CULTURAL VIVENCIAS DE LA PAMPA,Inscrita,https://donacionesley21440.gob.cl/registro-publico?n=886,RUT_DIRECT,STRONG_LEGAL_REGISTRY,,,"ReadTimeout: HTTPSConnectionPool(host='donacionesley21440.gob.cl', port=443): Read timed out. (read timeout=3)"
donatarias_21440,885,INSTITUTO CHILENO DE DERECHO TRIBUTARIO,INSTITUTO CHILENO DE DERECHO TRIBUTARIO,Inscrita,https://donacionesley21440.gob.cl/registro-publico?n=885,RUT_DIRECT,STRONG_LEGAL_REGISTRY,,,"ReadTimeout: HTTPSConnectionPool(host='donacionesley21440.gob.cl', port=443): Read timed out. (read timeout=3)"
donatarias_21440,884,FUNDACION RONDA,FUNDACION RONDA,Inscrita,https://donacionesley21440.gob.cl/registro-publico?n=884,RUT_DIRECT,STRONG_LEGAL_REGISTRY,,,"ReadTimeout: HTTPSConnectionPool(host='donacionesley21440.gob.cl', port=443): Read timed out. (read timeout=3)"
donatarias_21440,883,FUNDACIÓN REITICH,FUNDACION REITICH,Inscrita,https://donacionesley21440.gob.cl/registro-publico?n=883,RUT_DIRECT,STRONG_LEGAL_REGISTRY,,,"ReadTimeout: HTTPSConnectionPool(host='donacionesley21440.gob.cl', port=443): Read timed out. (read timeout=3)"
donatarias_21440,882,FUNDACION PROYECTO ADELAIDA,FUNDACION PROYECTO ADELAIDA,Inscrita,https://donacionesley21440.gob.cl/registro-publico?n=882,RUT_DIRECT,STRONG_LEGAL_REGISTRY,,,"ReadTimeout: HTTPSConnectionPool(host='donacionesley21440.gob.cl', port=443): Read timed out. (read timeout=3)"
donatarias_21440,881,FUNDACIÓN MAPOCHO,FUNDACION MAPOCHO,Inscrita,https://donacionesley21440.gob.cl/registro-publico?n=881,RUT_DIRECT,STRONG_LEGAL_REGISTRY,65126367-0,ENT-RUT-65126367-0,
donatarias_21440,880,FUNDACIÓN MAKARIOI,FUNDACION MAKARIOI,Inscrita,https://donacionesley21440.gob.cl/registro-publico?n=880,RUT_DIRECT,STRONG_LEGAL_REGISTRY,,,"ReadTimeout: HTTPSConnectionPool(host='donacionesley21440.gob.cl', port=443): Read timed out. (read timeout=3)"
donatarias_21440,879,FUNDACION LACARACOLA A SER FELIZ,FUNDACION LACARACOLA A SER FELIZ,Eliminada,https://donacionesley21440.gob.cl/registro-publico?n=879,RUT_DIRECT,STRONG_LEGAL_REGISTRY,65113854-K,ENT-RUT-65113854-K,
donatarias_21440,878,FUNDACIÓN JOVENES MUSICOS CHILE,FUNDACION JOVENES MUSICOS CHILE,Inscrita,https://donacionesley21440.gob.cl/registro-publico?n=878,RUT_DIRECT,STRONG_LEGAL_REGISTRY,,,"ReadTimeout: HTTPSConnectionPool(host='donacionesley21440.gob.cl', port=443): Read timed out. (read timeout=3)"
donatarias_21440,877,FUNDACIÓN INVICTUS,FUNDACION INVICTUS,Inscrita,https://donacionesley21440.gob.cl/registro-publico?n=877,RUT_DIRECT,STRONG_LEGAL_REGISTRY,,,"ReadTimeout: HTTPSConnectionPool(host='donacionesley21440.gob.cl', port=443): Read timed out. (read timeout=3)"
donatarias_21440,876,FUNDACIÓN EDUCACIONAL COANIL,FUNDACION EDUCACIONAL COANIL,Inscrita,https://donacionesley21440.gob.cl/registro-publico?n=876,RUT_DIRECT,STRONG_LEGAL_REGISTRY,,,"ReadTimeout: HTTPSConnectionPool(host='donacionesley21440.gob.cl', port=443): Read timed out. (read timeout=3)"
donatarias_21440,875,FUNDACIÓN DE FACILITADORES E INTERPRETES DE LENGUA DE SEÑAS DE ATACAMA,FUNDACION DE FACILITADORES E INTERPRETES DE LENGUA DE SENAS DE ATACAMA,Eliminada,https://donacionesley21440.gob.cl/registro-publico?n=875,RUT_DIRECT,STRONG_LEGAL_REGISTRY,,,"ReadTimeout: HTTPSConnectionPool(host='donacionesley21440.gob.cl', port=443): Read timed out. (read timeout=3)"
donatarias_21440,874,FUNDACIÓN CHILENA DE HIPOTERAPIA,FUNDACION CHILENA DE HIPOTERAPIA,Inscrita,https://donacionesley21440.gob.cl/registro-publico?n=874,RUT_DIRECT,STRONG_LEGAL_REGISTRY,,,"ReadTimeout: HTTPSConnectionPool(host='donacionesley21440.gob.cl', port=443): Read timed out. (read timeout=3)"
donatarias_21440,873,FUNDACION CHILE SIN CÁNCER,FUNDACION CHILE SIN CANCER,Inscrita,https://donacionesley21440.gob.cl/registro-publico?n=873,RUT_DIRECT,STRONG_LEGAL_REGISTRY,,,"ReadTimeout: HTTPSConnectionPool(host='donacionesley21440.gob.cl', port=443): Read timed out. (read timeout=3)"
donatarias_21440,872,FUNDACIÓN BROTARIO,FUNDACION BROTARIO,Inscrita,https://donacionesley21440.gob.cl/registro-publico?n=872,RUT_DIRECT,STRONG_LEGAL_REGISTRY,,,"ReadTimeout: HTTPSConnectionPool(host='donacionesley21440.gob.cl', port=443): Read timed out. (read timeout=3)"
donatarias_21440,871,FUNDACIÓN ANTENNA,FUNDACION ANTENNA,Inscrita,https://donacionesley21440.gob.cl/registro-publico?n=871,RUT_DIRECT,STRONG_LEGAL_REGISTRY,,,"ReadTimeout: HTTPSConnectionPool(host='donacionesley21440.gob.cl', port=443): Read timed out. (read timeout=3)"
donatarias_21440,870,FUNDACION ANDARES PARA LA VIVIENDA Y EL DESARROLLO DE PERSONAS CON DISCAPACIDAD,FUNDACION ANDARES PARA LA VIVIENDA Y EL DESARROLLO DE PERSONAS CON DISCAPACIDAD,Inscrita,https://donacionesley21440.gob.cl/registro-publico?n=870,RUT_DIRECT,STRONG_LEGAL_REGISTRY,,,"ReadTimeout: HTTPSConnectionPool(host='donacionesley21440.gob.cl', port=443): Read timed out. (read timeout=3)"
donatarias_21440,869,"EQUIPO DE BIENESTAR POR LA DEFENSA, PROTECCIÓN Y REHABILITACIÓN CANINA, AYUDA PATITAS ÑUÑOA",EQUIPO DE BIENESTAR POR LA DEFENSA PROTECCION Y REHABILITACION CANINA AYUDA PATITAS NUNOA,Inscrita,https://donacionesley21440.gob.cl/registro-publico?n=869,RUT_DIRECT,STRONG_LEGAL_REGISTRY,,,"ReadTimeout: HTTPSConnectionPool(host='donacionesley21440.gob.cl', port=443): Read timed out. (read timeout=3)"
donatarias_21440,868,CUERPO DE BOMBEROS DE LLAY LLAY,CUERPO DE BOMBEROS DE LLAY LLAY,Eliminada,https://donacionesley21440.gob.cl/registro-publico?n=868,RUT_DIRECT,STRONG_LEGAL_REGISTRY,,,"ReadTimeout: HTTPSConnectionPool(host='donacionesley21440.gob.cl', port=443): Read timed out. (read timeout=3)"
donatarias_21440,867,CORPORACIÓN GRUPO CETEP CULTURA,CORPORACION GRUPO CETEP CULTURA,Inscrita,https://donacionesley21440.gob.cl/registro-publico?n=867,RUT_DIRECT,STRONG_LEGAL_REGISTRY,,,"ReadTimeout: HTTPSConnectionPool(host='donacionesley21440.gob.cl', port=443): Read timed out. (read timeout=3)"
donatarias_21440,866,SANATORIO MARITIMO SAN JUAN DE DIOS,SANATORIO MARITIMO SAN JUAN DE DIOS,Inscrita,https://donacionesley21440.gob.cl/registro-publico?n=866,RUT_DIRECT,STRONG_LEGAL_REGISTRY,,,"ReadTimeout: HTTPSConnectionPool(host='donacionesley21440.gob.cl', port=443): Read timed out. (read timeout=3)"
donatarias_21440,865,PRIMERA IGLESIA METODISTA PENTECOSTAL,PRIMERA IGLESIA METODISTA PENTECOSTAL,Inscrita,https://donacionesley21440.gob.cl/registro-publico?n=865,RUT_DIRECT,STRONG_LEGAL_REGISTRY,,,"ReadTimeout: HTTPSConnectionPool(host='donacionesley21440.gob.cl', port=443): Read timed out. (read timeout=3)"
donatarias_21440,864,FUNDACION POR LA RESTAURACION DE LA FAMILIA RAPHA,FUNDACION POR LA RESTAURACION DE LA FAMILIA RAPHA,Eliminada,https://donacionesley21440.gob.cl/registro-publico?n=864,RUT_DIRECT,STRONG_LEGAL_REGISTRY,,,"ReadTimeout: HTTPSConnectionPool(host='donacionesley21440.gob.cl', port=443): Read timed out. (read timeout=3)"
donatarias_21440,863,"FUNDACIÓN PARA EL APRENDIZAJE ACADÉMICO, SOCIAL Y EMOCIONAL FAASE",FUNDACION PARA EL APRENDIZAJE ACADEMICO SOCIAL Y EMOCIONAL FAASE,Eliminada,https://donacionesley21440.gob.cl/registro-publico?n=863,RUT_DIRECT,STRONG_LEGAL_REGISTRY,,,"ReadTimeout: HTTPSConnectionPool(host='donacionesley21440.gob.cl', port=443): Read timed out. (read timeout=3)"
donatarias_21440,862,FUNDACIÓN INTELIGENCIA NATURALISTA,FUNDACION INTELIGENCIA NATURALISTA,Inscrita,https://donacionesley21440.gob.cl/registro-publico?n=862,RUT_DIRECT,STRONG_LEGAL_REGISTRY,,,"ReadTimeout: HTTPSConnectionPool(host='donacionesley21440.gob.cl', port=443): Read timed out. (read timeout=3)"
donatarias_21440,861,FUNDACIÓN EN SUS ZAPATOS,FUNDACION EN SUS ZAPATOS,Inscrita,https://donacionesley21440.gob.cl/registro-publico?n=861,RUT_DIRECT,STRONG_LEGAL_REGISTRY,,,"ReadTimeout: HTTPSConnectionPool(host='donacionesley21440.gob.cl', port=443): Read timed out. (read timeout=3)"
donatarias_21440,860,CORPORACION MUNICIPAL DE DESARROLLO SOCIAL DE MACUL,CORPORACION MUNICIPAL DE DESARROLLO SOCIAL DE MACUL,Eliminada,https://donacionesley21440.gob.cl/registro-publico?n=860,RUT_DIRECT,STRONG_LEGAL_REGISTRY,,,"ReadTimeout: HTTPSConnectionPool(host='donacionesley21440.gob.cl', port=443): Read timed out. (read timeout=3)"
donatarias_21440,859,CORPORACIÓN MUNICIPAL DE DEPORTES DE TALCA,CORPORACION MUNICIPAL DE DEPORTES DE TALCA,Inscrita,https://donacionesley21440.gob.cl/registro-publico?n=859,RUT_DIRECT,STRONG_LEGAL_REGISTRY,,,"ReadTimeout: HTTPSConnectionPool(host='donacionesley21440.gob.cl', port=443): Read timed out. (read timeout=3)"
donatarias_21440,858,CORPORACION G100 DE APOYO AL EMPRENDIMIENTO,CORPORACION G100 DE APOYO AL EMPRENDIMIENTO,Inscrita,https://donacionesley21440.gob.cl/registro-publico?n=858,RUT_DIRECT,STRONG_LEGAL_REGISTRY,,,"ReadTimeout: HTTPSConnectionPool(host='donacionesley21440.gob.cl', port=443): Read timed out. (read timeout=3)"
donatarias_21440,857,CORPORACION CONIMPACTO COMUNA DE LAS CONDES,CORPORACION CONIMPACTO COMUNA DE LAS CONDES,Inscrita,https://donacionesley21440.gob.cl/registro-publico?n=857,RUT_DIRECT,STRONG_LEGAL_REGISTRY,,,"ReadTimeout: HTTPSConnectionPool(host='donacionesley21440.gob.cl', port=443): Read timed out. (read timeout=3)"
donatarias_21440,856,ASOCIACIÓN CULTURAL SENDEROS DE EL MONTE,ASOCIACION CULTURAL SENDEROS DE EL MONTE,Inscrita,https://donacionesley21440.gob.cl/registro-publico?n=856,RUT_DIRECT,STRONG_LEGAL_REGISTRY,,,"ReadTimeout: HTTPSConnectionPool(host='donacionesley21440.gob.cl', port=443): Read timed out. (read timeout=3)"
donatarias_21440,855,ASOCIACIÓN CULTURAL NIÑOS CANTORES DE LA ARAUCANÍA,ASOCIACION CULTURAL NINOS CANTORES DE LA ARAUCANIA,Inscrita,https://donacionesley21440.gob.cl/registro-publico?n=855,RUT_DIRECT,STRONG_LEGAL_REGISTRY,,,"ReadTimeout: HTTPSConnectionPool(host='donacionesley21440.gob.cl', port=443): Read timed out. (read timeout=3)"
donatarias_21440,854,ASOCIACION CENTRO ESTUDANTIL MADCHENSCHAFT VIKTORIA,ASOCIACION CENTRO ESTUDANTIL MADCHENSCHAFT VIKTORIA,Inscrita,https://donacionesley21440.gob.cl/registro-publico?n=854,RUT_DIRECT,STRONG_LEGAL_REGISTRY,,,"ReadTimeout: HTTPSConnectionPool(host='donacionesley21440.gob.cl', port=443): Read timed out. (read timeout=3)"
donatarias_21440,853,FUNDACIÓN PARA LA EQUIDAD DE GENERO CHILOE PROFUNDA,FUNDACION PARA LA EQUIDAD DE GENERO CHILOE PROFUNDA,Inscrita,https://donacionesley21440.gob.cl/registro-publico?n=853,RUT_DIRECT,STRONG_LEGAL_REGISTRY,,,"ReadTimeout: HTTPSConnectionPool(host='donacionesley21440.gob.cl', port=443): Read timed out. (read timeout=3)"
donatarias_21440,852,FUNDACION PARA LA EDUCACION ALIMENTARIA DEL HUERTO AL PLATO,FUNDACION PARA LA EDUCACION ALIMENTARIA DEL HUERTO AL PLATO,Inscrita,https://donacionesley21440.gob.cl/registro-publico?n=852,RUT_DIRECT,STRONG_LEGAL_REGISTRY,,,"ReadTimeout: HTTPSConnectionPool(host='donacionesley21440.gob.cl', port=443): Read timed out. (read timeout=3)"
donatarias_21440,851,FUNDACION JOSE GALASSO,FUNDACION JOSE GALASSO,Inscrita,https://donacionesley21440.gob.cl/registro-publico?n=851,RUT_DIRECT,STRONG_LEGAL_REGISTRY,,,"ReadTimeout: HTTPSConnectionPool(host='donacionesley21440.gob.cl', port=443): Read timed out. (read timeout=3)"
donatarias_21440,850,FUNDACIÓN EDUCACIONAL Y DE BENEFICENCIA ALTO LAS CONDES,FUNDACION EDUCACIONAL Y DE BENEFICENCIA ALTO LAS CONDES,Inscrita,https://donacionesley21440.gob.cl/registro-publico?n=850,RUT_DIRECT,STRONG_LEGAL_REGISTRY,,,"ReadTimeout: HTTPSConnectionPool(host='donacionesley21440.gob.cl', port=443): Read timed out. (read timeout=3)"
donatarias_21440,849,FUNDACION EDUCACIONAL HERNAN BRIONES,FUNDACION EDUCACIONAL HERNAN BRIONES,Inscrita,https://donacionesley21440.gob.cl/registro-publico?n=849,RUT_DIRECT,STRONG_LEGAL_REGISTRY,,,"ReadTimeout: HTTPSConnectionPool(host='donacionesley21440.gob.cl', port=443): Read timed out. (read timeout=3)"
donatarias_21440,848,FUNDACION CULTORES,FUNDACION CULTORES,Inscrita,https://donacionesley21440.gob.cl/registro-publico?n=848,RUT_DIRECT,STRONG_LEGAL_REGISTRY,,,"ReadTimeout: HTTPSConnectionPool(host='donacionesley21440.gob.cl', port=443): Read timed out. (read timeout=3)"
donatarias_21440,847,FUNDACION COMUNIDAD AGAPE,FUNDACION COMUNIDAD AGAPE,Eliminada,https://donacionesley21440.gob.cl/registro-publico?n=847,RUT_DIRECT,STRONG_LEGAL_REGISTRY,,,"ReadTimeout: HTTPSConnectionPool(host='donacionesley21440.gob.cl', port=443): Read timed out. (read timeout=3)"
donatarias_21440,846,CORPORACION EMPRESARIAL PARA EL DESARROLLO DE TILTIL,CORPORACION EMPRESARIAL PARA EL DESARROLLO DE TILTIL,Eliminada,https://donacionesley21440.gob.cl/registro-publico?n=846,RUT_DIRECT,STRONG_LEGAL_REGISTRY,,,"ReadTimeout: HTTPSConnectionPool(host='donacionesley21440.gob.cl', port=443): Read timed out. (read timeout=3)"
donatarias_21440,845,CORPORACION ASOCIACION CHILENA PRO DERECHOS DE LOS NIÑOS Y JOVENES,CORPORACION ASOCIACION CHILENA PRO DERECHOS DE LOS NINOS Y JOVENES,Inscrita,https://donacionesley21440.gob.cl/registro-publico?n=845,RUT_DIRECT,STRONG_LEGAL_REGISTRY,,,"ReadTimeout: HTTPSConnectionPool(host='donacionesley21440.gob.cl', port=443): Read timed out. (read timeout=3)"
donatarias_21440,844,FUNDACIÓN EDUCACIONAL AMANDA,FUNDACION EDUCACIONAL AMANDA,Inscrita,https://donacionesley21440.gob.cl/registro-publico?n=844,RUT_DIRECT,STRONG_LEGAL_REGISTRY,,,"ReadTimeout: HTTPSConnectionPool(host='donacionesley21440.gob.cl', port=443): Read timed out. (read timeout=3)"
donatarias_21440,843,FUNDACIÓN ESCUELA GLOBAL,FUNDACION ESCUELA GLOBAL,Inscrita,https://donacionesley21440.gob.cl/registro-publico?n=843,RUT_DIRECT,STRONG_LEGAL_REGISTRY,,,"ReadTimeout: HTTPSConnectionPool(host='donacionesley21440.gob.cl', port=443): Read timed out. (read timeout=3)"
donatarias_21440,842,SOCIEDAD CHILENA DE ACÚSTICA,SOCIEDAD CHILENA DE ACUSTICA,Inscrita,https://donacionesley21440.gob.cl/registro-publico?n=842,RUT_DIRECT,STRONG_LEGAL_REGISTRY,,,"ReadTimeout: HTTPSConnectionPool(host='donacionesley21440.gob.cl', port=443): Read timed out. (read timeout=3)"
donatarias_21440,841,IGLESIA PRESENCIA DE DIOS,IGLESIA PRESENCIA DE DIOS,Inscrita,https://donacionesley21440.gob.cl/registro-publico?n=841,RUT_DIRECT,STRONG_LEGAL_REGISTRY,65120810-6,ENT-RUT-65120810-6,
donatarias_21440,840,FUNDACIÓN OLAS CHILENAS,FUNDACION OLAS CHILENAS,Inscrita,https://donacionesley21440.gob.cl/registro-publico?n=840,RUT_DIRECT,STRONG_LEGAL_REGISTRY,,,"ReadTimeout: HTTPSConnectionPool(host='donacionesley21440.gob.cl', port=443): Read timed out. (read timeout=3)"
donatarias_21440,839,FUNDACIÓN MENTE EN MENTE,FUNDACION MENTE EN MENTE,Inscrita,https://donacionesley21440.gob.cl/registro-publico?n=839,RUT_DIRECT,STRONG_LEGAL_REGISTRY,,,"ReadTimeout: HTTPSConnectionPool(host='donacionesley21440.gob.cl', port=443): Read timed out. (read timeout=3)"
donatarias_21440,838,FUNDACIÓN LA CASACUENTO,FUNDACION LA CASACUENTO,Inscrita,https://donacionesley21440.gob.cl/registro-publico?n=838,RUT_DIRECT,STRONG_LEGAL_REGISTRY,,,"ReadTimeout: HTTPSConnectionPool(host='donacionesley21440.gob.cl', port=443): Read timed out. (read timeout=3)"
donatarias_21440,837,FUNDACION JUAN LEPE FLORES,FUNDACION JUAN LEPE FLORES,Inscrita,https://donacionesley21440.gob.cl/registro-publico?n=837,RUT_DIRECT,STRONG_LEGAL_REGISTRY,,,"ReadTimeout: HTTPSConnectionPool(host='donacionesley21440.gob.cl', port=443): Read timed out. (read timeout=3)"
donatarias_21440,836,FUNDACION ELEAM JESUS DE NAZARETH DE PINTO,FUNDACION ELEAM JESUS DE NAZARETH DE PINTO,Inscrita,https://donacionesley21440.gob.cl/registro-publico?n=836,RUT_DIRECT,STRONG_LEGAL_REGISTRY,,,"ReadTimeout: HTTPSConnectionPool(host='donacionesley21440.gob.cl', port=443): Read timed out. (read timeout=3)"
donatarias_21440,835,FUNDACION EDUCACIONAL CUENCA VIVA,FUNDACION EDUCACIONAL CUENCA VIVA,Inscrita,https://donacionesley21440.gob.cl/registro-publico?n=835,RUT_DIRECT,STRONG_LEGAL_REGISTRY,,,"ReadTimeout: HTTPSConnectionPool(host='donacionesley21440.gob.cl', port=443): Read timed out. (read timeout=3)"
donatarias_21440,834,FUNDACIÓN ECOMETS,FUNDACION ECOMETS,Inscrita,https://donacionesley21440.gob.cl/registro-publico?n=834,RUT_DIRECT,STRONG_LEGAL_REGISTRY,,,"ReadTimeout: HTTPSConnectionPool(host='donacionesley21440.gob.cl', port=443): Read timed out. (read timeout=3)"
donatarias_21440,833,FUNDACION DESCUBRE MAS,FUNDACION DESCUBRE MAS,Inscrita,https://donacionesley21440.gob.cl/registro-publico?n=833,RUT_DIRECT,STRONG_LEGAL_REGISTRY,,,"ReadTimeout: HTTPSConnectionPool(host='donacionesley21440.gob.cl', port=443): Read timed out. (read timeout=3)"
donatarias_21440,832,FUNDACION DEPORTE LIBRE,FUNDACION DEPORTE LIBRE,Inscrita,https://donacionesley21440.gob.cl/registro-publico?n=832,RUT_DIRECT,STRONG_LEGAL_REGISTRY,,,"ReadTimeout: HTTPSConnectionPool(host='donacionesley21440.gob.cl', port=443): Read timed out. (read timeout=3)"
donatarias_21440,831,"FUNDACIÓN DE CULTURA, TURISMO Y DEPORTE DE LA MUNICIPALIDAD DE MARÍA ELENA",FUNDACION DE CULTURA TURISMO Y DEPORTE DE LA MUNICIPALIDAD DE MARIA ELENA,Inscrita,https://donacionesley21440.gob.cl/registro-publico?n=831,RUT_DIRECT,STRONG_LEGAL_REGISTRY,,,"ReadTimeout: HTTPSConnectionPool(host='donacionesley21440.gob.cl', port=443): Read timed out. (read timeout=3)"
donatarias_21440,830,FUNDACIÓN DE BENEFICENCIA PÚBLICA FAMILIA PIÑERA MOREL NUEVOS HORIZONTES,FUNDACION DE BENEFICENCIA PUBLICA FAMILIA PINERA MOREL NUEVOS HORIZONTES,Inscrita,https://donacionesley21440.gob.cl/registro-publico?n=830,RUT_DIRECT,STRONG_LEGAL_REGISTRY,,,"ReadTimeout: HTTPSConnectionPool(host='donacionesley21440.gob.cl', port=443): Read timed out. (read timeout=3)"
donatarias_21440,829,FUNDACIÓN CONBOCA,FUNDACION CONBOCA,Inscrita,https://donacionesley21440.gob.cl/registro-publico?n=829,RUT_DIRECT,STRONG_LEGAL_REGISTRY,,,"ReadTimeout: HTTPSConnectionPool(host='donacionesley21440.gob.cl', port=443): Read timed out. (read timeout=3)"
donatarias_21440,828,FUNDACION AMOR,FUNDACION AMOR,Inscrita,https://donacionesley21440.gob.cl/registro-publico?n=828,RUT_DIRECT,STRONG_LEGAL_REGISTRY,,,"ReadTimeout: HTTPSConnectionPool(host='donacionesley21440.gob.cl', port=443): Read timed out. (read timeout=3)"
donatarias_21440,827,CUERPO DE BOMBEROS DE COQUIMBO,CUERPO DE BOMBEROS DE COQUIMBO,Eliminada,https://donacionesley21440.gob.cl/registro-publico?n=827,RUT_DIRECT,STRONG_LEGAL_REGISTRY,81939600-0,ENT-RUT-81939600-0,
donatarias_21440,826,CORPORACION FUTRONO,CORPORACION FUTRONO,Inscrita,https://donacionesley21440.gob.cl/registro-publico?n=826,RUT_DIRECT,STRONG_LEGAL_REGISTRY,65033324-1,ENT-RUT-65033324-1,
donatarias_21440,825,CORPORACIÓN DE REHABILITACIÓN CLUB DE LEONES DE ANCUD,CORPORACION DE REHABILITACION CLUB DE LEONES DE ANCUD,Inscrita,https://donacionesley21440.gob.cl/registro-publico?n=825,RUT_DIRECT,STRONG_LEGAL_REGISTRY,,,"ReadTimeout: HTTPSConnectionPool(host='donacionesley21440.gob.cl', port=443): Read timed out. (read timeout=3)"
donatarias_21440,824,LA OTRA EDUCACIÓN,LA OTRA EDUCACION,Eliminada,https://donacionesley21440.gob.cl/registro-publico?n=824,RUT_DIRECT,STRONG_LEGAL_REGISTRY,,,"ReadTimeout: HTTPSConnectionPool(host='donacionesley21440.gob.cl', port=443): Read timed out. (read timeout=3)"
donatarias_21440,823,FUNDACIÓN YOGA MEDICINA,FUNDACION YOGA MEDICINA,Inscrita,https://donacionesley21440.gob.cl/registro-publico?n=823,RUT_DIRECT,STRONG_LEGAL_REGISTRY,,,"ReadTimeout: HTTPSConnectionPool(host='donacionesley21440.gob.cl', port=443): Read timed out. (read timeout=3)"
donatarias_21440,822,FUNDACIÓN WAYANAY PARA EL CUIDADO DEL MEDIO AMBIENTE Y DESARROLLO COMUNITARIO,FUNDACION WAYANAY PARA EL CUIDADO DEL MEDIO AMBIENTE Y DESARROLLO COMUNITARIO,Inscrita,https://donacionesley21440.gob.cl/registro-publico?n=822,RUT_DIRECT,STRONG_LEGAL_REGISTRY,,,"ReadTimeout: HTTPSConnectionPool(host='donacionesley21440.gob.cl', port=443): Read timed out. (read timeout=3)"
donatarias_21440,821,FUNDACION SINERGIA,FUNDACION SINERGIA,Inscrita,https://donacionesley21440.gob.cl/registro-publico?n=821,RUT_DIRECT,STRONG_LEGAL_REGISTRY,,,"ReadTimeout: HTTPSConnectionPool(host='donacionesley21440.gob.cl', port=443): Read timed out. (read timeout=3)"
donatarias_21440,820,FUNDACIÓN RED INMIGRANTE,FUNDACION RED INMIGRANTE,Inscrita,https://donacionesley21440.gob.cl/registro-publico?n=820,RUT_DIRECT,STRONG_LEGAL_REGISTRY,,,"ReadTimeout: HTTPSConnectionPool(host='donacionesley21440.gob.cl', port=443): Read timed out. (read timeout=3)"
donatarias_21440,819,FUNDACIÓN RAÍZ HUMANA,FUNDACION RAIZ HUMANA,Inscrita,https://donacionesley21440.gob.cl/registro-publico?n=819,RUT_DIRECT,STRONG_LEGAL_REGISTRY,,,"ReadTimeout: HTTPSConnectionPool(host='donacionesley21440.gob.cl', port=443): Read timed out. (read timeout=3)"
donatarias_21440,818,FUNDACION PROTECCION ANIMAL PATICORTOS,FUNDACION PROTECCION ANIMAL PATICORTOS,Inscrita,https://donacionesley21440.gob.cl/registro-publico?n=818,RUT_DIRECT,STRONG_LEGAL_REGISTRY,,,"ReadTimeout: HTTPSConnectionPool(host='donacionesley21440.gob.cl', port=443): Read timed out. (read timeout=3)"
donatarias_21440,817,FUNDACION PATERNITAS,FUNDACION PATERNITAS,Inscrita,https://donacionesley21440.gob.cl/registro-publico?n=817,RUT_DIRECT,STRONG_LEGAL_REGISTRY,,,"ReadTimeout: HTTPSConnectionPool(host='donacionesley21440.gob.cl', port=443): Read timed out. (read timeout=3)"
donatarias_21440,816,FUNDACIÓN LECHE PARA HAITI,FUNDACION LECHE PARA HAITI,Inscrita,https://donacionesley21440.gob.cl/registro-publico?n=816,RUT_DIRECT,STRONG_LEGAL_REGISTRY,,,"ReadTimeout: HTTPSConnectionPool(host='donacionesley21440.gob.cl', port=443): Read timed out. (read timeout=3)"
donatarias_21440,815,FUNDACION DE SALUD Y BIENESTAR SOCIAL ACRUX,FUNDACION DE SALUD Y BIENESTAR SOCIAL ACRUX,Inscrita,https://donacionesley21440.gob.cl/registro-publico?n=815,RUT_DIRECT,STRONG_LEGAL_REGISTRY,,,"ReadTimeout: HTTPSConnectionPool(host='donacionesley21440.gob.cl', port=443): Read timed out. (read timeout=3)"
donatarias_21440,814,FUNDACIÓN DE BENEFICENCIA PÚBLICA CULTURAL Y EDUCACIONAL VIENTOS,FUNDACION DE BENEFICENCIA PUBLICA CULTURAL Y EDUCACIONAL VIENTOS,Inscrita,https://donacionesley21440.gob.cl/registro-publico?n=814,RUT_DIRECT,STRONG_LEGAL_REGISTRY,,,"ReadTimeout: HTTPSConnectionPool(host='donacionesley21440.gob.cl', port=443): Read timed out. (read timeout=3)"
donatarias_21440,813,FUNDACIÓN DE APOYO INTEGRAL FELIPE CAMIROAGA,FUNDACION DE APOYO INTEGRAL FELIPE CAMIROAGA,Inscrita,https://donacionesley21440.gob.cl/registro-publico?n=813,RUT_DIRECT,STRONG_LEGAL_REGISTRY,,,"ReadTimeout: HTTPSConnectionPool(host='donacionesley21440.gob.cl', port=443): Read timed out. (read timeout=3)"
donatarias_21440,812,FUNDACIÓN COANIL,FUNDACION COANIL,Inscrita,https://donacionesley21440.gob.cl/registro-publico?n=812,RUT_DIRECT,STRONG_LEGAL_REGISTRY,,,"ReadTimeout: HTTPSConnectionPool(host='donacionesley21440.gob.cl', port=443): Read timed out. (read timeout=3)"
donatarias_21440,811,FUND HOGARES DE SAN VICENTE DE PAUL DÉCIMA REGIÓN,FUND HOGARES DE SAN VICENTE DE PAUL DECIMA REGION,Inscrita,https://donacionesley21440.gob.cl/registro-publico?n=811,RUT_DIRECT,STRONG_LEGAL_REGISTRY,,,"ReadTimeout: HTTPSConnectionPool(host='donacionesley21440.gob.cl', port=443): Read timed out. (read timeout=3)"
donatarias_21440,810,DIOCESIS DE VILLARRICA,DIOCESIS DE VILLARRICA,Inscrita,https://donacionesley21440.gob.cl/registro-publico?n=810,RUT_DIRECT,STRONG_LEGAL_REGISTRY,,,"ReadTimeout: HTTPSConnectionPool(host='donacionesley21440.gob.cl', port=443): Read timed out. (read timeout=3)"
donatarias_21440,809,COMUNIDAD PAPA JUAN XXIII NUESTRA SRA DE LA ESPERANZA ANDINA,COMUNIDAD PAPA JUAN XXIII NUESTRA SRA DE LA ESPERANZA ANDINA,Inscrita,https://donacionesley21440.gob.cl/registro-publico?n=809,RUT_DIRECT,STRONG_LEGAL_REGISTRY,,,"ReadTimeout: HTTPSConnectionPool(host='donacionesley21440.gob.cl', port=443): Read timed out. (read timeout=3)"
donatarias_21440,808,ASOCIACIÓN RED POR UN CHILE QUE LEE,ASOCIACION RED POR UN CHILE QUE LEE,Inscrita,https://donacionesley21440.gob.cl/registro-publico?n=808,RUT_DIRECT,STRONG_LEGAL_REGISTRY,,,"ReadTimeout: HTTPSConnectionPool(host='donacionesley21440.gob.cl', port=443): Read timed out. (read timeout=3)"
donatarias_21440,807,ASOCIACION PARQUE CULTURAL DE VALPARAISO,ASOCIACION PARQUE CULTURAL DE VALPARAISO,Eliminada,https://donacionesley21440.gob.cl/registro-publico?n=807,RUT_DIRECT,STRONG_LEGAL_REGISTRY,,,"ReadTimeout: HTTPSConnectionPool(host='donacionesley21440.gob.cl', port=443): Read timed out. (read timeout=3)"
donatarias_21440,806,MOA INTERNATIONAL FUNDACION MOKICHI OKADA,MOA INTERNATIONAL FUNDACION MOKICHI OKADA,Inscrita,https://donacionesley21440.gob.cl/registro-publico?n=806,RUT_DIRECT,STRONG_LEGAL_REGISTRY,,,"ReadTimeout: HTTPSConnectionPool(host='donacionesley21440.gob.cl', port=443): Read timed out. (read timeout=3)"
donatarias_21440,805,FUNDACION TU MUNDO ES MI MUNDO,FUNDACION TU MUNDO ES MI MUNDO,Inscrita,https://donacionesley21440.gob.cl/registro-publico?n=805,RUT_DIRECT,STRONG_LEGAL_REGISTRY,,,"ReadTimeout: HTTPSConnectionPool(host='donacionesley21440.gob.cl', port=443): Read timed out. (read timeout=3)"
donatarias_21440,804,FUNDACION SCALABRINI,FUNDACION SCALABRINI,Inscrita,https://donacionesley21440.gob.cl/registro-publico?n=804,RUT_DIRECT,STRONG_LEGAL_REGISTRY,,,"ReadTimeout: HTTPSConnectionPool(host='donacionesley21440.gob.cl', port=443): Read timed out. (read timeout=3)"
donatarias_21440,803,FUNDACION RED DEPORTE Y VALORES,FUNDACION RED DEPORTE Y VALORES,Inscrita,https://donacionesley21440.gob.cl/registro-publico?n=803,RUT_DIRECT,STRONG_LEGAL_REGISTRY,,,"ReadTimeout: HTTPSConnectionPool(host='donacionesley21440.gob.cl', port=443): Read timed out. (read timeout=3)"
donatarias_21440,802,FUNDACIÓN PARA EL  TALENTO JUVENIL ELSIE - KUPFER DE WERNLI,FUNDACION PARA EL TALENTO JUVENIL ELSIE KUPFER DE WERNLI,Inscrita,https://donacionesley21440.gob.cl/registro-publico?n=802,RUT_DIRECT,STRONG_LEGAL_REGISTRY,,,"ReadTimeout: HTTPSConnectionPool(host='donacionesley21440.gob.cl', port=443): Read timed out. (read timeout=3)"
donatarias_21440,801,FUNDACION INTEGRA,FUNDACION INTEGRA,Inscrita,https://donacionesley21440.gob.cl/registro-publico?n=801,RUT_DIRECT,STRONG_LEGAL_REGISTRY,,,"ReadTimeout: HTTPSConnectionPool(host='donacionesley21440.gob.cl', port=443): Read timed out. (read timeout=3)"
donatarias_21440,800,FUNDACIÓN EMPEZAR DE NUEVO CHILE,FUNDACION EMPEZAR DE NUEVO CHILE,Eliminada,https://donacionesley21440.gob.cl/registro-publico?n=800,RUT_DIRECT,STRONG_LEGAL_REGISTRY,,,"ReadTimeout: HTTPSConnectionPool(host='donacionesley21440.gob.cl', port=443): Read timed out. (read timeout=3)"
donatarias_21440,799,"FUNDACION CULTURAL, SOCIAL Y EDUCATIVA CAMBALACHE",FUNDACION CULTURAL SOCIAL Y EDUCATIVA CAMBALACHE,Inscrita,https://donacionesley21440.gob.cl/registro-publico?n=799,RUT_DIRECT,STRONG_LEGAL_REGISTRY,,,"ReadTimeout: HTTPSConnectionPool(host='donacionesley21440.gob.cl', port=443): Read timed out. (read timeout=3)"
donatarias_21440,798,FUNDACION CHACRA LAS ROSAS,FUNDACION CHACRA LAS ROSAS,Inscrita,https://donacionesley21440.gob.cl/registro-publico?n=798,RUT_DIRECT,STRONG_LEGAL_REGISTRY,,,"ReadTimeout: HTTPSConnectionPool(host='donacionesley21440.gob.cl', port=443): Read timed out. (read timeout=3)"
donatarias_21440,797,FUNDACION API ALAS PARA PACIENTES CON ICTIOSIS,FUNDACION API ALAS PARA PACIENTES CON ICTIOSIS,Inscrita,https://donacionesley21440.gob.cl/registro-publico?n=797,RUT_DIRECT,STRONG_LEGAL_REGISTRY,,,"ReadTimeout: HTTPSConnectionPool(host='donacionesley21440.gob.cl', port=443): Read timed out. (read timeout=3)"
donatarias_21440,796,CORPORACION EDUCACIONAL DE SANTA MARIA DE EL MONTE,CORPORACION EDUCACIONAL DE SANTA MARIA DE EL MONTE,Inscrita,https://donacionesley21440.gob.cl/registro-publico?n=796,RUT_DIRECT,STRONG_LEGAL_REGISTRY,,,"ReadTimeout: HTTPSConnectionPool(host='donacionesley21440.gob.cl', port=443): Read timed out. (read timeout=3)"
donatarias_21440,795,CORPORACIÓN DE DESARROLLO CIMARRONES DEL CAUTIN,CORPORACION DE DESARROLLO CIMARRONES DEL CAUTIN,Inscrita,https://donacionesley21440.gob.cl/registro-publico?n=795,RUT_DIRECT,STRONG_LEGAL_REGISTRY,,,"ReadTimeout: HTTPSConnectionPool(host='donacionesley21440.gob.cl', port=443): Read timed out. (read timeout=3)"
donatarias_21440,794,UN SOLO CORAZON,UN SOLO CORAZON,Inscrita,https://donacionesley21440.gob.cl/registro-publico?n=794,RUT_DIRECT,STRONG_LEGAL_REGISTRY,,,"ReadTimeout: HTTPSConnectionPool(host='donacionesley21440.gob.cl', port=443): Read timed out. (read timeout=3)"
donatarias_21440,793,FUNDACIÓN PARA LA PROMOCIÓN Y DESARROLLO DE LA MUJER- PRODEMU,FUNDACION PARA LA PROMOCION Y DESARROLLO DE LA MUJER PRODEMU,Inscrita,https://donacionesley21440.gob.cl/registro-publico?n=793,RUT_DIRECT,STRONG_LEGAL_REGISTRY,,,"ReadTimeout: HTTPSConnectionPool(host='donacionesley21440.gob.cl', port=443): Read timed out. (read timeout=3)"
donatarias_21440,792,FUNDACIÓN MUJERES EN LITIGIOS,FUNDACION MUJERES EN LITIGIOS,Inscrita,https://donacionesley21440.gob.cl/registro-publico?n=792,RUT_DIRECT,STRONG_LEGAL_REGISTRY,,,"ReadTimeout: HTTPSConnectionPool(host='donacionesley21440.gob.cl', port=443): Read timed out. (read timeout=3)"
donatarias_21440,791,FUNDACIÓN JANE GOODALL INSTITUTE CHILE,FUNDACION JANE GOODALL INSTITUTE CHILE,Inscrita,https://donacionesley21440.gob.cl/registro-publico?n=791,RUT_DIRECT,STRONG_LEGAL_REGISTRY,,,"ReadTimeout: HTTPSConnectionPool(host='donacionesley21440.gob.cl', port=443): Read timed out. (read timeout=3)"
donatarias_21440,790,FUNDACION EDUCACIONAL ROBERT PACE,FUNDACION EDUCACIONAL ROBERT PACE,Inscrita,https://donacionesley21440.gob.cl/registro-publico?n=790,RUT_DIRECT,STRONG_LEGAL_REGISTRY,,,"ReadTimeout: HTTPSConnectionPool(host='donacionesley21440.gob.cl', port=443): Read timed out. (read timeout=3)"
donatarias_21440,789,FUNDACIÓN DE EDUCACIÓN Y CAPACITACIÓN RECREA,FUNDACION DE EDUCACION Y CAPACITACION RECREA,Inscrita,https://donacionesley21440.gob.cl/registro-publico?n=789,RUT_DIRECT,STRONG_LEGAL_REGISTRY,65080066-4,ENT-RUT-65080066-4,
donatarias_21440,788,FUNDACIÓN ADULTOS MAYORES CHILE,FUNDACION ADULTOS MAYORES CHILE,Inscrita,https://donacionesley21440.gob.cl/registro-publico?n=788,RUT_DIRECT,STRONG_LEGAL_REGISTRY,,,"ReadTimeout: HTTPSConnectionPool(host='donacionesley21440.gob.cl', port=443): Read timed out. (read timeout=3)"
donatarias_21440,787,CONSEJO NACIONAL DE PROTECCIÓN A LA ANCIANIDAD,CONSEJO NACIONAL DE PROTECCION A LA ANCIANIDAD,Inscrita,https://donacionesley21440.gob.cl/registro-publico?n=787,RUT_DIRECT,STRONG_LEGAL_REGISTRY,,,"ReadTimeout: HTTPSConnectionPool(host='donacionesley21440.gob.cl', port=443): Read timed out. (read timeout=3)"
donatarias_21440,786,CONGREGACION DE LA PRECIOSA SANGRE,CONGREGACION DE LA PRECIOSA SANGRE,Inscrita,https://donacionesley21440.gob.cl/registro-publico?n=786,RUT_DIRECT,STRONG_LEGAL_REGISTRY,,,"ReadTimeout: HTTPSConnectionPool(host='donacionesley21440.gob.cl', port=443): Read timed out. (read timeout=3)"
donatarias_21440,785,ORGANIZACION NO GUBERNAMENTAL CENTRO DE DESARROLLO RAPA NUI TOKI,ORGANIZACION NO GUBERNAMENTAL CENTRO DE DESARROLLO RAPA NUI TOKI,Inscrita,https://donacionesley21440.gob.cl/registro-publico?n=785,RUT_DIRECT,STRONG_LEGAL_REGISTRY,,,"ReadTimeout: HTTPSConnectionPool(host='donacionesley21440.gob.cl', port=443): Read timed out. (read timeout=3)"
donatarias_21440,784,ONG DESARROLLO KORBAN,ONG DESARROLLO KORBAN,Inscrita,https://donacionesley21440.gob.cl/registro-publico?n=784,RUT_DIRECT,STRONG_LEGAL_REGISTRY,,,"ReadTimeout: HTTPSConnectionPool(host='donacionesley21440.gob.cl', port=443): Read timed out. (read timeout=3)"
donatarias_21440,783,FUNDACIÓN WILDTREE RED ECOLÓGICA,FUNDACION WILDTREE RED ECOLOGICA,Inscrita,https://donacionesley21440.gob.cl/registro-publico?n=783,RUT_DIRECT,STRONG_LEGAL_REGISTRY,,,"ReadTimeout: HTTPSConnectionPool(host='donacionesley21440.gob.cl', port=443): Read timed out. (read timeout=3)"
donatarias_21440,782,FUNDACION VALOR EDUCATIVO,FUNDACION VALOR EDUCATIVO,Eliminada,https://donacionesley21440.gob.cl/registro-publico?n=782,RUT_DIRECT,STRONG_LEGAL_REGISTRY,,,"ReadTimeout: HTTPSConnectionPool(host='donacionesley21440.gob.cl', port=443): Read timed out. (read timeout=3)"
donatarias_21440,781,FUNDACION TODOS UNO,FUNDACION TODOS UNO,Inscrita,https://donacionesley21440.gob.cl/registro-publico?n=781,RUT_DIRECT,STRONG_LEGAL_REGISTRY,65178585-5,ENT-RUT-65178585-5,
donatarias_21440,780,FUNDACIÓN TERAIKE,FUNDACION TERAIKE,Inscrita,https://donacionesley21440.gob.cl/registro-publico?n=780,RUT_DIRECT,STRONG_LEGAL_REGISTRY,,,"ReadTimeout: HTTPSConnectionPool(host='donacionesley21440.gob.cl', port=443): Read timed out. (read timeout=3)"
donatarias_21440,779,FUNDACION SENSORES HUMANOS,FUNDACION SENSORES HUMANOS,Inscrita,https://donacionesley21440.gob.cl/registro-publico?n=779,RUT_DIRECT,STRONG_LEGAL_REGISTRY,,,"ReadTimeout: HTTPSConnectionPool(host='donacionesley21440.gob.cl', port=443): Read timed out. (read timeout=3)"
donatarias_21440,778,FUNDACION SAN ANDRES APOSTOL,FUNDACION SAN ANDRES APOSTOL,Inscrita,https://donacionesley21440.gob.cl/registro-publico?n=778,RUT_DIRECT,STRONG_LEGAL_REGISTRY,,,"ReadTimeout: HTTPSConnectionPool(host='donacionesley21440.gob.cl', port=443): Read timed out. (read timeout=3)"
donatarias_21440,777,FUNDACIÓN MIL TRES CIENTOS SESENTA Y SIETE,FUNDACION MIL TRES CIENTOS SESENTA Y SIETE,Inscrita,https://donacionesley21440.gob.cl/registro-publico?n=777,RUT_DIRECT,STRONG_LEGAL_REGISTRY,,,"ReadTimeout: HTTPSConnectionPool(host='donacionesley21440.gob.cl', port=443): Read timed out. (read timeout=3)"
donatarias_21440,776,FUNDACION EDUCACIONAL SANTA TERESA,FUNDACION EDUCACIONAL SANTA TERESA,Inscrita,https://donacionesley21440.gob.cl/registro-publico?n=776,RUT_DIRECT,STRONG_LEGAL_REGISTRY,,,"ReadTimeout: HTTPSConnectionPool(host='donacionesley21440.gob.cl', port=443): Read timed out. (read timeout=3)"
donatarias_21440,775,FUNDACIÓN DE APOYO Y COLABORACIÓN A ORGANIZACIONES CIVILES SOÑAR,FUNDACION DE APOYO Y COLABORACION A ORGANIZACIONES CIVILES SONAR,Inscrita,https://donacionesley21440.gob.cl/registro-publico?n=775,RUT_DIRECT,STRONG_LEGAL_REGISTRY,,,"ReadTimeout: HTTPSConnectionPool(host='donacionesley21440.gob.cl', port=443): Read timed out. (read timeout=3)"
donatarias_21440,774,FUNDACION CULTURAL PARA LA REINSERCION SOCIAL ITACA,FUNDACION CULTURAL PARA LA REINSERCION SOCIAL ITACA,Inscrita,https://donacionesley21440.gob.cl/registro-publico?n=774,RUT_DIRECT,STRONG_LEGAL_REGISTRY,,,"ReadTimeout: HTTPSConnectionPool(host='donacionesley21440.gob.cl', port=443): Read timed out. (read timeout=3)"
donatarias_21440,773,FUNDACION CIRCULO POLAR,FUNDACION CIRCULO POLAR,Inscrita,https://donacionesley21440.gob.cl/registro-publico?n=773,RUT_DIRECT,STRONG_LEGAL_REGISTRY,65197277-9,ENT-RUT-65197277-9,
donatarias_21440,772,CUERPO DE BOMBEROS DE PUNTA ARENAS,CUERPO DE BOMBEROS DE PUNTA ARENAS,Inscrita,https://donacionesley21440.gob.cl/registro-publico?n=772,RUT_DIRECT,STRONG_LEGAL_REGISTRY,,,"ReadTimeout: HTTPSConnectionPool(host='donacionesley21440.gob.cl', port=443): Read timed out. (read timeout=3)"
donatarias_21440,771,CORPORACION MUNICIPAL DE DESARROLLO SOCIAL LOS MUERMOS,CORPORACION MUNICIPAL DE DESARROLLO SOCIAL LOS MUERMOS,Inscrita,https://donacionesley21440.gob.cl/registro-publico?n=771,RUT_DIRECT,STRONG_LEGAL_REGISTRY,,,"ReadTimeout: HTTPSConnectionPool(host='donacionesley21440.gob.cl', port=443): Read timed out. (read timeout=3)"
donatarias_21440,770,CORPORACIÓN IGLESIA EVANGELICA UNIÓN CRISTIANA,CORPORACION IGLESIA EVANGELICA UNION CRISTIANA,Inscrita,https://donacionesley21440.gob.cl/registro-publico?n=770,RUT_DIRECT,STRONG_LEGAL_REGISTRY,,,"ReadTimeout: HTTPSConnectionPool(host='donacionesley21440.gob.cl', port=443): Read timed out. (read timeout=3)"
donatarias_21440,769,CORPORACIÓN FORJA CHILE,CORPORACION FORJA CHILE,Eliminada,https://donacionesley21440.gob.cl/registro-publico?n=769,RUT_DIRECT,STRONG_LEGAL_REGISTRY,,,"ReadTimeout: HTTPSConnectionPool(host='donacionesley21440.gob.cl', port=443): Read timed out. (read timeout=3)"
donatarias_21440,768,CORPORACION DE ESTUDIO DESARROLLO CAPACITACION Y COMERCIALIZACION ABRIENDO PUERTAS,CORPORACION DE ESTUDIO DESARROLLO CAPACITACION Y COMERCIALIZACION ABRIENDO PUERTAS,Inscrita,https://donacionesley21440.gob.cl/registro-publico?n=768,RUT_DIRECT,STRONG_LEGAL_REGISTRY,,,"ReadTimeout: HTTPSConnectionPool(host='donacionesley21440.gob.cl', port=443): Read timed out. (read timeout=3)"
donatarias_21440,767,"CORPORACIÓN CULTURAL, SOCIAL, DEPORTIVA Y MEDIOAMBIENTAL PAR DE ANTPOFAGASTA",CORPORACION CULTURAL SOCIAL DEPORTIVA Y MEDIOAMBIENTAL PAR DE ANTPOFAGASTA,Inscrita,https://donacionesley21440.gob.cl/registro-publico?n=767,RUT_DIRECT,STRONG_LEGAL_REGISTRY,,,"ReadTimeout: HTTPSConnectionPool(host='donacionesley21440.gob.cl', port=443): Read timed out. (read timeout=3)"
donatarias_21440,766,CORPORACIÓN CULTURAL LA HUELLA TEATRO DE ANTOFAGASTA,CORPORACION CULTURAL LA HUELLA TEATRO DE ANTOFAGASTA,Inscrita,https://donacionesley21440.gob.cl/registro-publico?n=766,RUT_DIRECT,STRONG_LEGAL_REGISTRY,,,"ReadTimeout: HTTPSConnectionPool(host='donacionesley21440.gob.cl', port=443): Read timed out. (read timeout=3)"
donatarias_21440,765,CORPORACIÓN ANGELINA LA MEDIOAMBIENTALISTA,CORPORACION ANGELINA LA MEDIOAMBIENTALISTA,Inscrita,https://donacionesley21440.gob.cl/registro-publico?n=765,RUT_DIRECT,STRONG_LEGAL_REGISTRY,,,"ReadTimeout: HTTPSConnectionPool(host='donacionesley21440.gob.cl', port=443): Read timed out. (read timeout=3)"
donatarias_21440,764,ASOCIACIÓN ONG BESTIAS DEL SUR SALVAJE,ASOCIACION ONG BESTIAS DEL SUR SALVAJE,Inscrita,https://donacionesley21440.gob.cl/registro-publico?n=764,RUT_DIRECT,STRONG_LEGAL_REGISTRY,,,"ReadTimeout: HTTPSConnectionPool(host='donacionesley21440.gob.cl', port=443): Read timed out. (read timeout=3)"
donatarias_21440,763,ARZOBISPADO DE PUERTO MONTT,ARZOBISPADO DE PUERTO MONTT,Inscrita,https://donacionesley21440.gob.cl/registro-publico?n=763,RUT_DIRECT,STRONG_LEGAL_REGISTRY,,,"ReadTimeout: HTTPSConnectionPool(host='donacionesley21440.gob.cl', port=443): Read timed out. (read timeout=3)"
donatarias_21440,762,ACTIVA - T POR MÁS,ACTIVA T POR MAS,Inscrita,https://donacionesley21440.gob.cl/registro-publico?n=762,RUT_DIRECT,STRONG_LEGAL_REGISTRY,,,"ReadTimeout: HTTPSConnectionPool(host='donacionesley21440.gob.cl', port=443): Read timed out. (read timeout=3)"
donatarias_21440,761,GESTA FUNDACION MARISTA POR LA SOLIDARIDAD,GESTA FUNDACION MARISTA POR LA SOLIDARIDAD,Inscrita,https://donacionesley21440.gob.cl/registro-publico?n=761,RUT_DIRECT,STRONG_LEGAL_REGISTRY,,,"ReadTimeout: HTTPSConnectionPool(host='donacionesley21440.gob.cl', port=443): Read timed out. (read timeout=3)"
donatarias_21440,760,FUNDACION TEA CHILE,FUNDACION TEA CHILE,Inscrita,https://donacionesley21440.gob.cl/registro-publico?n=760,RUT_DIRECT,STRONG_LEGAL_REGISTRY,,,"ReadTimeout: HTTPSConnectionPool(host='donacionesley21440.gob.cl', port=443): Read timed out. (read timeout=3)"
donatarias_21440,759,FUNDACION SOCIAL CFC,FUNDACION SOCIAL CFC,Inscrita,https://donacionesley21440.gob.cl/registro-publico?n=759,RUT_DIRECT,STRONG_LEGAL_REGISTRY,,,"ReadTimeout: HTTPSConnectionPool(host='donacionesley21440.gob.cl', port=443): Read timed out. (read timeout=3)"
donatarias_21440,758,FUNDACIÓN PARA LA INFERTILIDAD Y LA EDUCACIÓN SOBRE LOS DERECHOS REPRODUCTIVOS,FUNDACION PARA LA INFERTILIDAD Y LA EDUCACION SOBRE LOS DERECHOS REPRODUCTIVOS,Inscrita,https://donacionesley21440.gob.cl/registro-publico?n=758,RUT_DIRECT,STRONG_LEGAL_REGISTRY,,,"ReadTimeout: HTTPSConnectionPool(host='donacionesley21440.gob.cl', port=443): Read timed out. (read timeout=3)"
donatarias_21440,757,FUNDACIÓN NIEBLA,FUNDACION NIEBLA,Inscrita,https://donacionesley21440.gob.cl/registro-publico?n=757,RUT_DIRECT,STRONG_LEGAL_REGISTRY,,,"ReadTimeout: HTTPSConnectionPool(host='donacionesley21440.gob.cl', port=443): Read timed out. (read timeout=3)"
donatarias_21440,756,FUNDACIÓN MOVIMIENTO ACOGIDA,FUNDACION MOVIMIENTO ACOGIDA,Eliminada,https://donacionesley21440.gob.cl/registro-publico?n=756,RUT_DIRECT,STRONG_LEGAL_REGISTRY,,,"ReadTimeout: HTTPSConnectionPool(host='donacionesley21440.gob.cl', port=443): Read timed out. (read timeout=3)"
donatarias_21440,755,FUNDACION MIL PALABRAS,FUNDACION MIL PALABRAS,Inscrita,https://donacionesley21440.gob.cl/registro-publico?n=755,RUT_DIRECT,STRONG_LEGAL_REGISTRY,,,"ReadTimeout: HTTPSConnectionPool(host='donacionesley21440.gob.cl', port=443): Read timed out. (read timeout=3)"
donatarias_21440,754,"FUNDACION MEDIOAMBIENTAL, CULTURAL Y SOCIAL SIN FINES DE LUCRO AQUAVIAS",FUNDACION MEDIOAMBIENTAL CULTURAL Y SOCIAL SIN FINES DE LUCRO AQUAVIAS,Inscrita,https://donacionesley21440.gob.cl/registro-publico?n=754,RUT_DIRECT,STRONG_LEGAL_REGISTRY,,,"ReadTimeout: HTTPSConnectionPool(host='donacionesley21440.gob.cl', port=443): Read timed out. (read timeout=3)"
donatarias_21440,753,FUNDACION MASCARONA PARA LA GENTE DE MAR CHILE,FUNDACION MASCARONA PARA LA GENTE DE MAR CHILE,Inscrita,https://donacionesley21440.gob.cl/registro-publico?n=753,RUT_DIRECT,STRONG_LEGAL_REGISTRY,,,"ReadTimeout: HTTPSConnectionPool(host='donacionesley21440.gob.cl', port=443): Read timed out. (read timeout=3)"
donatarias_21440,752,FUNDACION MARIANELA MENESES SEPULVEDA,FUNDACION MARIANELA MENESES SEPULVEDA,Inscrita,https://donacionesley21440.gob.cl/registro-publico?n=752,RUT_DIRECT,STRONG_LEGAL_REGISTRY,,,"ReadTimeout: HTTPSConnectionPool(host='donacionesley21440.gob.cl', port=443): Read timed out. (read timeout=3)"
donatarias_21440,751,FUNDACION MARIA EN EL CAMINO,FUNDACION MARIA EN EL CAMINO,Inscrita,https://donacionesley21440.gob.cl/registro-publico?n=751,RUT_DIRECT,STRONG_LEGAL_REGISTRY,,,"ReadTimeout: HTTPSConnectionPool(host='donacionesley21440.gob.cl', port=443): Read timed out. (read timeout=3)"
donatarias_21440,750,FUNDACIÓN DE ACOMPAÑAMIENTO RED DE MAMÁS MENTORAS,FUNDACION DE ACOMPANAMIENTO RED DE MAMAS MENTORAS,Inscrita,https://donacionesley21440.gob.cl/registro-publico?n=750,RUT_DIRECT,STRONG_LEGAL_REGISTRY,,,"ReadTimeout: HTTPSConnectionPool(host='donacionesley21440.gob.cl', port=443): Read timed out. (read timeout=3)"
donatarias_21440,749,FUNDACIÓN AYUDA CALLEJEROS,FUNDACION AYUDA CALLEJEROS,Inscrita,https://donacionesley21440.gob.cl/registro-publico?n=749,RUT_DIRECT,STRONG_LEGAL_REGISTRY,,,"ReadTimeout: HTTPSConnectionPool(host='donacionesley21440.gob.cl', port=443): Read timed out. (read timeout=3)"
donatarias_21440,748,FUNDACION ACOMPAÑANDO PASOS,FUNDACION ACOMPANANDO PASOS,Inscrita,https://donacionesley21440.gob.cl/registro-publico?n=748,RUT_DIRECT,STRONG_LEGAL_REGISTRY,,,"ReadTimeout: HTTPSConnectionPool(host='donacionesley21440.gob.cl', port=443): Read timed out. (read timeout=3)"
donatarias_21440,747,ASOCIACION COMUNICACION COOPERATIVA,ASOCIACION COMUNICACION COOPERATIVA,Inscrita,https://donacionesley21440.gob.cl/registro-publico?n=747,RUT_DIRECT,STRONG_LEGAL_REGISTRY,,,"ReadTimeout: HTTPSConnectionPool(host='donacionesley21440.gob.cl', port=443): Read timed out. (read timeout=3)"
donatarias_21440,746,FUNDACION PROYECTO ARCA,FUNDACION PROYECTO ARCA,Eliminada,https://donacionesley21440.gob.cl/registro-publico?n=746,RUT_DIRECT,STRONG_LEGAL_REGISTRY,,,"ReadTimeout: HTTPSConnectionPool(host='donacionesley21440.gob.cl', port=443): Read timed out. (read timeout=3)"
donatarias_21440,745,FUNDACIÓN LEY DOMINGA,FUNDACION LEY DOMINGA,Eliminada,https://donacionesley21440.gob.cl/registro-publico?n=745,RUT_DIRECT,STRONG_LEGAL_REGISTRY,,,"ReadTimeout: HTTPSConnectionPool(host='donacionesley21440.gob.cl', port=443): Read timed out. (read timeout=3)"
donatarias_21440,744,FUNDACION ECAM,FUNDACION ECAM,Inscrita,https://donacionesley21440.gob.cl/registro-publico?n=744,RUT_DIRECT,STRONG_LEGAL_REGISTRY,,,"ReadTimeout: HTTPSConnectionPool(host='donacionesley21440.gob.cl', port=443): Read timed out. (read timeout=3)"
donatarias_21440,743,FUNDACIÓN ARTURO LÓPEZ PÉREZ,FUNDACION ARTURO LOPEZ PEREZ,Inscrita,https://donacionesley21440.gob.cl/registro-publico?n=743,RUT_DIRECT,STRONG_LEGAL_REGISTRY,,,"ReadTimeout: HTTPSConnectionPool(host='donacionesley21440.gob.cl', port=443): Read timed out. (read timeout=3)"
donatarias_21440,742,ASOCIACIÓN VIRGEN MARIA DEL CAMINO,ASOCIACION VIRGEN MARIA DEL CAMINO,Inscrita,https://donacionesley21440.gob.cl/registro-publico?n=742,RUT_DIRECT,STRONG_LEGAL_REGISTRY,,,"ReadTimeout: HTTPSConnectionPool(host='donacionesley21440.gob.cl', port=443): Read timed out. (read timeout=3)"
donatarias_21440,741,FUNDACION RESCATE FELINO CHILE,FUNDACION RESCATE FELINO CHILE,Inscrita,https://donacionesley21440.gob.cl/registro-publico?n=741,RUT_DIRECT,STRONG_LEGAL_REGISTRY,53333983-2,ENT-RUT-53333983-2,
donatarias_21440,740,FUNDACION ESPACIO PUBLICO,FUNDACION ESPACIO PUBLICO,Inscrita,https://donacionesley21440.gob.cl/registro-publico?n=740,RUT_DIRECT,STRONG_LEGAL_REGISTRY,,,"ReadTimeout: HTTPSConnectionPool(host='donacionesley21440.gob.cl', port=443): Read timed out. (read timeout=3)"
donatarias_21440,739,FUNDACIÓN DE BENEFICENCIA PÚBLICA PARAMITA CHILE,FUNDACION DE BENEFICENCIA PUBLICA PARAMITA CHILE,Inscrita,https://donacionesley21440.gob.cl/registro-publico?n=739,RUT_DIRECT,STRONG_LEGAL_REGISTRY,,,"ReadTimeout: HTTPSConnectionPool(host='donacionesley21440.gob.cl', port=443): Read timed out. (read timeout=3)"
donatarias_21440,738,FUNDACIÓN BIÓSFERA MÍA,FUNDACION BIOSFERA MIA,Inscrita,https://donacionesley21440.gob.cl/registro-publico?n=738,RUT_DIRECT,STRONG_LEGAL_REGISTRY,,,"ReadTimeout: HTTPSConnectionPool(host='donacionesley21440.gob.cl', port=443): Read timed out. (read timeout=3)"
donatarias_21440,737,CORPORACION MUNICIPAL DEL ARTE Y LA CULTURA DE TALAGANTE,CORPORACION MUNICIPAL DEL ARTE Y LA CULTURA DE TALAGANTE,Inscrita,https://donacionesley21440.gob.cl/registro-publico?n=737,RUT_DIRECT,STRONG_LEGAL_REGISTRY,,,"ReadTimeout: HTTPSConnectionPool(host='donacionesley21440.gob.cl', port=443): Read timed out. (read timeout=3)"
donatarias_21440,736,FUNDACIÓN VERDICAL,FUNDACION VERDICAL,Inscrita,https://donacionesley21440.gob.cl/registro-publico?n=736,RUT_DIRECT,STRONG_LEGAL_REGISTRY,,,"ReadTimeout: HTTPSConnectionPool(host='donacionesley21440.gob.cl', port=443): Read timed out. (read timeout=3)"
donatarias_21440,735,FUNDACIÓN SOY PUENTE,FUNDACION SOY PUENTE,Inscrita,https://donacionesley21440.gob.cl/registro-publico?n=735,RUT_DIRECT,STRONG_LEGAL_REGISTRY,,,"ReadTimeout: HTTPSConnectionPool(host='donacionesley21440.gob.cl', port=443): Read timed out. (read timeout=3)"
donatarias_21440,734,FUNDACION MUSEO DE LAS ABEJAS,FUNDACION MUSEO DE LAS ABEJAS,Inscrita,https://donacionesley21440.gob.cl/registro-publico?n=734,RUT_DIRECT,STRONG_LEGAL_REGISTRY,,,"ReadTimeout: HTTPSConnectionPool(host='donacionesley21440.gob.cl', port=443): Read timed out. (read timeout=3)"
donatarias_21440,733,FUNDACION HUERTOS SAN BENITO,FUNDACION HUERTOS SAN BENITO,Eliminada,https://donacionesley21440.gob.cl/registro-publico?n=733,RUT_DIRECT,STRONG_LEGAL_REGISTRY,,,"ReadTimeout: HTTPSConnectionPool(host='donacionesley21440.gob.cl', port=443): Read timed out. (read timeout=3)"
donatarias_21440,732,FUNDACION CULTURAL CHILE VIOLINES,FUNDACION CULTURAL CHILE VIOLINES,Inscrita,https://donacionesley21440.gob.cl/registro-publico?n=732,RUT_DIRECT,STRONG_LEGAL_REGISTRY,,,"ReadTimeout: HTTPSConnectionPool(host='donacionesley21440.gob.cl', port=443): Read timed out. (read timeout=3)"
donatarias_21440,731,FUNDACIÓN CLARO-VIAL,FUNDACION CLARO VIAL,Inscrita,https://donacionesley21440.gob.cl/registro-publico?n=731,RUT_DIRECT,STRONG_LEGAL_REGISTRY,,,"ReadTimeout: HTTPSConnectionPool(host='donacionesley21440.gob.cl', port=443): Read timed out. (read timeout=3)"
donatarias_21440,730,CUERPO DE BOMBEROS DE COELEMU,CUERPO DE BOMBEROS DE COELEMU,Inscrita,https://donacionesley21440.gob.cl/registro-publico?n=730,RUT_DIRECT,STRONG_LEGAL_REGISTRY,,,"ReadTimeout: HTTPSConnectionPool(host='donacionesley21440.gob.cl', port=443): Read timed out. (read timeout=3)"
donatarias_21440,729,CORPORACION MUSEO DE PEDRO DE VALDIVIA,CORPORACION MUSEO DE PEDRO DE VALDIVIA,Inscrita,https://donacionesley21440.gob.cl/registro-publico?n=729,RUT_DIRECT,STRONG_LEGAL_REGISTRY,,,"ReadTimeout: HTTPSConnectionPool(host='donacionesley21440.gob.cl', port=443): Read timed out. (read timeout=3)"
donatarias_21440,728,ORGANIZACIÓN NO GUBERNAMENTAL DEFENSA Y PROTECCIÓN ANIMAL COYHAIQUE U ODEPAC,ORGANIZACION NO GUBERNAMENTAL DEFENSA Y PROTECCION ANIMAL COYHAIQUE U ODEPAC,Inscrita,https://donacionesley21440.gob.cl/registro-publico?n=728,RUT_DIRECT,STRONG_LEGAL_REGISTRY,,,"ReadTimeout: HTTPSConnectionPool(host='donacionesley21440.gob.cl', port=443): Read timed out. (read timeout=3)"
donatarias_21440,727,ORGANIZACION NO GUBERNAMENTAL DE DESARROLLO COMUNIDAD LA ESCUELA IMAGINARIA,ORGANIZACION NO GUBERNAMENTAL DE DESARROLLO COMUNIDAD LA ESCUELA IMAGINARIA,Inscrita,https://donacionesley21440.gob.cl/registro-publico?n=727,RUT_DIRECT,STRONG_LEGAL_REGISTRY,,,"ReadTimeout: HTTPSConnectionPool(host='donacionesley21440.gob.cl', port=443): Read timed out. (read timeout=3)"
donatarias_21440,726,FUNDACION T.E.A AMAMOS,FUNDACION T E A AMAMOS,Eliminada,https://donacionesley21440.gob.cl/registro-publico?n=726,RUT_DIRECT,STRONG_LEGAL_REGISTRY,,,"ReadTimeout: HTTPSConnectionPool(host='donacionesley21440.gob.cl', port=443): Read timed out. (read timeout=3)"
donatarias_21440,725,FUNDACION NEUROLOGICA ANKU CHILE,FUNDACION NEUROLOGICA ANKU CHILE,Inscrita,https://donacionesley21440.gob.cl/registro-publico?n=725,RUT_DIRECT,STRONG_LEGAL_REGISTRY,,,"ReadTimeout: HTTPSConnectionPool(host='donacionesley21440.gob.cl', port=443): Read timed out. (read timeout=3)"
donatarias_21440,724,FUNDACIÓN EDUCACIONAL PADRE HERNAN ALESSANDRI,FUNDACION EDUCACIONAL PADRE HERNAN ALESSANDRI,Inscrita,https://donacionesley21440.gob.cl/registro-publico?n=724,RUT_DIRECT,STRONG_LEGAL_REGISTRY,,,"ReadTimeout: HTTPSConnectionPool(host='donacionesley21440.gob.cl', port=443): Read timed out. (read timeout=3)"
donatarias_21440,723,"FUNDACIÓN DE BENEFICENCIA PÚBLICA, MEDIOAMBIENTAL, CIENTÍFICA, CULTURAL Y SOCIAL QUEULE",FUNDACION DE BENEFICENCIA PUBLICA MEDIOAMBIENTAL CIENTIFICA CULTURAL Y SOCIAL QUEULE,Inscrita,https://donacionesley21440.gob.cl/registro-publico?n=723,RUT_DIRECT,STRONG_LEGAL_REGISTRY,,,"ReadTimeout: HTTPSConnectionPool(host='donacionesley21440.gob.cl', port=443): Read timed out. (read timeout=3)"
donatarias_21440,722,"FUNDACION ARTEXPRESION SOCIAL, CULTURAL Y DEPORTIVA",FUNDACION ARTEXPRESION SOCIAL CULTURAL Y DEPORTIVA,Inscrita,https://donacionesley21440.gob.cl/registro-publico?n=722,RUT_DIRECT,STRONG_LEGAL_REGISTRY,,,"ReadTimeout: HTTPSConnectionPool(host='donacionesley21440.gob.cl', port=443): Read timed out. (read timeout=3)"
donatarias_21440,721,FUNDACION ARTE Y VANGUARDIA,FUNDACION ARTE Y VANGUARDIA,Inscrita,https://donacionesley21440.gob.cl/registro-publico?n=721,RUT_DIRECT,STRONG_LEGAL_REGISTRY,,,"ReadTimeout: HTTPSConnectionPool(host='donacionesley21440.gob.cl', port=443): Read timed out. (read timeout=3)"
donatarias_21440,720,CORPORACION CHILENA DE MEDICINA Y ACCION PSICOSOCIOCULTURAL ANTROPOSOFICA,CORPORACION CHILENA DE MEDICINA Y ACCION PSICOSOCIOCULTURAL ANTROPOSOFICA,Inscrita,https://donacionesley21440.gob.cl/registro-publico?n=720,RUT_DIRECT,STRONG_LEGAL_REGISTRY,,,"ReadTimeout: HTTPSConnectionPool(host='donacionesley21440.gob.cl', port=443): Read timed out. (read timeout=3)"
donatarias_21440,719,ASOCIACIÓN CHILE HISTORIA DIGITAL,ASOCIACION CHILE HISTORIA DIGITAL,Inscrita,https://donacionesley21440.gob.cl/registro-publico?n=719,RUT_DIRECT,STRONG_LEGAL_REGISTRY,,,"ReadTimeout: HTTPSConnectionPool(host='donacionesley21440.gob.cl', port=443): Read timed out. (read timeout=3)"
donatarias_21440,718,ORG.NO GUBERNAMENTAL DE DESARROLLO CORPORACION ALTOS DE CANTILLANA,ORG NO GUBERNAMENTAL DE DESARROLLO CORPORACION ALTOS DE CANTILLANA,Inscrita,https://donacionesley21440.gob.cl/registro-publico?n=718,RUT_DIRECT,STRONG_LEGAL_REGISTRY,,,"ReadTimeout: HTTPSConnectionPool(host='donacionesley21440.gob.cl', port=443): Read timed out. (read timeout=3)"
donatarias_21440,717,ORGANIZACIÓN NO GUBERNAMENTAL DE DESARROLLO TE MAR PACIFIC OCEAN CARE,ORGANIZACION NO GUBERNAMENTAL DE DESARROLLO TE MAR PACIFIC OCEAN CARE,Inscrita,https://donacionesley21440.gob.cl/registro-publico?n=717,RUT_DIRECT,STRONG_LEGAL_REGISTRY,,,"ReadTimeout: HTTPSConnectionPool(host='donacionesley21440.gob.cl', port=443): Read timed out. (read timeout=3)"
donatarias_21440,716,FUNDACIÓN VELAR,FUNDACION VELAR,Eliminada,https://donacionesley21440.gob.cl/registro-publico?n=716,RUT_DIRECT,STRONG_LEGAL_REGISTRY,,,"ReadTimeout: HTTPSConnectionPool(host='donacionesley21440.gob.cl', port=443): Read timed out. (read timeout=3)"
donatarias_21440,715,FUNDACION SOS PELUDOS TARAPACA,FUNDACION SOS PELUDOS TARAPACA,Inscrita,https://donacionesley21440.gob.cl/registro-publico?n=715,RUT_DIRECT,STRONG_LEGAL_REGISTRY,,,"ReadTimeout: HTTPSConnectionPool(host='donacionesley21440.gob.cl', port=443): Read timed out. (read timeout=3)"
donatarias_21440,714,FUNDACION ROMPIENTES,FUNDACION ROMPIENTES,Inscrita,https://donacionesley21440.gob.cl/registro-publico?n=714,RUT_DIRECT,STRONG_LEGAL_REGISTRY,,,"ReadTimeout: HTTPSConnectionPool(host='donacionesley21440.gob.cl', port=443): Read timed out. (read timeout=3)"
donatarias_21440,713,FUNDACION ESPERANZA,FUNDACION ESPERANZA,Inscrita,https://donacionesley21440.gob.cl/registro-publico?n=713,RUT_DIRECT,STRONG_LEGAL_REGISTRY,,,"ReadTimeout: HTTPSConnectionPool(host='donacionesley21440.gob.cl', port=443): Read timed out. (read timeout=3)"
donatarias_21440,712,CORPORACION LA GRANJA,CORPORACION LA GRANJA,Inscrita,https://donacionesley21440.gob.cl/registro-publico?n=712,RUT_DIRECT,STRONG_LEGAL_REGISTRY,71720000-4,ENT-RUT-71720000-4,
donatarias_21440,711,CORPORACIÓN IGLESIA ALIANZA CRISTIANA Y MISIONERA,CORPORACION IGLESIA ALIANZA CRISTIANA Y MISIONERA,Inscrita,https://donacionesley21440.gob.cl/registro-publico?n=711,RUT_DIRECT,STRONG_LEGAL_REGISTRY,,,"ReadTimeout: HTTPSConnectionPool(host='donacionesley21440.gob.cl', port=443): Read timed out. (read timeout=3)"
donatarias_21440,710,CORPORACIÓN ESCUCHAR,CORPORACION ESCUCHAR,Inscrita,https://donacionesley21440.gob.cl/registro-publico?n=710,RUT_DIRECT,STRONG_LEGAL_REGISTRY,,,"ReadTimeout: HTTPSConnectionPool(host='donacionesley21440.gob.cl', port=443): Read timed out. (read timeout=3)"
donatarias_21440,709,CENTRO DE ESTUDIOS DE LA PRIMERA INFANCIA,CENTRO DE ESTUDIOS DE LA PRIMERA INFANCIA,Inscrita,https://donacionesley21440.gob.cl/registro-publico?n=709,RUT_DIRECT,STRONG_LEGAL_REGISTRY,,,"ReadTimeout: HTTPSConnectionPool(host='donacionesley21440.gob.cl', port=443): Read timed out. (read timeout=3)"
donatarias_21440,708,ONG TE PROTEJO,ONG TE PROTEJO,Inscrita,https://donacionesley21440.gob.cl/registro-publico?n=708,RUT_DIRECT,STRONG_LEGAL_REGISTRY,,,"ReadTimeout: HTTPSConnectionPool(host='donacionesley21440.gob.cl', port=443): Read timed out. (read timeout=3)"
donatarias_21440,707,FUNDACIÓN TODO CHILE ENTER,FUNDACION TODO CHILE ENTER,Eliminada,https://donacionesley21440.gob.cl/registro-publico?n=707,RUT_DIRECT,STRONG_LEGAL_REGISTRY,,,"ReadTimeout: HTTPSConnectionPool(host='donacionesley21440.gob.cl', port=443): Read timed out. (read timeout=3)"
donatarias_21440,706,FUNDACIÓN PLANIFICABLE,FUNDACION PLANIFICABLE,Inscrita,https://donacionesley21440.gob.cl/registro-publico?n=706,RUT_DIRECT,STRONG_LEGAL_REGISTRY,,,"ReadTimeout: HTTPSConnectionPool(host='donacionesley21440.gob.cl', port=443): Read timed out. (read timeout=3)"
donatarias_21440,705,FUNDACIÓN PARA LA SALUD DIGNA QUINTERO PUCHUNCAVI,FUNDACION PARA LA SALUD DIGNA QUINTERO PUCHUNCAVI,Inscrita,https://donacionesley21440.gob.cl/registro-publico?n=705,RUT_DIRECT,STRONG_LEGAL_REGISTRY,,,"ReadTimeout: HTTPSConnectionPool(host='donacionesley21440.gob.cl', port=443): Read timed out. (read timeout=3)"
donatarias_21440,704,FUNDACION PACTO SOCIAL,FUNDACION PACTO SOCIAL,Inscrita,https://donacionesley21440.gob.cl/registro-publico?n=704,RUT_DIRECT,STRONG_LEGAL_REGISTRY,65047572-0,ENT-RUT-65047572-0,
donatarias_21440,703,FUNDACIÓN HUMBOLDTI,FUNDACION HUMBOLDTI,Inscrita,https://donacionesley21440.gob.cl/registro-publico?n=703,RUT_DIRECT,STRONG_LEGAL_REGISTRY,,,"ReadTimeout: HTTPSConnectionPool(host='donacionesley21440.gob.cl', port=443): Read timed out. (read timeout=3)"
donatarias_21440,702,FUNDACION FAMILIA SAID SOMAVIA,FUNDACION FAMILIA SAID SOMAVIA,Inscrita,https://donacionesley21440.gob.cl/registro-publico?n=702,RUT_DIRECT,STRONG_LEGAL_REGISTRY,,,"ReadTimeout: HTTPSConnectionPool(host='donacionesley21440.gob.cl', port=443): Read timed out. (read timeout=3)"
donatarias_21440,701,FUNDACIÓN EUSOCIAL,FUNDACION EUSOCIAL,Inscrita,https://donacionesley21440.gob.cl/registro-publico?n=701,RUT_DIRECT,STRONG_LEGAL_REGISTRY,,,"ReadTimeout: HTTPSConnectionPool(host='donacionesley21440.gob.cl', port=443): Read timed out. (read timeout=3)"
donatarias_21440,700,FUNDACIÓN DE ACOGIDA ENTRETODAS,FUNDACION DE ACOGIDA ENTRETODAS,Inscrita,https://donacionesley21440.gob.cl/registro-publico?n=700,RUT_DIRECT,STRONG_LEGAL_REGISTRY,,,"ReadTimeout: HTTPSConnectionPool(host='donacionesley21440.gob.cl', port=443): Read timed out. (read timeout=3)"
donatarias_21440,699,FUNDACION CLUB DEL BOSQUE,FUNDACION CLUB DEL BOSQUE,Eliminada,https://donacionesley21440.gob.cl/registro-publico?n=699,RUT_DIRECT,STRONG_LEGAL_REGISTRY,,,"ReadTimeout: HTTPSConnectionPool(host='donacionesley21440.gob.cl', port=443): Read timed out. (read timeout=3)"
donatarias_21440,698,FUNDACION BIENESTAR MAYOR,FUNDACION BIENESTAR MAYOR,Inscrita,https://donacionesley21440.gob.cl/registro-publico?n=698,RUT_DIRECT,STRONG_LEGAL_REGISTRY,,,"ReadTimeout: HTTPSConnectionPool(host='donacionesley21440.gob.cl', port=443): Read timed out. (read timeout=3)"
donatarias_21440,697,FUNDACIÓN BALLET PARA CHILE,FUNDACION BALLET PARA CHILE,Eliminada,https://donacionesley21440.gob.cl/registro-publico?n=697,RUT_DIRECT,STRONG_LEGAL_REGISTRY,,,"ReadTimeout: HTTPSConnectionPool(host='donacionesley21440.gob.cl', port=443): Read timed out. (read timeout=3)"
donatarias_21440,696,RELMUKAWELL,RELMUKAWELL,Inscrita,https://donacionesley21440.gob.cl/registro-publico?n=696,RUT_DIRECT,STRONG_LEGAL_REGISTRY,,,"ReadTimeout: HTTPSConnectionPool(host='donacionesley21440.gob.cl', port=443): Read timed out. (read timeout=3)"
donatarias_21440,695,FUNDACIÓN VOCES POR CHILE,FUNDACION VOCES POR CHILE,Inscrita,https://donacionesley21440.gob.cl/registro-publico?n=695,RUT_DIRECT,STRONG_LEGAL_REGISTRY,,,"ReadTimeout: HTTPSConnectionPool(host='donacionesley21440.gob.cl', port=443): Read timed out. (read timeout=3)"
donatarias_21440,694,FUNDACIÓN PISCO ELQUI FUTURO,FUNDACION PISCO ELQUI FUTURO,Inscrita,https://donacionesley21440.gob.cl/registro-publico?n=694,RUT_DIRECT,STRONG_LEGAL_REGISTRY,,,"ReadTimeout: HTTPSConnectionPool(host='donacionesley21440.gob.cl', port=443): Read timed out. (read timeout=3)"
donatarias_21440,693,FUNDACIÓN NUEVA MENTE,FUNDACION NUEVA MENTE,Inscrita,https://donacionesley21440.gob.cl/registro-publico?n=693,RUT_DIRECT,STRONG_LEGAL_REGISTRY,,,"ReadTimeout: HTTPSConnectionPool(host='donacionesley21440.gob.cl', port=443): Read timed out. (read timeout=3)"
donatarias_21440,692,FUNDACIÓN MIGUEL KAST RIST,FUNDACION MIGUEL KAST RIST,Inscrita,https://donacionesley21440.gob.cl/registro-publico?n=692,RUT_DIRECT,STRONG_LEGAL_REGISTRY,,,"ReadTimeout: HTTPSConnectionPool(host='donacionesley21440.gob.cl', port=443): Read timed out. (read timeout=3)"
donatarias_21440,691,FUNDACION GANBARU,FUNDACION GANBARU,Inscrita,https://donacionesley21440.gob.cl/registro-publico?n=691,RUT_DIRECT,STRONG_LEGAL_REGISTRY,,,"ReadTimeout: HTTPSConnectionPool(host='donacionesley21440.gob.cl', port=443): Read timed out. (read timeout=3)"
donatarias_21440,690,FUNDACIÓN DE BENEFICENCIA MIPACAREU,FUNDACION DE BENEFICENCIA MIPACAREU,Inscrita,https://donacionesley21440.gob.cl/registro-publico?n=690,RUT_DIRECT,STRONG_LEGAL_REGISTRY,,,"ReadTimeout: HTTPSConnectionPool(host='donacionesley21440.gob.cl', port=443): Read timed out. (read timeout=3)"
donatarias_21440,689,FUNDACION CHILWE,FUNDACION CHILWE,Inscrita,https://donacionesley21440.gob.cl/registro-publico?n=689,RUT_DIRECT,STRONG_LEGAL_REGISTRY,,,"ReadTimeout: HTTPSConnectionPool(host='donacionesley21440.gob.cl', port=443): Read timed out. (read timeout=3)"
donatarias_21440,688,FUNDACION ANIMALISTA CORAZON QUILTRO,FUNDACION ANIMALISTA CORAZON QUILTRO,Inscrita,https://donacionesley21440.gob.cl/registro-publico?n=688,RUT_DIRECT,STRONG_LEGAL_REGISTRY,,,"ReadTimeout: HTTPSConnectionPool(host='donacionesley21440.gob.cl', port=443): Read timed out. (read timeout=3)"
donatarias_21440,687,CORPORACION TREMÜN DE APOYO AL NEURODESARROLLO,CORPORACION TREMUN DE APOYO AL NEURODESARROLLO,Inscrita,https://donacionesley21440.gob.cl/registro-publico?n=687,RUT_DIRECT,STRONG_LEGAL_REGISTRY,,,"ReadTimeout: HTTPSConnectionPool(host='donacionesley21440.gob.cl', port=443): Read timed out. (read timeout=3)"
donatarias_21440,686,ASOCIACION CORAL CULTURAL ARNO FREIWALD,ASOCIACION CORAL CULTURAL ARNO FREIWALD,Inscrita,https://donacionesley21440.gob.cl/registro-publico?n=686,RUT_DIRECT,STRONG_LEGAL_REGISTRY,,,"ReadTimeout: HTTPSConnectionPool(host='donacionesley21440.gob.cl', port=443): Read timed out. (read timeout=3)"
donatarias_21440,685,RECIPROCIDAD ECONOMÍA Y DISIDENCIA,RECIPROCIDAD ECONOMIA Y DISIDENCIA,Eliminada,https://donacionesley21440.gob.cl/registro-publico?n=685,RUT_DIRECT,STRONG_LEGAL_REGISTRY,,,"ReadTimeout: HTTPSConnectionPool(host='donacionesley21440.gob.cl', port=443): Read timed out. (read timeout=3)"
donatarias_21440,684,FUNDACION VOZ DE LA MUJER,FUNDACION VOZ DE LA MUJER,Eliminada,https://donacionesley21440.gob.cl/registro-publico?n=684,RUT_DIRECT,STRONG_LEGAL_REGISTRY,,,"ReadTimeout: HTTPSConnectionPool(host='donacionesley21440.gob.cl', port=443): Read timed out. (read timeout=3)"
donatarias_21440,683,FUNDACION TRAESOL,FUNDACION TRAESOL,Inscrita,https://donacionesley21440.gob.cl/registro-publico?n=683,RUT_DIRECT,STRONG_LEGAL_REGISTRY,,,"ReadTimeout: HTTPSConnectionPool(host='donacionesley21440.gob.cl', port=443): Read timed out. (read timeout=3)"
donatarias_21440,682,FUNDACIÓN SUMMA,FUNDACION SUMMA,Inscrita,https://donacionesley21440.gob.cl/registro-publico?n=682,RUT_DIRECT,STRONG_LEGAL_REGISTRY,,,"ReadTimeout: HTTPSConnectionPool(host='donacionesley21440.gob.cl', port=443): Read timed out. (read timeout=3)"
donatarias_21440,681,FUNDACION SAN JOSE PARA LA ADOPCION FAMILIAR CRISTIANA,FUNDACION SAN JOSE PARA LA ADOPCION FAMILIAR CRISTIANA,Inscrita,https://donacionesley21440.gob.cl/registro-publico?n=681,RUT_DIRECT,STRONG_LEGAL_REGISTRY,72778300-8,ENT-RUT-72778300-8,
donatarias_21440,680,FUNDACIÓN PSICONECTA PARA LA PROMOCIÓN DE LA SALUD MENTAL,FUNDACION PSICONECTA PARA LA PROMOCION DE LA SALUD MENTAL,Inscrita,https://donacionesley21440.gob.cl/registro-publico?n=680,RUT_DIRECT,STRONG_LEGAL_REGISTRY,,,"ReadTimeout: HTTPSConnectionPool(host='donacionesley21440.gob.cl', port=443): Read timed out. (read timeout=3)"
donatarias_21440,679,FUNDACIÓN PADRE SEMERIA,FUNDACION PADRE SEMERIA,Inscrita,https://donacionesley21440.gob.cl/registro-publico?n=679,RUT_DIRECT,STRONG_LEGAL_REGISTRY,,,"ReadTimeout: HTTPSConnectionPool(host='donacionesley21440.gob.cl', port=443): Read timed out. (read timeout=3)"
donatarias_21440,678,FUNDACION MOMART,FUNDACION MOMART,Inscrita,https://donacionesley21440.gob.cl/registro-publico?n=678,RUT_DIRECT,STRONG_LEGAL_REGISTRY,,,"ReadTimeout: HTTPSConnectionPool(host='donacionesley21440.gob.cl', port=443): Read timed out. (read timeout=3)"
donatarias_21440,677,FUNDACION LUCAS SIERRA DEL HOSPITAL DE VIÑA DEL MAR,FUNDACION LUCAS SIERRA DEL HOSPITAL DE VINA DEL MAR,Inscrita,https://donacionesley21440.gob.cl/registro-publico?n=677,RUT_DIRECT,STRONG_LEGAL_REGISTRY,,,"ReadTimeout: HTTPSConnectionPool(host='donacionesley21440.gob.cl', port=443): Read timed out. (read timeout=3)"
donatarias_21440,676,FUNDACION EL ROI,FUNDACION EL ROI,Inscrita,https://donacionesley21440.gob.cl/registro-publico?n=676,RUT_DIRECT,STRONG_LEGAL_REGISTRY,,,"ReadTimeout: HTTPSConnectionPool(host='donacionesley21440.gob.cl', port=443): Read timed out. (read timeout=3)"
donatarias_21440,675,FUNDACION EDUCACIONAL ALGEDUC,FUNDACION EDUCACIONAL ALGEDUC,Inscrita,https://donacionesley21440.gob.cl/registro-publico?n=675,RUT_DIRECT,STRONG_LEGAL_REGISTRY,,,"ReadTimeout: HTTPSConnectionPool(host='donacionesley21440.gob.cl', port=443): Read timed out. (read timeout=3)"
donatarias_21440,674,FUNDACIÓN BLANCA ROSA ARTE,FUNDACION BLANCA ROSA ARTE,Inscrita,https://donacionesley21440.gob.cl/registro-publico?n=674,RUT_DIRECT,STRONG_LEGAL_REGISTRY,,,"ReadTimeout: HTTPSConnectionPool(host='donacionesley21440.gob.cl', port=443): Read timed out. (read timeout=3)"
donatarias_21440,673,FUNDACIÓN BAYOS,FUNDACION BAYOS,Inscrita,https://donacionesley21440.gob.cl/registro-publico?n=673,RUT_DIRECT,STRONG_LEGAL_REGISTRY,,,"ReadTimeout: HTTPSConnectionPool(host='donacionesley21440.gob.cl', port=443): Read timed out. (read timeout=3)"
donatarias_21440,672,CUERPO DE BOMBEROS CURACAUTIN,CUERPO DE BOMBEROS CURACAUTIN,Inscrita,https://donacionesley21440.gob.cl/registro-publico?n=672,RUT_DIRECT,STRONG_LEGAL_REGISTRY,,,"ReadTimeout: HTTPSConnectionPool(host='donacionesley21440.gob.cl', port=443): Read timed out. (read timeout=3)"
donatarias_21440,671,COMITE ISRAELITA DE SOCORROS CISROCO,COMITE ISRAELITA DE SOCORROS CISROCO,Inscrita,https://donacionesley21440.gob.cl/registro-publico?n=671,RUT_DIRECT,STRONG_LEGAL_REGISTRY,,,"ReadTimeout: HTTPSConnectionPool(host='donacionesley21440.gob.cl', port=443): Read timed out. (read timeout=3)"
donatarias_21440,670,UNIÓN DE IGLESIAS EVANGÉLICAS BAUTISTAS DE CHILE,UNION DE IGLESIAS EVANGELICAS BAUTISTAS DE CHILE,Inscrita,https://donacionesley21440.gob.cl/registro-publico?n=670,RUT_DIRECT,STRONG_LEGAL_REGISTRY,,,"ReadTimeout: HTTPSConnectionPool(host='donacionesley21440.gob.cl', port=443): Read timed out. (read timeout=3)"
donatarias_21440,669,ONG NOS BUSCAMOS,ONG NOS BUSCAMOS,Inscrita,https://donacionesley21440.gob.cl/registro-publico?n=669,RUT_DIRECT,STRONG_LEGAL_REGISTRY,,,"ReadTimeout: HTTPSConnectionPool(host='donacionesley21440.gob.cl', port=443): Read timed out. (read timeout=3)"
donatarias_21440,668,FUNDACIÓN TREKÁN TERAPIA CON CABALLOS,FUNDACION TREKAN TERAPIA CON CABALLOS,Inscrita,https://donacionesley21440.gob.cl/registro-publico?n=668,RUT_DIRECT,STRONG_LEGAL_REGISTRY,,,"ReadTimeout: HTTPSConnectionPool(host='donacionesley21440.gob.cl', port=443): Read timed out. (read timeout=3)"
donatarias_21440,667,FUNDACIÓN TÍTERES EN RED,FUNDACION TITERES EN RED,Inscrita,https://donacionesley21440.gob.cl/registro-publico?n=667,RUT_DIRECT,STRONG_LEGAL_REGISTRY,,,"ReadTimeout: HTTPSConnectionPool(host='donacionesley21440.gob.cl', port=443): Read timed out. (read timeout=3)"
donatarias_21440,666,FUNDACION TID TECNOLOGIAS PARA LA INCLUSION Y DISCAPACIDAD,FUNDACION TID TECNOLOGIAS PARA LA INCLUSION Y DISCAPACIDAD,Eliminada,https://donacionesley21440.gob.cl/registro-publico?n=666,RUT_DIRECT,STRONG_LEGAL_REGISTRY,,,"ReadTimeout: HTTPSConnectionPool(host='donacionesley21440.gob.cl', port=443): Read timed out. (read timeout=3)"
donatarias_21440,665,FUNDACION SYMBIOTICA,FUNDACION SYMBIOTICA,Inscrita,https://donacionesley21440.gob.cl/registro-publico?n=665,RUT_DIRECT,STRONG_LEGAL_REGISTRY,,,"ReadTimeout: HTTPSConnectionPool(host='donacionesley21440.gob.cl', port=443): Read timed out. (read timeout=3)"
donatarias_21440,664,FUNDACIÓN MÁS,FUNDACION MAS,Inscrita,https://donacionesley21440.gob.cl/registro-publico?n=664,RUT_DIRECT,STRONG_LEGAL_REGISTRY,,,"ReadTimeout: HTTPSConnectionPool(host='donacionesley21440.gob.cl', port=443): Read timed out. (read timeout=3)"
donatarias_21440,663,FUNDACION LAUREATIS,FUNDACION LAUREATIS,Eliminada,https://donacionesley21440.gob.cl/registro-publico?n=663,RUT_DIRECT,STRONG_LEGAL_REGISTRY,,,"ReadTimeout: HTTPSConnectionPool(host='donacionesley21440.gob.cl', port=443): Read timed out. (read timeout=3)"
donatarias_21440,662,FUNDACIÓN HUMBOLDT,FUNDACION HUMBOLDT,Inscrita,https://donacionesley21440.gob.cl/registro-publico?n=662,RUT_DIRECT,STRONG_LEGAL_REGISTRY,,,"ReadTimeout: HTTPSConnectionPool(host='donacionesley21440.gob.cl', port=443): Read timed out. (read timeout=3)"
donatarias_21440,661,FUNDACIÓN EDUCACIONAL ORIGEN,FUNDACION EDUCACIONAL ORIGEN,Inscrita,https://donacionesley21440.gob.cl/registro-publico?n=661,RUT_DIRECT,STRONG_LEGAL_REGISTRY,,,"ReadTimeout: HTTPSConnectionPool(host='donacionesley21440.gob.cl', port=443): Read timed out. (read timeout=3)"
donatarias_21440,660,FUNDACION EDUCACIONAL ALIANZA CRISTIANA Y MISIONERA,FUNDACION EDUCACIONAL ALIANZA CRISTIANA Y MISIONERA,Inscrita,https://donacionesley21440.gob.cl/registro-publico?n=660,RUT_DIRECT,STRONG_LEGAL_REGISTRY,,,"ReadTimeout: HTTPSConnectionPool(host='donacionesley21440.gob.cl', port=443): Read timed out. (read timeout=3)"
donatarias_21440,659,FUNDACIÓN CULTURAL LOS VILOS,FUNDACION CULTURAL LOS VILOS,Inscrita,https://donacionesley21440.gob.cl/registro-publico?n=659,RUT_DIRECT,STRONG_LEGAL_REGISTRY,,,"ReadTimeout: HTTPSConnectionPool(host='donacionesley21440.gob.cl', port=443): Read timed out. (read timeout=3)"
donatarias_21440,658,FUNDACIÓN CREANDO EXPERIENCIAS POSITIVAS PARA LA INFANCIA,FUNDACION CREANDO EXPERIENCIAS POSITIVAS PARA LA INFANCIA,Inscrita,https://donacionesley21440.gob.cl/registro-publico?n=658,RUT_DIRECT,STRONG_LEGAL_REGISTRY,,,"ReadTimeout: HTTPSConnectionPool(host='donacionesley21440.gob.cl', port=443): Read timed out. (read timeout=3)"
donatarias_21440,657,FUNDACIÓN COLEGIO REMOLINO AZUL,FUNDACION COLEGIO REMOLINO AZUL,Inscrita,https://donacionesley21440.gob.cl/registro-publico?n=657,RUT_DIRECT,STRONG_LEGAL_REGISTRY,,,"ReadTimeout: HTTPSConnectionPool(host='donacionesley21440.gob.cl', port=443): Read timed out. (read timeout=3)"
donatarias_21440,656,FUNDACION CIDEMAR CIENCIA Y DIVULGACION EN ECOLOGIA MARINA Y DULCEACUICOLA,FUNDACION CIDEMAR CIENCIA Y DIVULGACION EN ECOLOGIA MARINA Y DULCEACUICOLA,Inscrita,https://donacionesley21440.gob.cl/registro-publico?n=656,RUT_DIRECT,STRONG_LEGAL_REGISTRY,,,"ReadTimeout: HTTPSConnectionPool(host='donacionesley21440.gob.cl', port=443): Read timed out. (read timeout=3)"
donatarias_21440,655,FUNDACION CEFOCAL,FUNDACION CEFOCAL,Inscrita,https://donacionesley21440.gob.cl/registro-publico?n=655,RUT_DIRECT,STRONG_LEGAL_REGISTRY,,,"ReadTimeout: HTTPSConnectionPool(host='donacionesley21440.gob.cl', port=443): Read timed out. (read timeout=3)"
donatarias_21440,654,FUNDACIÓN CAT ESPAÑOL UCM,FUNDACION CAT ESPANOL UCM,Inscrita,https://donacionesley21440.gob.cl/registro-publico?n=654,RUT_DIRECT,STRONG_LEGAL_REGISTRY,,,"ReadTimeout: HTTPSConnectionPool(host='donacionesley21440.gob.cl', port=443): Read timed out. (read timeout=3)"
donatarias_21440,653,CORPORACION DE DESARROLLO SOCIAL DEL SECTOR RURAL,CORPORACION DE DESARROLLO SOCIAL DEL SECTOR RURAL,Inscrita,https://donacionesley21440.gob.cl/registro-publico?n=653,RUT_DIRECT,STRONG_LEGAL_REGISTRY,,,"ReadTimeout: HTTPSConnectionPool(host='donacionesley21440.gob.cl', port=443): Read timed out. (read timeout=3)"
donatarias_21440,652,CORPORACIÓN AISH CHILE,CORPORACION AISH CHILE,Inscrita,https://donacionesley21440.gob.cl/registro-publico?n=652,RUT_DIRECT,STRONG_LEGAL_REGISTRY,,,"ReadTimeout: HTTPSConnectionPool(host='donacionesley21440.gob.cl', port=443): Read timed out. (read timeout=3)"
donatarias_21440,651,CORPORACIÓN ÁGAPE ASISTENCIA TÉCNICA EDUCATIVA,CORPORACION AGAPE ASISTENCIA TECNICA EDUCATIVA,Inscrita,https://donacionesley21440.gob.cl/registro-publico?n=651,RUT_DIRECT,STRONG_LEGAL_REGISTRY,,,"ReadTimeout: HTTPSConnectionPool(host='donacionesley21440.gob.cl', port=443): Read timed out. (read timeout=3)"
donatarias_21440,650,CENTRO DE REGULACIÓN DEL GENOMA,CENTRO DE REGULACION DEL GENOMA,Inscrita,https://donacionesley21440.gob.cl/registro-publico?n=650,RUT_DIRECT,STRONG_LEGAL_REGISTRY,,,"ReadTimeout: HTTPSConnectionPool(host='donacionesley21440.gob.cl', port=443): Read timed out. (read timeout=3)"
donatarias_21440,649,ASOCIACIÓN SEMBRANDO UN SUEÑO,ASOCIACION SEMBRANDO UN SUENO,Inscrita,https://donacionesley21440.gob.cl/registro-publico?n=649,RUT_DIRECT,STRONG_LEGAL_REGISTRY,,,"ReadTimeout: HTTPSConnectionPool(host='donacionesley21440.gob.cl', port=443): Read timed out. (read timeout=3)"
donatarias_21440,648,FUNDACION SEMILLA NORTE,FUNDACION SEMILLA NORTE,Eliminada,https://donacionesley21440.gob.cl/registro-publico?n=648,RUT_DIRECT,STRONG_LEGAL_REGISTRY,,,"ReadTimeout: HTTPSConnectionPool(host='donacionesley21440.gob.cl', port=443): Read timed out. (read timeout=3)"
donatarias_21440,647,FUNDACIÓN SANTUARIO DIVINA MISERICORDIA,FUNDACION SANTUARIO DIVINA MISERICORDIA,Inscrita,https://donacionesley21440.gob.cl/registro-publico?n=647,RUT_DIRECT,STRONG_LEGAL_REGISTRY,,,"ReadTimeout: HTTPSConnectionPool(host='donacionesley21440.gob.cl', port=443): Read timed out. (read timeout=3)"
donatarias_21440,646,FUNDACION PARA LA REVOLUCION TECNOCREATIVA,FUNDACION PARA LA REVOLUCION TECNOCREATIVA,Inscrita,https://donacionesley21440.gob.cl/registro-publico?n=646,RUT_DIRECT,STRONG_LEGAL_REGISTRY,,,"ReadTimeout: HTTPSConnectionPool(host='donacionesley21440.gob.cl', port=443): Read timed out. (read timeout=3)"
donatarias_21440,645,FUNDACION MINSU POR LOS DERECHOS Y PROTECCION DE LOS ANIMALES,FUNDACION MINSU POR LOS DERECHOS Y PROTECCION DE LOS ANIMALES,Eliminada,https://donacionesley21440.gob.cl/registro-publico?n=645,RUT_DIRECT,STRONG_LEGAL_REGISTRY,,,"ReadTimeout: HTTPSConnectionPool(host='donacionesley21440.gob.cl', port=443): Read timed out. (read timeout=3)"
donatarias_21440,644,FUNDACIÓN MINGAKO,FUNDACION MINGAKO,Eliminada,https://donacionesley21440.gob.cl/registro-publico?n=644,RUT_DIRECT,STRONG_LEGAL_REGISTRY,,,"ReadTimeout: HTTPSConnectionPool(host='donacionesley21440.gob.cl', port=443): Read timed out. (read timeout=3)"
donatarias_21440,643,FUNDACIÓN LAS RAICES CENTRO DE ATENCIÓN INTEGRAL,FUNDACION LAS RAICES CENTRO DE ATENCION INTEGRAL,Inscrita,https://donacionesley21440.gob.cl/registro-publico?n=643,RUT_DIRECT,STRONG_LEGAL_REGISTRY,,,"ReadTimeout: HTTPSConnectionPool(host='donacionesley21440.gob.cl', port=443): Read timed out. (read timeout=3)"
donatarias_21440,642,FUNDACION GRANJA EDUCATIVA TERAPEUTICA CARACOL,FUNDACION GRANJA EDUCATIVA TERAPEUTICA CARACOL,Inscrita,https://donacionesley21440.gob.cl/registro-publico?n=642,RUT_DIRECT,STRONG_LEGAL_REGISTRY,,,"ReadTimeout: HTTPSConnectionPool(host='donacionesley21440.gob.cl', port=443): Read timed out. (read timeout=3)"
donatarias_21440,641,FUNDACION EDUCACIONAL EDUARDO GUILISASTI TAGLE,FUNDACION EDUCACIONAL EDUARDO GUILISASTI TAGLE,Inscrita,https://donacionesley21440.gob.cl/registro-publico?n=641,RUT_DIRECT,STRONG_LEGAL_REGISTRY,,,"ReadTimeout: HTTPSConnectionPool(host='donacionesley21440.gob.cl', port=443): Read timed out. (read timeout=3)"
donatarias_21440,640,FUNDACION DE RESCATE CLAMOR EN VALDIVIA,FUNDACION DE RESCATE CLAMOR EN VALDIVIA,Eliminada,https://donacionesley21440.gob.cl/registro-publico?n=640,RUT_DIRECT,STRONG_LEGAL_REGISTRY,,,"ReadTimeout: HTTPSConnectionPool(host='donacionesley21440.gob.cl', port=443): Read timed out. (read timeout=3)"
donatarias_21440,639,FUNDACIÓN DE BENEFICENCIA PÚBLICA HACKER 9 HOUSE,FUNDACION DE BENEFICENCIA PUBLICA HACKER 9 HOUSE,Inscrita,https://donacionesley21440.gob.cl/registro-publico?n=639,RUT_DIRECT,STRONG_LEGAL_REGISTRY,,,"ReadTimeout: HTTPSConnectionPool(host='donacionesley21440.gob.cl', port=443): Read timed out. (read timeout=3)"
donatarias_21440,638,FUNDACIÓN DE BENEFICENCIA GLACIARES CHILENOS,FUNDACION DE BENEFICENCIA GLACIARES CHILENOS,Inscrita,https://donacionesley21440.gob.cl/registro-publico?n=638,RUT_DIRECT,STRONG_LEGAL_REGISTRY,,,"ReadTimeout: HTTPSConnectionPool(host='donacionesley21440.gob.cl', port=443): Read timed out. (read timeout=3)"
donatarias_21440,637,FUNDACION DE AYUDA SOCIAL LA PRIMAVERA,FUNDACION DE AYUDA SOCIAL LA PRIMAVERA,Inscrita,https://donacionesley21440.gob.cl/registro-publico?n=637,RUT_DIRECT,STRONG_LEGAL_REGISTRY,,,"ReadTimeout: HTTPSConnectionPool(host='donacionesley21440.gob.cl', port=443): Read timed out. (read timeout=3)"
donatarias_21440,636,"FUNDACIÓN BAC, BAILA ACTÚA Y CANTA",FUNDACION BAC BAILA ACTUA Y CANTA,Eliminada,https://donacionesley21440.gob.cl/registro-publico?n=636,RUT_DIRECT,STRONG_LEGAL_REGISTRY,,,"ReadTimeout: HTTPSConnectionPool(host='donacionesley21440.gob.cl', port=443): Read timed out. (read timeout=3)"
donatarias_21440,635,FUNDACIÓN ACTO,FUNDACION ACTO,Inscrita,https://donacionesley21440.gob.cl/registro-publico?n=635,RUT_DIRECT,STRONG_LEGAL_REGISTRY,,,"ReadTimeout: HTTPSConnectionPool(host='donacionesley21440.gob.cl', port=443): Read timed out. (read timeout=3)"
donatarias_21440,634,FUNDACIÓN SOCIAL TIBETANA CHOE KHOR LING,FUNDACION SOCIAL TIBETANA CHOE KHOR LING,Inscrita,https://donacionesley21440.gob.cl/registro-publico?n=634,RUT_DIRECT,STRONG_LEGAL_REGISTRY,,,"ReadTimeout: HTTPSConnectionPool(host='donacionesley21440.gob.cl', port=443): Read timed out. (read timeout=3)"
donatarias_21440,633,FUNDACION SAN JOAQUIN,FUNDACION SAN JOAQUIN,Eliminada,https://donacionesley21440.gob.cl/registro-publico?n=633,RUT_DIRECT,STRONG_LEGAL_REGISTRY,,,"ReadTimeout: HTTPSConnectionPool(host='donacionesley21440.gob.cl', port=443): Read timed out. (read timeout=3)"
donatarias_21440,632,FUNDACION CAPAZ CHILE,FUNDACION CAPAZ CHILE,Inscrita,https://donacionesley21440.gob.cl/registro-publico?n=632,RUT_DIRECT,STRONG_LEGAL_REGISTRY,,,"ReadTimeout: HTTPSConnectionPool(host='donacionesley21440.gob.cl', port=443): Read timed out. (read timeout=3)"
donatarias_21440,631,CUERPO DE BOMBEROS MARCHIGUE,CUERPO DE BOMBEROS MARCHIGUE,Eliminada,https://donacionesley21440.gob.cl/registro-publico?n=631,RUT_DIRECT,STRONG_LEGAL_REGISTRY,,,"ReadTimeout: HTTPSConnectionPool(host='donacionesley21440.gob.cl', port=443): Read timed out. (read timeout=3)"
donatarias_21440,630,CORPORACION DE DESARROLLO PRODUCTIVO DEL LITORAL DE AYSEN,CORPORACION DE DESARROLLO PRODUCTIVO DEL LITORAL DE AYSEN,Eliminada,https://donacionesley21440.gob.cl/registro-publico?n=630,RUT_DIRECT,STRONG_LEGAL_REGISTRY,,,"ReadTimeout: HTTPSConnectionPool(host='donacionesley21440.gob.cl', port=443): Read timed out. (read timeout=3)"
donatarias_21440,629,FUNDACION TRABAJO PARA UN HERMANO,FUNDACION TRABAJO PARA UN HERMANO,Inscrita,https://donacionesley21440.gob.cl/registro-publico?n=629,RUT_DIRECT,STRONG_LEGAL_REGISTRY,,,"ReadTimeout: HTTPSConnectionPool(host='donacionesley21440.gob.cl', port=443): Read timed out. (read timeout=3)"
donatarias_21440,628,FUNDACION SOCIAL PULSO,FUNDACION SOCIAL PULSO,Inscrita,https://donacionesley21440.gob.cl/registro-publico?n=628,RUT_DIRECT,STRONG_LEGAL_REGISTRY,,,"ReadTimeout: HTTPSConnectionPool(host='donacionesley21440.gob.cl', port=443): Read timed out. (read timeout=3)"
donatarias_21440,627,FUNDACION RUINAS DE HUANCHACA,FUNDACION RUINAS DE HUANCHACA,Inscrita,https://donacionesley21440.gob.cl/registro-publico?n=627,RUT_DIRECT,STRONG_LEGAL_REGISTRY,,,"ReadTimeout: HTTPSConnectionPool(host='donacionesley21440.gob.cl', port=443): Read timed out. (read timeout=3)"
donatarias_21440,626,FUNDACIÓN PRO BONO,FUNDACION PRO BONO,Inscrita,https://donacionesley21440.gob.cl/registro-publico?n=626,RUT_DIRECT,STRONG_LEGAL_REGISTRY,,,"ReadTimeout: HTTPSConnectionPool(host='donacionesley21440.gob.cl', port=443): Read timed out. (read timeout=3)"
donatarias_21440,625,FUNDACIÓN PARA LA PRESERVACION DE LA MEMORIA DEL JUDAISMO CHILENO,FUNDACION PARA LA PRESERVACION DE LA MEMORIA DEL JUDAISMO CHILENO,Inscrita,https://donacionesley21440.gob.cl/registro-publico?n=625,RUT_DIRECT,STRONG_LEGAL_REGISTRY,,,"ReadTimeout: HTTPSConnectionPool(host='donacionesley21440.gob.cl', port=443): Read timed out. (read timeout=3)"
donatarias_21440,624,FUNDACIÓN PARA LA INCLUSIÓN LABORAL DE PERSONAS CON DISCAPACIDAD EUROFIRMS,FUNDACION PARA LA INCLUSION LABORAL DE PERSONAS CON DISCAPACIDAD EUROFIRMS,Inscrita,https://donacionesley21440.gob.cl/registro-publico?n=624,RUT_DIRECT,STRONG_LEGAL_REGISTRY,,,"ReadTimeout: HTTPSConnectionPool(host='donacionesley21440.gob.cl', port=443): Read timed out. (read timeout=3)"
donatarias_21440,623,FUNDACIÓN KREEN,FUNDACION KREEN,Inscrita,https://donacionesley21440.gob.cl/registro-publico?n=623,RUT_DIRECT,STRONG_LEGAL_REGISTRY,,,"ReadTimeout: HTTPSConnectionPool(host='donacionesley21440.gob.cl', port=443): Read timed out. (read timeout=3)"
donatarias_21440,622,FUNDACION HUELLAS DE LA NATURALEZA,FUNDACION HUELLAS DE LA NATURALEZA,Inscrita,https://donacionesley21440.gob.cl/registro-publico?n=622,RUT_DIRECT,STRONG_LEGAL_REGISTRY,,,"ReadTimeout: HTTPSConnectionPool(host='donacionesley21440.gob.cl', port=443): Read timed out. (read timeout=3)"
donatarias_21440,621,FUNDACIÓN EDUCACIONAL COMPROMISO,FUNDACION EDUCACIONAL COMPROMISO,Inscrita,https://donacionesley21440.gob.cl/registro-publico?n=621,RUT_DIRECT,STRONG_LEGAL_REGISTRY,,,"ReadTimeout: HTTPSConnectionPool(host='donacionesley21440.gob.cl', port=443): Read timed out. (read timeout=3)"
donatarias_21440,620,FUNDACION DE SEÑORAS DEL EJERCITO DE CHILE,FUNDACION DE SENORAS DEL EJERCITO DE CHILE,Inscrita,https://donacionesley21440.gob.cl/registro-publico?n=620,RUT_DIRECT,STRONG_LEGAL_REGISTRY,,,"ReadTimeout: HTTPSConnectionPool(host='donacionesley21440.gob.cl', port=443): Read timed out. (read timeout=3)"
donatarias_21440,619,FUNDACION CHAÑARAL DE ACEITUNO,FUNDACION CHANARAL DE ACEITUNO,Inscrita,https://donacionesley21440.gob.cl/registro-publico?n=619,RUT_DIRECT,STRONG_LEGAL_REGISTRY,,,"ReadTimeout: HTTPSConnectionPool(host='donacionesley21440.gob.cl', port=443): Read timed out. (read timeout=3)"
donatarias_21440,618,FUNDACION ARTISTICA CULTURAL EDUCACIONAL Y CIENTÍFICA FEDERICO ASSLER,FUNDACION ARTISTICA CULTURAL EDUCACIONAL Y CIENTIFICA FEDERICO ASSLER,Inscrita,https://donacionesley21440.gob.cl/registro-publico?n=618,RUT_DIRECT,STRONG_LEGAL_REGISTRY,,,"ReadTimeout: HTTPSConnectionPool(host='donacionesley21440.gob.cl', port=443): Read timed out. (read timeout=3)"
donatarias_21440,617,FUNDACION APOYO PARA EL EMBARAZO,FUNDACION APOYO PARA EL EMBARAZO,Eliminada,https://donacionesley21440.gob.cl/registro-publico?n=617,RUT_DIRECT,STRONG_LEGAL_REGISTRY,,,"ReadTimeout: HTTPSConnectionPool(host='donacionesley21440.gob.cl', port=443): Read timed out. (read timeout=3)"
donatarias_21440,616,FUNDACIÓN AMIGOS DE LOS ANIMALES,FUNDACION AMIGOS DE LOS ANIMALES,Eliminada,https://donacionesley21440.gob.cl/registro-publico?n=616,RUT_DIRECT,STRONG_LEGAL_REGISTRY,,,"ReadTimeout: HTTPSConnectionPool(host='donacionesley21440.gob.cl', port=443): Read timed out. (read timeout=3)"
donatarias_21440,615,CORPORACIÓN ROBLES DE CANTILLANA,CORPORACION ROBLES DE CANTILLANA,Inscrita,https://donacionesley21440.gob.cl/registro-publico?n=615,RUT_DIRECT,STRONG_LEGAL_REGISTRY,,,"ReadTimeout: HTTPSConnectionPool(host='donacionesley21440.gob.cl', port=443): Read timed out. (read timeout=3)"
donatarias_21440,614,CORPORACIÓN EDUCACIONAL MIRADOR AZUL,CORPORACION EDUCACIONAL MIRADOR AZUL,Inscrita,https://donacionesley21440.gob.cl/registro-publico?n=614,RUT_DIRECT,STRONG_LEGAL_REGISTRY,,,"ReadTimeout: HTTPSConnectionPool(host='donacionesley21440.gob.cl', port=443): Read timed out. (read timeout=3)"
donatarias_21440,613,CORPORACIÓN CULTURAL SAN FRANCISCO DE EL MONTE,CORPORACION CULTURAL SAN FRANCISCO DE EL MONTE,Inscrita,https://donacionesley21440.gob.cl/registro-publico?n=613,RUT_DIRECT,STRONG_LEGAL_REGISTRY,,,"ReadTimeout: HTTPSConnectionPool(host='donacionesley21440.gob.cl', port=443): Read timed out. (read timeout=3)"
donatarias_21440,612,RESIDENCIA BEIT ISRAEL-ABRAHAM Y MALVINA WAINSTEIN,RESIDENCIA BEIT ISRAEL ABRAHAM Y MALVINA WAINSTEIN,Inscrita,https://donacionesley21440.gob.cl/registro-publico?n=612,RUT_DIRECT,STRONG_LEGAL_REGISTRY,,,"ReadTimeout: HTTPSConnectionPool(host='donacionesley21440.gob.cl', port=443): Read timed out. (read timeout=3)"
donatarias_21440,611,ORGANIZACIÓN NO GUBERNAMENTAL DE DESARROLLO Y PARTICIPACIÓN CIUDADANA TODOS DECIDIMOS,ORGANIZACION NO GUBERNAMENTAL DE DESARROLLO Y PARTICIPACION CIUDADANA TODOS DECIDIMOS,Eliminada,https://donacionesley21440.gob.cl/registro-publico?n=611,RUT_DIRECT,STRONG_LEGAL_REGISTRY,,,"ReadTimeout: HTTPSConnectionPool(host='donacionesley21440.gob.cl', port=443): Read timed out. (read timeout=3)"
donatarias_21440,610,FUNDACIÓN SEMBRAR FUTURO,FUNDACION SEMBRAR FUTURO,Inscrita,https://donacionesley21440.gob.cl/registro-publico?n=610,RUT_DIRECT,STRONG_LEGAL_REGISTRY,,,"ReadTimeout: HTTPSConnectionPool(host='donacionesley21440.gob.cl', port=443): Read timed out. (read timeout=3)"
donatarias_21440,609,"FUNDACIÓN RÍO PARA EL FOMENTO DEL ARTE, CULTURA Y CONSERVACIÓN DEL MEDIO AMBIENTE",FUNDACION RIO PARA EL FOMENTO DEL ARTE CULTURA Y CONSERVACION DEL MEDIO AMBIENTE,Inscrita,https://donacionesley21440.gob.cl/registro-publico?n=609,RUT_DIRECT,STRONG_LEGAL_REGISTRY,,,"ReadTimeout: HTTPSConnectionPool(host='donacionesley21440.gob.cl', port=443): Read timed out. (read timeout=3)"
donatarias_21440,608,FUNDACIÓN PIWKEYEYU,FUNDACION PIWKEYEYU,Inscrita,https://donacionesley21440.gob.cl/registro-publico?n=608,RUT_DIRECT,STRONG_LEGAL_REGISTRY,,,"ReadTimeout: HTTPSConnectionPool(host='donacionesley21440.gob.cl', port=443): Read timed out. (read timeout=3)"
donatarias_21440,607,FUNDACIÓN ITAU CHILE,FUNDACION ITAU CHILE,Inscrita,https://donacionesley21440.gob.cl/registro-publico?n=607,RUT_DIRECT,STRONG_LEGAL_REGISTRY,,,"ReadTimeout: HTTPSConnectionPool(host='donacionesley21440.gob.cl', port=443): Read timed out. (read timeout=3)"
donatarias_21440,606,FUNDACION INSTITUTO DE BIOLOGIA INTEGRATIVA,FUNDACION INSTITUTO DE BIOLOGIA INTEGRATIVA,Inscrita,https://donacionesley21440.gob.cl/registro-publico?n=606,RUT_DIRECT,STRONG_LEGAL_REGISTRY,,,"ReadTimeout: HTTPSConnectionPool(host='donacionesley21440.gob.cl', port=443): Read timed out. (read timeout=3)"
donatarias_21440,605,FUNDACIÓN INCLÚYEME MÁS,FUNDACION INCLUYEME MAS,Inscrita,https://donacionesley21440.gob.cl/registro-publico?n=605,RUT_DIRECT,STRONG_LEGAL_REGISTRY,,,"ReadTimeout: HTTPSConnectionPool(host='donacionesley21440.gob.cl', port=443): Read timed out. (read timeout=3)"
donatarias_21440,604,FUNDACIÓN EDUCACIONAL MARÍA GRISELDA VALLE,FUNDACION EDUCACIONAL MARIA GRISELDA VALLE,Inscrita,https://donacionesley21440.gob.cl/registro-publico?n=604,RUT_DIRECT,STRONG_LEGAL_REGISTRY,,,"ReadTimeout: HTTPSConnectionPool(host='donacionesley21440.gob.cl', port=443): Read timed out. (read timeout=3)"
donatarias_21440,603,FUNDACION EDUCACIONAL FERNANDO DE ARAGON,FUNDACION EDUCACIONAL FERNANDO DE ARAGON,Inscrita,https://donacionesley21440.gob.cl/registro-publico?n=603,RUT_DIRECT,STRONG_LEGAL_REGISTRY,,,"ReadTimeout: HTTPSConnectionPool(host='donacionesley21440.gob.cl', port=443): Read timed out. (read timeout=3)"
donatarias_21440,602,FUNDACIÓN EDUCACIONAL EHZ,FUNDACION EDUCACIONAL EHZ,Inscrita,https://donacionesley21440.gob.cl/registro-publico?n=602,RUT_DIRECT,STRONG_LEGAL_REGISTRY,,,"ReadTimeout: HTTPSConnectionPool(host='donacionesley21440.gob.cl', port=443): Read timed out. (read timeout=3)"
donatarias_21440,601,FUNDACION APOST,FUNDACION APOST,Inscrita,https://donacionesley21440.gob.cl/registro-publico?n=601,RUT_DIRECT,STRONG_LEGAL_REGISTRY,,,"ReadTimeout: HTTPSConnectionPool(host='donacionesley21440.gob.cl', port=443): Read timed out. (read timeout=3)"
donatarias_21440,600,FUNDACIÓN ACCIÓNEDUCAR,FUNDACION ACCIONEDUCAR,Inscrita,https://donacionesley21440.gob.cl/registro-publico?n=600,RUT_DIRECT,STRONG_LEGAL_REGISTRY,,,"ReadTimeout: HTTPSConnectionPool(host='donacionesley21440.gob.cl', port=443): Read timed out. (read timeout=3)"
donatarias_21440,599,CUERPO DE BOMBEROS DE ÑUÑOA,CUERPO DE BOMBEROS DE NUNOA,Inscrita,https://donacionesley21440.gob.cl/registro-publico?n=599,RUT_DIRECT,STRONG_LEGAL_REGISTRY,,,"ReadTimeout: HTTPSConnectionPool(host='donacionesley21440.gob.cl', port=443): Read timed out. (read timeout=3)"
donatarias_21440,598,CUERPO DE BOMBEROS DE ANGOL,CUERPO DE BOMBEROS DE ANGOL,Eliminada,https://donacionesley21440.gob.cl/registro-publico?n=598,RUT_DIRECT,STRONG_LEGAL_REGISTRY,,,"ReadTimeout: HTTPSConnectionPool(host='donacionesley21440.gob.cl', port=443): Read timed out. (read timeout=3)"
donatarias_21440,597,ORGANIZACION NO GUBERNAMENTAL PATAGONIA COMPASSION,ORGANIZACION NO GUBERNAMENTAL PATAGONIA COMPASSION,Inscrita,https://donacionesley21440.gob.cl/registro-publico?n=597,RUT_DIRECT,STRONG_LEGAL_REGISTRY,,,"ReadTimeout: HTTPSConnectionPool(host='donacionesley21440.gob.cl', port=443): Read timed out. (read timeout=3)"
donatarias_21440,596,FUNDACION VIÑA LAS CONDES,FUNDACION VINA LAS CONDES,Inscrita,https://donacionesley21440.gob.cl/registro-publico?n=596,RUT_DIRECT,STRONG_LEGAL_REGISTRY,,,"ReadTimeout: HTTPSConnectionPool(host='donacionesley21440.gob.cl', port=443): Read timed out. (read timeout=3)"
donatarias_21440,595,FUNDACION MAISHA,FUNDACION MAISHA,Inscrita,https://donacionesley21440.gob.cl/registro-publico?n=595,RUT_DIRECT,STRONG_LEGAL_REGISTRY,,,"ReadTimeout: HTTPSConnectionPool(host='donacionesley21440.gob.cl', port=443): Read timed out. (read timeout=3)"
donatarias_21440,594,AFRICA DREAM,AFRICA DREAM,Inscrita,https://donacionesley21440.gob.cl/registro-publico?n=594,RUT_DIRECT,STRONG_LEGAL_REGISTRY,,,"ReadTimeout: HTTPSConnectionPool(host='donacionesley21440.gob.cl', port=443): Read timed out. (read timeout=3)"
donatarias_21440,593,PATITAS EN LA CALLE,PATITAS EN LA CALLE,Inscrita,https://donacionesley21440.gob.cl/registro-publico?n=593,RUT_DIRECT,STRONG_LEGAL_REGISTRY,,,"ReadTimeout: HTTPSConnectionPool(host='donacionesley21440.gob.cl', port=443): Read timed out. (read timeout=3)"
donatarias_21440,592,IGLESIA BAUTISTA MISIONERA DE PUENTE ALTO,IGLESIA BAUTISTA MISIONERA DE PUENTE ALTO,Inscrita,https://donacionesley21440.gob.cl/registro-publico?n=592,RUT_DIRECT,STRONG_LEGAL_REGISTRY,,,"ReadTimeout: HTTPSConnectionPool(host='donacionesley21440.gob.cl', port=443): Read timed out. (read timeout=3)"
donatarias_21440,591,FUNDACION VON BORRIES FAMILY FOUNDATION,FUNDACION VON BORRIES FAMILY FOUNDATION,Inscrita,https://donacionesley21440.gob.cl/registro-publico?n=591,RUT_DIRECT,STRONG_LEGAL_REGISTRY,,,"ReadTimeout: HTTPSConnectionPool(host='donacionesley21440.gob.cl', port=443): Read timed out. (read timeout=3)"
donatarias_21440,590,FUNDACIÓN SPATIO AUSTRALIS,FUNDACION SPATIO AUSTRALIS,Inscrita,https://donacionesley21440.gob.cl/registro-publico?n=590,RUT_DIRECT,STRONG_LEGAL_REGISTRY,,,"ReadTimeout: HTTPSConnectionPool(host='donacionesley21440.gob.cl', port=443): Read timed out. (read timeout=3)"
donatarias_21440,589,FUNDACION SIN FRONTERAS,FUNDACION SIN FRONTERAS,Eliminada,https://donacionesley21440.gob.cl/registro-publico?n=589,RUT_DIRECT,STRONG_LEGAL_REGISTRY,,,"ReadTimeout: HTTPSConnectionPool(host='donacionesley21440.gob.cl', port=443): Read timed out. (read timeout=3)"
donatarias_21440,588,FUNDACIÓN RAÍCES DE CALAFATE,FUNDACION RAICES DE CALAFATE,Inscrita,https://donacionesley21440.gob.cl/registro-publico?n=588,RUT_DIRECT,STRONG_LEGAL_REGISTRY,,,"ReadTimeout: HTTPSConnectionPool(host='donacionesley21440.gob.cl', port=443): Read timed out. (read timeout=3)"
donatarias_21440,587,FUNDACIÓN PARA LA SATISFACCIÓN DE NECESIDADES BÁSICAS CRECER Y SANAR,FUNDACION PARA LA SATISFACCION DE NECESIDADES BASICAS CRECER Y SANAR,Inscrita,https://donacionesley21440.gob.cl/registro-publico?n=587,RUT_DIRECT,STRONG_LEGAL_REGISTRY,,,"ReadTimeout: HTTPSConnectionPool(host='donacionesley21440.gob.cl', port=443): Read timed out. (read timeout=3)"
donatarias_21440,586,FUNDACION JUNTO AL BARRIO,FUNDACION JUNTO AL BARRIO,Inscrita,https://donacionesley21440.gob.cl/registro-publico?n=586,RUT_DIRECT,STRONG_LEGAL_REGISTRY,,,"ReadTimeout: HTTPSConnectionPool(host='donacionesley21440.gob.cl', port=443): Read timed out. (read timeout=3)"
donatarias_21440,585,FUNDACIÓN JÓVENES POR UNA AMÉRICA SOLIDARIA,FUNDACION JOVENES POR UNA AMERICA SOLIDARIA,Inscrita,https://donacionesley21440.gob.cl/registro-publico?n=585,RUT_DIRECT,STRONG_LEGAL_REGISTRY,,,"ReadTimeout: HTTPSConnectionPool(host='donacionesley21440.gob.cl', port=443): Read timed out. (read timeout=3)"
donatarias_21440,584,FUNDACION FUNDAMENTOS PARA LA VIDA,FUNDACION FUNDAMENTOS PARA LA VIDA,Eliminada,https://donacionesley21440.gob.cl/registro-publico?n=584,RUT_DIRECT,STRONG_LEGAL_REGISTRY,,,"ReadTimeout: HTTPSConnectionPool(host='donacionesley21440.gob.cl', port=443): Read timed out. (read timeout=3)"
donatarias_21440,583,FUNDACION EXCEPCIONALES,FUNDACION EXCEPCIONALES,Inscrita,https://donacionesley21440.gob.cl/registro-publico?n=583,RUT_DIRECT,STRONG_LEGAL_REGISTRY,,,"ReadTimeout: HTTPSConnectionPool(host='donacionesley21440.gob.cl', port=443): Read timed out. (read timeout=3)"
donatarias_21440,582,FUNDACIÓN DUCHENNE CHILE,FUNDACION DUCHENNE CHILE,Inscrita,https://donacionesley21440.gob.cl/registro-publico?n=582,RUT_DIRECT,STRONG_LEGAL_REGISTRY,,,"ReadTimeout: HTTPSConnectionPool(host='donacionesley21440.gob.cl', port=443): Read timed out. (read timeout=3)"
donatarias_21440,581,FUNDACION DE BENEFICENCIA SAN JORGE,FUNDACION DE BENEFICENCIA SAN JORGE,Inscrita,https://donacionesley21440.gob.cl/registro-publico?n=581,RUT_DIRECT,STRONG_LEGAL_REGISTRY,,,"ReadTimeout: HTTPSConnectionPool(host='donacionesley21440.gob.cl', port=443): Read timed out. (read timeout=3)"
donatarias_21440,580,FUNDACION CIUDAD DEL NIÑO,FUNDACION CIUDAD DEL NINO,Inscrita,https://donacionesley21440.gob.cl/registro-publico?n=580,RUT_DIRECT,STRONG_LEGAL_REGISTRY,,,"ReadTimeout: HTTPSConnectionPool(host='donacionesley21440.gob.cl', port=443): Read timed out. (read timeout=3)"
donatarias_21440,579,FUNDACIÓN CANTO CATÓLICO,FUNDACION CANTO CATOLICO,Inscrita,https://donacionesley21440.gob.cl/registro-publico?n=579,RUT_DIRECT,STRONG_LEGAL_REGISTRY,,,"ReadTimeout: HTTPSConnectionPool(host='donacionesley21440.gob.cl', port=443): Read timed out. (read timeout=3)"
donatarias_21440,578,FUNDACIÓN ARMONÍA BIODIVERSA,FUNDACION ARMONIA BIODIVERSA,Inscrita,https://donacionesley21440.gob.cl/registro-publico?n=578,RUT_DIRECT,STRONG_LEGAL_REGISTRY,,,"ReadTimeout: HTTPSConnectionPool(host='donacionesley21440.gob.cl', port=443): Read timed out. (read timeout=3)"
donatarias_21440,577,FUNDACIÓN ANTARTICA21,FUNDACION ANTARTICA21,Inscrita,https://donacionesley21440.gob.cl/registro-publico?n=577,RUT_DIRECT,STRONG_LEGAL_REGISTRY,,,"ReadTimeout: HTTPSConnectionPool(host='donacionesley21440.gob.cl', port=443): Read timed out. (read timeout=3)"
donatarias_21440,576,CORPORACIÓN MUNICIPAL DE FOMENTO AL DESARROLLO ECONOMICO Y PRODUCTIVO DE CURICÓ,CORPORACION MUNICIPAL DE FOMENTO AL DESARROLLO ECONOMICO Y PRODUCTIVO DE CURICO,Eliminada,https://donacionesley21440.gob.cl/registro-publico?n=576,RUT_DIRECT,STRONG_LEGAL_REGISTRY,,,"ReadTimeout: HTTPSConnectionPool(host='donacionesley21440.gob.cl', port=443): Read timed out. (read timeout=3)"
donatarias_21440,575,CORPORACION CULTURAL Y SOCIAL PATRIMONIO DE LA FAMILIA,CORPORACION CULTURAL Y SOCIAL PATRIMONIO DE LA FAMILIA,Inscrita,https://donacionesley21440.gob.cl/registro-publico?n=575,RUT_DIRECT,STRONG_LEGAL_REGISTRY,,,"ReadTimeout: HTTPSConnectionPool(host='donacionesley21440.gob.cl', port=443): Read timed out. (read timeout=3)"
donatarias_21440,574,ASOCIACIÓN DE DEMENCIA FRONTOTEMPORAL,ASOCIACION DE DEMENCIA FRONTOTEMPORAL,Inscrita,https://donacionesley21440.gob.cl/registro-publico?n=574,RUT_DIRECT,STRONG_LEGAL_REGISTRY,,,"ReadTimeout: HTTPSConnectionPool(host='donacionesley21440.gob.cl', port=443): Read timed out. (read timeout=3)"
donatarias_21440,573,SOCIEDAD CHILENA DE CIRUGIA PEDIATRICA,SOCIEDAD CHILENA DE CIRUGIA PEDIATRICA,Inscrita,https://donacionesley21440.gob.cl/registro-publico?n=573,RUT_DIRECT,STRONG_LEGAL_REGISTRY,,,"ReadTimeout: HTTPSConnectionPool(host='donacionesley21440.gob.cl', port=443): Read timed out. (read timeout=3)"
donatarias_21440,572,ONG DE DESARROLLO E INTEGRACIÓN SOCIAL MARIA OLGA ESTER,ONG DE DESARROLLO E INTEGRACION SOCIAL MARIA OLGA ESTER,Eliminada,https://donacionesley21440.gob.cl/registro-publico?n=572,RUT_DIRECT,STRONG_LEGAL_REGISTRY,,,"ReadTimeout: HTTPSConnectionPool(host='donacionesley21440.gob.cl', port=443): Read timed out. (read timeout=3)"
donatarias_21440,571,FUNDACIÓN NIEVE PARA TODOS,FUNDACION NIEVE PARA TODOS,Inscrita,https://donacionesley21440.gob.cl/registro-publico?n=571,RUT_DIRECT,STRONG_LEGAL_REGISTRY,,,"ReadTimeout: HTTPSConnectionPool(host='donacionesley21440.gob.cl', port=443): Read timed out. (read timeout=3)"
donatarias_21440,570,FUNDACIÓN MINERA ESCONDIDA,FUNDACION MINERA ESCONDIDA,Inscrita,https://donacionesley21440.gob.cl/registro-publico?n=570,RUT_DIRECT,STRONG_LEGAL_REGISTRY,,,"ReadTimeout: HTTPSConnectionPool(host='donacionesley21440.gob.cl', port=443): Read timed out. (read timeout=3)"
donatarias_21440,569,FUNDACION ENSEÑARTES BOSQUE ENCANTADO CHILOE,FUNDACION ENSENARTES BOSQUE ENCANTADO CHILOE,Inscrita,https://donacionesley21440.gob.cl/registro-publico?n=569,RUT_DIRECT,STRONG_LEGAL_REGISTRY,,,"ReadTimeout: HTTPSConnectionPool(host='donacionesley21440.gob.cl', port=443): Read timed out. (read timeout=3)"
donatarias_21440,568,FUNDACION EDUCACIONAL IMPULSA,FUNDACION EDUCACIONAL IMPULSA,Inscrita,https://donacionesley21440.gob.cl/registro-publico?n=568,RUT_DIRECT,STRONG_LEGAL_REGISTRY,,,"ReadTimeout: HTTPSConnectionPool(host='donacionesley21440.gob.cl', port=443): Read timed out. (read timeout=3)"
donatarias_21440,567,FUNDACION DILO EN SEÑAS,FUNDACION DILO EN SENAS,Inscrita,https://donacionesley21440.gob.cl/registro-publico?n=567,RUT_DIRECT,STRONG_LEGAL_REGISTRY,,,"ReadTimeout: HTTPSConnectionPool(host='donacionesley21440.gob.cl', port=443): Read timed out. (read timeout=3)"
donatarias_21440,566,FUNDACIÓN DE BENEFICENCIA  SER INCLUSIVO,FUNDACION DE BENEFICENCIA SER INCLUSIVO,Inscrita,https://donacionesley21440.gob.cl/registro-publico?n=566,RUT_DIRECT,STRONG_LEGAL_REGISTRY,,,"ReadTimeout: HTTPSConnectionPool(host='donacionesley21440.gob.cl', port=443): Read timed out. (read timeout=3)"
donatarias_21440,565,FUNDACIÓN CULTURAL LEYENDAS,FUNDACION CULTURAL LEYENDAS,Inscrita,https://donacionesley21440.gob.cl/registro-publico?n=565,RUT_DIRECT,STRONG_LEGAL_REGISTRY,,,"ReadTimeout: HTTPSConnectionPool(host='donacionesley21440.gob.cl', port=443): Read timed out. (read timeout=3)"
donatarias_21440,564,FUNDACION CREERE PARA LATINOAMERICA,FUNDACION CREERE PARA LATINOAMERICA,Eliminada,https://donacionesley21440.gob.cl/registro-publico?n=564,RUT_DIRECT,STRONG_LEGAL_REGISTRY,,,"ReadTimeout: HTTPSConnectionPool(host='donacionesley21440.gob.cl', port=443): Read timed out. (read timeout=3)"
donatarias_21440,563,FUNDACIÓN CÍVICOS,FUNDACION CIVICOS,Eliminada,https://donacionesley21440.gob.cl/registro-publico?n=563,RUT_DIRECT,STRONG_LEGAL_REGISTRY,,,"ReadTimeout: HTTPSConnectionPool(host='donacionesley21440.gob.cl', port=443): Read timed out. (read timeout=3)"
donatarias_21440,562,FUNDACION AMPAROS,FUNDACION AMPAROS,Inscrita,https://donacionesley21440.gob.cl/registro-publico?n=562,RUT_DIRECT,STRONG_LEGAL_REGISTRY,,,"ReadTimeout: HTTPSConnectionPool(host='donacionesley21440.gob.cl', port=443): Read timed out. (read timeout=3)"
donatarias_21440,561,CORPORACIÓN FORMANDO CHILE,CORPORACION FORMANDO CHILE,Inscrita,https://donacionesley21440.gob.cl/registro-publico?n=561,RUT_DIRECT,STRONG_LEGAL_REGISTRY,,,"ReadTimeout: HTTPSConnectionPool(host='donacionesley21440.gob.cl', port=443): Read timed out. (read timeout=3)"
donatarias_21440,560,CORPORACION DE AYUDA A PERSONAS CON CAPACIDADES DIFERENTES,CORPORACION DE AYUDA A PERSONAS CON CAPACIDADES DIFERENTES,Inscrita,https://donacionesley21440.gob.cl/registro-publico?n=560,RUT_DIRECT,STRONG_LEGAL_REGISTRY,,,"ReadTimeout: HTTPSConnectionPool(host='donacionesley21440.gob.cl', port=443): Read timed out. (read timeout=3)"
donatarias_21440,559,NEURORUTA,NEURORUTA,Inscrita,https://donacionesley21440.gob.cl/registro-publico?n=559,RUT_DIRECT,STRONG_LEGAL_REGISTRY,,,"ReadTimeout: HTTPSConnectionPool(host='donacionesley21440.gob.cl', port=443): Read timed out. (read timeout=3)"
donatarias_21440,558,INSTITUTO DE NEUROCIENCIA BIOMEDICA,INSTITUTO DE NEUROCIENCIA BIOMEDICA,Inscrita,https://donacionesley21440.gob.cl/registro-publico?n=558,RUT_DIRECT,STRONG_LEGAL_REGISTRY,,,"ReadTimeout: HTTPSConnectionPool(host='donacionesley21440.gob.cl', port=443): Read timed out. (read timeout=3)"
donatarias_21440,557,FUNDACIÓN SOYMÁS,FUNDACION SOYMAS,Inscrita,https://donacionesley21440.gob.cl/registro-publico?n=557,RUT_DIRECT,STRONG_LEGAL_REGISTRY,,,"ReadTimeout: HTTPSConnectionPool(host='donacionesley21440.gob.cl', port=443): Read timed out. (read timeout=3)"
donatarias_21440,556,FUNDACION SOY DEL CAMPO CHILE,FUNDACION SOY DEL CAMPO CHILE,Inscrita,https://donacionesley21440.gob.cl/registro-publico?n=556,RUT_DIRECT,STRONG_LEGAL_REGISTRY,,,"ReadTimeout: HTTPSConnectionPool(host='donacionesley21440.gob.cl', port=443): Read timed out. (read timeout=3)"
donatarias_21440,555,FUNDACION PRO TRANSPORTE,FUNDACION PRO TRANSPORTE,Eliminada,https://donacionesley21440.gob.cl/registro-publico?n=555,RUT_DIRECT,STRONG_LEGAL_REGISTRY,,,"ReadTimeout: HTTPSConnectionPool(host='donacionesley21440.gob.cl', port=443): Read timed out. (read timeout=3)"
donatarias_21440,554,FUNDACION MISIONES DE LA COSTA,FUNDACION MISIONES DE LA COSTA,Inscrita,https://donacionesley21440.gob.cl/registro-publico?n=554,RUT_DIRECT,STRONG_LEGAL_REGISTRY,,,"ReadTimeout: HTTPSConnectionPool(host='donacionesley21440.gob.cl', port=443): Read timed out. (read timeout=3)"
donatarias_21440,553,FUNDACIÓN INGENIOSAS: CIENCIA Y TECNOLOGÍA PARA TODAS,FUNDACION INGENIOSAS CIENCIA Y TECNOLOGIA PARA TODAS,Inscrita,https://donacionesley21440.gob.cl/registro-publico?n=553,RUT_DIRECT,STRONG_LEGAL_REGISTRY,,,"ReadTimeout: HTTPSConnectionPool(host='donacionesley21440.gob.cl', port=443): Read timed out. (read timeout=3)"
donatarias_21440,552,FUNDACION ESCALA COMUN,FUNDACION ESCALA COMUN,Eliminada,https://donacionesley21440.gob.cl/registro-publico?n=552,RUT_DIRECT,STRONG_LEGAL_REGISTRY,,,"ReadTimeout: HTTPSConnectionPool(host='donacionesley21440.gob.cl', port=443): Read timed out. (read timeout=3)"
donatarias_21440,551,FUNDACION DE PROTECCION ANIMAL LIED,FUNDACION DE PROTECCION ANIMAL LIED,Inscrita,https://donacionesley21440.gob.cl/registro-publico?n=551,RUT_DIRECT,STRONG_LEGAL_REGISTRY,,,"ReadTimeout: HTTPSConnectionPool(host='donacionesley21440.gob.cl', port=443): Read timed out. (read timeout=3)"
donatarias_21440,550,"FUNDACIÓN DE BENEFICENCIA PÚBLICA, CULTURAL Y EDUCACIONAL FIBRA",FUNDACION DE BENEFICENCIA PUBLICA CULTURAL Y EDUCACIONAL FIBRA,Inscrita,https://donacionesley21440.gob.cl/registro-publico?n=550,RUT_DIRECT,STRONG_LEGAL_REGISTRY,,,"ReadTimeout: HTTPSConnectionPool(host='donacionesley21440.gob.cl', port=443): Read timed out. (read timeout=3)"
donatarias_21440,549,FUNDACIÓN CREANDO CURIOSOS,FUNDACION CREANDO CURIOSOS,Inscrita,https://donacionesley21440.gob.cl/registro-publico?n=549,RUT_DIRECT,STRONG_LEGAL_REGISTRY,,,"ReadTimeout: HTTPSConnectionPool(host='donacionesley21440.gob.cl', port=443): Read timed out. (read timeout=3)"
donatarias_21440,548,FUNDACIÓN BEST BUDDIES CHILE,FUNDACION BEST BUDDIES CHILE,Inscrita,https://donacionesley21440.gob.cl/registro-publico?n=548,RUT_DIRECT,STRONG_LEGAL_REGISTRY,,,"ReadTimeout: HTTPSConnectionPool(host='donacionesley21440.gob.cl', port=443): Read timed out. (read timeout=3)"
donatarias_21440,547,FUNDACION AMA + PARA EL DESARROLLO SOCIOEMOCIONAL,FUNDACION AMA PARA EL DESARROLLO SOCIOEMOCIONAL,Inscrita,https://donacionesley21440.gob.cl/registro-publico?n=547,RUT_DIRECT,STRONG_LEGAL_REGISTRY,,,"ReadTimeout: HTTPSConnectionPool(host='donacionesley21440.gob.cl', port=443): Read timed out. (read timeout=3)"
donatarias_21440,546,FUNDACION ACADEMIA NACIONAL DE ENFERMERIA Y EMERGENCIAS,FUNDACION ACADEMIA NACIONAL DE ENFERMERIA Y EMERGENCIAS,Eliminada,https://donacionesley21440.gob.cl/registro-publico?n=546,RUT_DIRECT,STRONG_LEGAL_REGISTRY,,,"ReadTimeout: HTTPSConnectionPool(host='donacionesley21440.gob.cl', port=443): Read timed out. (read timeout=3)"
donatarias_21440,545,CORPORACION MISION DE MARIA,CORPORACION MISION DE MARIA,Inscrita,https://donacionesley21440.gob.cl/registro-publico?n=545,RUT_DIRECT,STRONG_LEGAL_REGISTRY,,,"ReadTimeout: HTTPSConnectionPool(host='donacionesley21440.gob.cl', port=443): Read timed out. (read timeout=3)"
donatarias_21440,544,CORPORACION EMPRESAS DEL MAIPO,CORPORACION EMPRESAS DEL MAIPO,Inscrita,https://donacionesley21440.gob.cl/registro-publico?n=544,RUT_DIRECT,STRONG_LEGAL_REGISTRY,,,"ReadTimeout: HTTPSConnectionPool(host='donacionesley21440.gob.cl', port=443): Read timed out. (read timeout=3)"
donatarias_21440,543,CORPORACIÓN EDUCACIONAL TRICAHUE,CORPORACION EDUCACIONAL TRICAHUE,Inscrita,https://donacionesley21440.gob.cl/registro-publico?n=543,RUT_DIRECT,STRONG_LEGAL_REGISTRY,,,"ReadTimeout: HTTPSConnectionPool(host='donacionesley21440.gob.cl', port=443): Read timed out. (read timeout=3)"
donatarias_21440,542,CORPORACION DE SALUD INTEGRAL ENKIMED DE ANTOFAGASTA,CORPORACION DE SALUD INTEGRAL ENKIMED DE ANTOFAGASTA,Inscrita,https://donacionesley21440.gob.cl/registro-publico?n=542,RUT_DIRECT,STRONG_LEGAL_REGISTRY,,,"ReadTimeout: HTTPSConnectionPool(host='donacionesley21440.gob.cl', port=443): Read timed out. (read timeout=3)"
donatarias_21440,541,COMUNIDADMUJER,COMUNIDADMUJER,Inscrita,https://donacionesley21440.gob.cl/registro-publico?n=541,RUT_DIRECT,STRONG_LEGAL_REGISTRY,,,"ReadTimeout: HTTPSConnectionPool(host='donacionesley21440.gob.cl', port=443): Read timed out. (read timeout=3)"
donatarias_21440,540,ONG TU ME AYUDAS A CRECER,ONG TU ME AYUDAS A CRECER,Inscrita,https://donacionesley21440.gob.cl/registro-publico?n=540,RUT_DIRECT,STRONG_LEGAL_REGISTRY,,,"ReadTimeout: HTTPSConnectionPool(host='donacionesley21440.gob.cl', port=443): Read timed out. (read timeout=3)"
donatarias_21440,539,ONG DE DESARROLLO PIENSA DISCAPACIDAD,ONG DE DESARROLLO PIENSA DISCAPACIDAD,Eliminada,https://donacionesley21440.gob.cl/registro-publico?n=539,RUT_DIRECT,STRONG_LEGAL_REGISTRY,,,"ReadTimeout: HTTPSConnectionPool(host='donacionesley21440.gob.cl', port=443): Read timed out. (read timeout=3)"
donatarias_21440,538,FUNDACIÓN VIDA INDEPENDIENTE CHILE,FUNDACION VIDA INDEPENDIENTE CHILE,Inscrita,https://donacionesley21440.gob.cl/registro-publico?n=538,RUT_DIRECT,STRONG_LEGAL_REGISTRY,,,"ReadTimeout: HTTPSConnectionPool(host='donacionesley21440.gob.cl', port=443): Read timed out. (read timeout=3)"
donatarias_21440,537,FUNDACIÓN SOCIAL AMAR DAS,FUNDACION SOCIAL AMAR DAS,Inscrita,https://donacionesley21440.gob.cl/registro-publico?n=537,RUT_DIRECT,STRONG_LEGAL_REGISTRY,,,"ReadTimeout: HTTPSConnectionPool(host='donacionesley21440.gob.cl', port=443): Read timed out. (read timeout=3)"
donatarias_21440,536,FUNDACIÓN PARA LA TRANSFERENCIA TECNOLOGICA,FUNDACION PARA LA TRANSFERENCIA TECNOLOGICA,Inscrita,https://donacionesley21440.gob.cl/registro-publico?n=536,RUT_DIRECT,STRONG_LEGAL_REGISTRY,,,"ReadTimeout: HTTPSConnectionPool(host='donacionesley21440.gob.cl', port=443): Read timed out. (read timeout=3)"
donatarias_21440,535,FUNDACIÓN PARA LA INSERCIÓN SOCIAL KALÉN ONG,FUNDACION PARA LA INSERCION SOCIAL KALEN ONG,Inscrita,https://donacionesley21440.gob.cl/registro-publico?n=535,RUT_DIRECT,STRONG_LEGAL_REGISTRY,,,"ReadTimeout: HTTPSConnectionPool(host='donacionesley21440.gob.cl', port=443): Read timed out. (read timeout=3)"
donatarias_21440,534,FUNDACIÓN MUJER LEVÁNTATE,FUNDACION MUJER LEVANTATE,Inscrita,https://donacionesley21440.gob.cl/registro-publico?n=534,RUT_DIRECT,STRONG_LEGAL_REGISTRY,,,"ReadTimeout: HTTPSConnectionPool(host='donacionesley21440.gob.cl', port=443): Read timed out. (read timeout=3)"
donatarias_21440,533,FUNDACION INTERNACIONAL DE DERECHOS HUMANOS Y SEGURIDAD,FUNDACION INTERNACIONAL DE DERECHOS HUMANOS Y SEGURIDAD,Eliminada,https://donacionesley21440.gob.cl/registro-publico?n=533,RUT_DIRECT,STRONG_LEGAL_REGISTRY,,,"ReadTimeout: HTTPSConnectionPool(host='donacionesley21440.gob.cl', port=443): Read timed out. (read timeout=3)"
donatarias_21440,532,FUNDACIÓN HUELLA LOCAL,FUNDACION HUELLA LOCAL,Inscrita,https://donacionesley21440.gob.cl/registro-publico?n=532,RUT_DIRECT,STRONG_LEGAL_REGISTRY,,,"ReadTimeout: HTTPSConnectionPool(host='donacionesley21440.gob.cl', port=443): Read timed out. (read timeout=3)"
donatarias_21440,531,FUNDACION HOPPMANN-HURTADO,FUNDACION HOPPMANN HURTADO,Eliminada,https://donacionesley21440.gob.cl/registro-publico?n=531,RUT_DIRECT,STRONG_LEGAL_REGISTRY,,,"ReadTimeout: HTTPSConnectionPool(host='donacionesley21440.gob.cl', port=443): Read timed out. (read timeout=3)"
donatarias_21440,530,FUNDACION ESPERANZA Y SOLIDARIDAD,FUNDACION ESPERANZA Y SOLIDARIDAD,Inscrita,https://donacionesley21440.gob.cl/registro-publico?n=530,RUT_DIRECT,STRONG_LEGAL_REGISTRY,,,"ReadTimeout: HTTPSConnectionPool(host='donacionesley21440.gob.cl', port=443): Read timed out. (read timeout=3)"
donatarias_21440,529,FUNDACION EQUICENTRO,FUNDACION EQUICENTRO,Inscrita,https://donacionesley21440.gob.cl/registro-publico?n=529,RUT_DIRECT,STRONG_LEGAL_REGISTRY,,,"ReadTimeout: HTTPSConnectionPool(host='donacionesley21440.gob.cl', port=443): Read timed out. (read timeout=3)"
donatarias_21440,528,FUNDACIÓN EDUCACIONAL CLASSPOINT,FUNDACION EDUCACIONAL CLASSPOINT,Inscrita,https://donacionesley21440.gob.cl/registro-publico?n=528,RUT_DIRECT,STRONG_LEGAL_REGISTRY,,,"ReadTimeout: HTTPSConnectionPool(host='donacionesley21440.gob.cl', port=443): Read timed out. (read timeout=3)"
donatarias_21440,527,FUNDACION DUOC DE LA PONTIFICIA UNIVERSIDAD CATOLICA DE CHILE,FUNDACION DUOC DE LA PONTIFICIA UNIVERSIDAD CATOLICA DE CHILE,Eliminada,https://donacionesley21440.gob.cl/registro-publico?n=527,RUT_DIRECT,STRONG_LEGAL_REGISTRY,,,"ReadTimeout: HTTPSConnectionPool(host='donacionesley21440.gob.cl', port=443): Read timed out. (read timeout=3)"
donatarias_21440,526,FUNDACION DEL AGUA,FUNDACION DEL AGUA,Eliminada,https://donacionesley21440.gob.cl/registro-publico?n=526,RUT_DIRECT,STRONG_LEGAL_REGISTRY,,,"ReadTimeout: HTTPSConnectionPool(host='donacionesley21440.gob.cl', port=443): Read timed out. (read timeout=3)"
donatarias_21440,525,FUNDACION CRISTO REY,FUNDACION CRISTO REY,Inscrita,https://donacionesley21440.gob.cl/registro-publico?n=525,RUT_DIRECT,STRONG_LEGAL_REGISTRY,,,"ReadTimeout: HTTPSConnectionPool(host='donacionesley21440.gob.cl', port=443): Read timed out. (read timeout=3)"
donatarias_21440,524,FUNDACION CHILENA DE ADOPCION Y FAMILIA,FUNDACION CHILENA DE ADOPCION Y FAMILIA,Inscrita,https://donacionesley21440.gob.cl/registro-publico?n=524,RUT_DIRECT,STRONG_LEGAL_REGISTRY,,,"ReadTimeout: HTTPSConnectionPool(host='donacionesley21440.gob.cl', port=443): Read timed out. (read timeout=3)"
donatarias_21440,523,FUNDACIÓN CARITAS PUERTO MONTT,FUNDACION CARITAS PUERTO MONTT,Inscrita,https://donacionesley21440.gob.cl/registro-publico?n=523,RUT_DIRECT,STRONG_LEGAL_REGISTRY,,,"ReadTimeout: HTTPSConnectionPool(host='donacionesley21440.gob.cl', port=443): Read timed out. (read timeout=3)"
donatarias_21440,522,CORPORACIÓN QUINTERO MIDE,CORPORACION QUINTERO MIDE,Inscrita,https://donacionesley21440.gob.cl/registro-publico?n=522,RUT_DIRECT,STRONG_LEGAL_REGISTRY,,,"ReadTimeout: HTTPSConnectionPool(host='donacionesley21440.gob.cl', port=443): Read timed out. (read timeout=3)"
donatarias_21440,521,CORPORACION MUNICIPAL DE DEPORTES DE LA PINTANA,CORPORACION MUNICIPAL DE DEPORTES DE LA PINTANA,Inscrita,https://donacionesley21440.gob.cl/registro-publico?n=521,RUT_DIRECT,STRONG_LEGAL_REGISTRY,,,"ReadTimeout: HTTPSConnectionPool(host='donacionesley21440.gob.cl', port=443): Read timed out. (read timeout=3)"
donatarias_21440,520,"CORPORACION EDUCATIVA SOCIAL Y FORMATIVA, RECREATIVA, TERAPEUTICA Y DEPORTIVA PRODOWN CHILE",CORPORACION EDUCATIVA SOCIAL Y FORMATIVA RECREATIVA TERAPEUTICA Y DEPORTIVA PRODOWN CHILE,Inscrita,https://donacionesley21440.gob.cl/registro-publico?n=520,RUT_DIRECT,STRONG_LEGAL_REGISTRY,,,"ReadTimeout: HTTPSConnectionPool(host='donacionesley21440.gob.cl', port=443): Read timed out. (read timeout=3)"
donatarias_21440,519,CORPORACION DE INVESTIGACION Y AVANCE DE LA PALEONTOLOGIA E HISTORIA NATURAL DE ATACAMA,CORPORACION DE INVESTIGACION Y AVANCE DE LA PALEONTOLOGIA E HISTORIA NATURAL DE ATACAMA,Inscrita,https://donacionesley21440.gob.cl/registro-publico?n=519,RUT_DIRECT,STRONG_LEGAL_REGISTRY,65193157-6,ENT-RUT-65193157-6,
donatarias_21440,518,CORPORACION CULTURAL DE LAS CONDES,CORPORACION CULTURAL DE LAS CONDES,Inscrita,https://donacionesley21440.gob.cl/registro-publico?n=518,RUT_DIRECT,STRONG_LEGAL_REGISTRY,,,"ReadTimeout: HTTPSConnectionPool(host='donacionesley21440.gob.cl', port=443): Read timed out. (read timeout=3)"
donatarias_21440,517,ASOCIACION PATRIMONIAL CULTURAL DE LA REGION DE LOS RIOS,ASOCIACION PATRIMONIAL CULTURAL DE LA REGION DE LOS RIOS,Inscrita,https://donacionesley21440.gob.cl/registro-publico?n=517,RUT_DIRECT,STRONG_LEGAL_REGISTRY,,,"ReadTimeout: HTTPSConnectionPool(host='donacionesley21440.gob.cl', port=443): Read timed out. (read timeout=3)"
donatarias_21440,516,ORGANIZACION NO GUBERNAMENTAL DE DESARROLLO CORPORACION PARA LA RECREACION Y LA EDUCACION AL AIRE LI,ORGANIZACION NO GUBERNAMENTAL DE DESARROLLO CORPORACION PARA LA RECREACION Y LA EDUCACION AL AIRE LI,Inscrita,https://donacionesley21440.gob.cl/registro-publico?n=516,RUT_DIRECT,STRONG_LEGAL_REGISTRY,,,"ReadTimeout: HTTPSConnectionPool(host='donacionesley21440.gob.cl', port=443): Read timed out. (read timeout=3)"
donatarias_21440,515,OBISPADO SAN FELIPE DE ACONCAGUA,OBISPADO SAN FELIPE DE ACONCAGUA,Inscrita,https://donacionesley21440.gob.cl/registro-publico?n=515,RUT_DIRECT,STRONG_LEGAL_REGISTRY,,,"ReadTimeout: HTTPSConnectionPool(host='donacionesley21440.gob.cl', port=443): Read timed out. (read timeout=3)"
donatarias_21440,514,FUNDACION TECHNOSERVE CHILE,FUNDACION TECHNOSERVE CHILE,Inscrita,https://donacionesley21440.gob.cl/registro-publico?n=514,RUT_DIRECT,STRONG_LEGAL_REGISTRY,,,"ReadTimeout: HTTPSConnectionPool(host='donacionesley21440.gob.cl', port=443): Read timed out. (read timeout=3)"
donatarias_21440,513,FUNDACIÓN PATITAS VISIBLES,FUNDACION PATITAS VISIBLES,Inscrita,https://donacionesley21440.gob.cl/registro-publico?n=513,RUT_DIRECT,STRONG_LEGAL_REGISTRY,,,"ReadTimeout: HTTPSConnectionPool(host='donacionesley21440.gob.cl', port=443): Read timed out. (read timeout=3)"
donatarias_21440,512,FUNDACION PARA LA INFORMACION Y DIFUSION DEL CAMBIO CLIMATICO CLIMATE TRACKER,FUNDACION PARA LA INFORMACION Y DIFUSION DEL CAMBIO CLIMATICO CLIMATE TRACKER,Inscrita,https://donacionesley21440.gob.cl/registro-publico?n=512,RUT_DIRECT,STRONG_LEGAL_REGISTRY,,,"ReadTimeout: HTTPSConnectionPool(host='donacionesley21440.gob.cl', port=443): Read timed out. (read timeout=3)"
donatarias_21440,511,FUNDACIÓN OPEN BORDERS,FUNDACION OPEN BORDERS,Eliminada,https://donacionesley21440.gob.cl/registro-publico?n=511,RUT_DIRECT,STRONG_LEGAL_REGISTRY,,,"ReadTimeout: HTTPSConnectionPool(host='donacionesley21440.gob.cl', port=443): Read timed out. (read timeout=3)"
donatarias_21440,510,FUNDACIÓN NIÑAS VALIENTES,FUNDACION NINAS VALIENTES,Inscrita,https://donacionesley21440.gob.cl/registro-publico?n=510,RUT_DIRECT,STRONG_LEGAL_REGISTRY,,,"ReadTimeout: HTTPSConnectionPool(host='donacionesley21440.gob.cl', port=443): Read timed out. (read timeout=3)"
donatarias_21440,509,FUNDACION LA CASA DE YUYIN,FUNDACION LA CASA DE YUYIN,Eliminada,https://donacionesley21440.gob.cl/registro-publico?n=509,RUT_DIRECT,STRONG_LEGAL_REGISTRY,,,"ReadTimeout: HTTPSConnectionPool(host='donacionesley21440.gob.cl', port=443): Read timed out. (read timeout=3)"
donatarias_21440,508,FUNDACIÓN ENTRELAZOS CHILE,FUNDACION ENTRELAZOS CHILE,Inscrita,https://donacionesley21440.gob.cl/registro-publico?n=508,RUT_DIRECT,STRONG_LEGAL_REGISTRY,,,"ReadTimeout: HTTPSConnectionPool(host='donacionesley21440.gob.cl', port=443): Read timed out. (read timeout=3)"
donatarias_21440,507,"FUNDACION DE LA CAMARA DE COMERCIO, INDUSTRIA, SERVICIOS Y TURISMO DE IQUIQUE",FUNDACION DE LA CAMARA DE COMERCIO INDUSTRIA SERVICIOS Y TURISMO DE IQUIQUE,Eliminada,https://donacionesley21440.gob.cl/registro-publico?n=507,RUT_DIRECT,STRONG_LEGAL_REGISTRY,,,"ReadTimeout: HTTPSConnectionPool(host='donacionesley21440.gob.cl', port=443): Read timed out. (read timeout=3)"
donatarias_21440,506,FUNDACION DE DESARROLLO SOCIAL MARÍA BONNEBAS,FUNDACION DE DESARROLLO SOCIAL MARIA BONNEBAS,Inscrita,https://donacionesley21440.gob.cl/registro-publico?n=506,RUT_DIRECT,STRONG_LEGAL_REGISTRY,,,"ReadTimeout: HTTPSConnectionPool(host='donacionesley21440.gob.cl', port=443): Read timed out. (read timeout=3)"
donatarias_21440,505,FUNDACION CRISTO ESPECIAL,FUNDACION CRISTO ESPECIAL,Inscrita,https://donacionesley21440.gob.cl/registro-publico?n=505,RUT_DIRECT,STRONG_LEGAL_REGISTRY,,,"ReadTimeout: HTTPSConnectionPool(host='donacionesley21440.gob.cl', port=443): Read timed out. (read timeout=3)"
donatarias_21440,504,FUNDACIÓN CIELOS DE CHILE,FUNDACION CIELOS DE CHILE,Inscrita,https://donacionesley21440.gob.cl/registro-publico?n=504,RUT_DIRECT,STRONG_LEGAL_REGISTRY,,,"ReadTimeout: HTTPSConnectionPool(host='donacionesley21440.gob.cl', port=443): Read timed out. (read timeout=3)"
donatarias_21440,503,FUNDACIÓN CHILE SE EDUCA,FUNDACION CHILE SE EDUCA,Eliminada,https://donacionesley21440.gob.cl/registro-publico?n=503,RUT_DIRECT,STRONG_LEGAL_REGISTRY,,,"ReadTimeout: HTTPSConnectionPool(host='donacionesley21440.gob.cl', port=443): Read timed out. (read timeout=3)"
donatarias_21440,502,CUERPO DE BOMBEROS DE VILLA ALEMANA,CUERPO DE BOMBEROS DE VILLA ALEMANA,Eliminada,https://donacionesley21440.gob.cl/registro-publico?n=502,RUT_DIRECT,STRONG_LEGAL_REGISTRY,,,"ReadTimeout: HTTPSConnectionPool(host='donacionesley21440.gob.cl', port=443): Read timed out. (read timeout=3)"
donatarias_21440,501,CORPORACIÓN NUESTRA CASA,CORPORACION NUESTRA CASA,Inscrita,https://donacionesley21440.gob.cl/registro-publico?n=501,RUT_DIRECT,STRONG_LEGAL_REGISTRY,,,"ReadTimeout: HTTPSConnectionPool(host='donacionesley21440.gob.cl', port=443): Read timed out. (read timeout=3)"
donatarias_21440,500,CORPORACIÓN CHILE CONVERGE,CORPORACION CHILE CONVERGE,Inscrita,https://donacionesley21440.gob.cl/registro-publico?n=500,RUT_DIRECT,STRONG_LEGAL_REGISTRY,,,"ReadTimeout: HTTPSConnectionPool(host='donacionesley21440.gob.cl', port=443): Read timed out. (read timeout=3)"
donatarias_21440,499,CENTRO DE MEDITACION TIBETANA DE LA ESCUELA DRIKUNG KAGYU DE CHILE,CENTRO DE MEDITACION TIBETANA DE LA ESCUELA DRIKUNG KAGYU DE CHILE,Inscrita,https://donacionesley21440.gob.cl/registro-publico?n=499,RUT_DIRECT,STRONG_LEGAL_REGISTRY,,,"ReadTimeout: HTTPSConnectionPool(host='donacionesley21440.gob.cl', port=443): Read timed out. (read timeout=3)"
donatarias_21440,498,ARZOBISPADO DE LA SERENA,ARZOBISPADO DE LA SERENA,Inscrita,https://donacionesley21440.gob.cl/registro-publico?n=498,RUT_DIRECT,STRONG_LEGAL_REGISTRY,,,"ReadTimeout: HTTPSConnectionPool(host='donacionesley21440.gob.cl', port=443): Read timed out. (read timeout=3)"
donatarias_21440,497,INSTITUTO DE BIODIVERSIDAD DE ECOSISTEMAS ANTÁRTICOS Y SUBANTÁRTICOS,INSTITUTO DE BIODIVERSIDAD DE ECOSISTEMAS ANTARTICOS Y SUBANTARTICOS,Inscrita,https://donacionesley21440.gob.cl/registro-publico?n=497,RUT_DIRECT,STRONG_LEGAL_REGISTRY,,,"ReadTimeout: HTTPSConnectionPool(host='donacionesley21440.gob.cl', port=443): Read timed out. (read timeout=3)"
donatarias_21440,496,FUNDACIÓN SENDA MUJER,FUNDACION SENDA MUJER,Inscrita,https://donacionesley21440.gob.cl/registro-publico?n=496,RUT_DIRECT,STRONG_LEGAL_REGISTRY,,,"ReadTimeout: HTTPSConnectionPool(host='donacionesley21440.gob.cl', port=443): Read timed out. (read timeout=3)"
donatarias_21440,495,FUNDACION PUENTE DE ARCOIRIS GIANNINA NOLI ARAYA,FUNDACION PUENTE DE ARCOIRIS GIANNINA NOLI ARAYA,Eliminada,https://donacionesley21440.gob.cl/registro-publico?n=495,RUT_DIRECT,STRONG_LEGAL_REGISTRY,,,"ReadTimeout: HTTPSConnectionPool(host='donacionesley21440.gob.cl', port=443): Read timed out. (read timeout=3)"
donatarias_21440,494,FUNDACIÓN NATIVO DIGITAL,FUNDACION NATIVO DIGITAL,Inscrita,https://donacionesley21440.gob.cl/registro-publico?n=494,RUT_DIRECT,STRONG_LEGAL_REGISTRY,,,"ReadTimeout: HTTPSConnectionPool(host='donacionesley21440.gob.cl', port=443): Read timed out. (read timeout=3)"
donatarias_21440,493,FUNDACIÓN MOVIMIENTO DEPORTIVO INCLUSIÓN,FUNDACION MOVIMIENTO DEPORTIVO INCLUSION,Inscrita,https://donacionesley21440.gob.cl/registro-publico?n=493,RUT_DIRECT,STRONG_LEGAL_REGISTRY,,,"ReadTimeout: HTTPSConnectionPool(host='donacionesley21440.gob.cl', port=443): Read timed out. (read timeout=3)"
donatarias_21440,492,FUNDACIÓN MAPUCHE WILLICHE WAFO WAPI,FUNDACION MAPUCHE WILLICHE WAFO WAPI,Inscrita,https://donacionesley21440.gob.cl/registro-publico?n=492,RUT_DIRECT,STRONG_LEGAL_REGISTRY,65225332-6,ENT-RUT-65225332-6,
donatarias_21440,491,FUNDACION LA CALETA,FUNDACION LA CALETA,Inscrita,https://donacionesley21440.gob.cl/registro-publico?n=491,RUT_DIRECT,STRONG_LEGAL_REGISTRY,,,"ReadTimeout: HTTPSConnectionPool(host='donacionesley21440.gob.cl', port=443): Read timed out. (read timeout=3)"
donatarias_21440,490,FUNDACION KÜDAUN,FUNDACION KUDAUN,Eliminada,https://donacionesley21440.gob.cl/registro-publico?n=490,RUT_DIRECT,STRONG_LEGAL_REGISTRY,,,"ReadTimeout: HTTPSConnectionPool(host='donacionesley21440.gob.cl', port=443): Read timed out. (read timeout=3)"
donatarias_21440,489,FUNDACIÓN INCLUSIÓN ARAUCANÍA,FUNDACION INCLUSION ARAUCANIA,Inscrita,https://donacionesley21440.gob.cl/registro-publico?n=489,RUT_DIRECT,STRONG_LEGAL_REGISTRY,,,"ReadTimeout: HTTPSConnectionPool(host='donacionesley21440.gob.cl', port=443): Read timed out. (read timeout=3)"
donatarias_21440,488,FUNDACIÓN GRUPO 99,FUNDACION GRUPO 99,Inscrita,https://donacionesley21440.gob.cl/registro-publico?n=488,RUT_DIRECT,STRONG_LEGAL_REGISTRY,,,"ReadTimeout: HTTPSConnectionPool(host='donacionesley21440.gob.cl', port=443): Read timed out. (read timeout=3)"
donatarias_21440,487,FUNDACIÓN GERONTOLÓGICA SAN BENJAMÍN ERASMO,FUNDACION GERONTOLOGICA SAN BENJAMIN ERASMO,Inscrita,https://donacionesley21440.gob.cl/registro-publico?n=487,RUT_DIRECT,STRONG_LEGAL_REGISTRY,,,"ReadTimeout: HTTPSConnectionPool(host='donacionesley21440.gob.cl', port=443): Read timed out. (read timeout=3)"
donatarias_21440,486,FUNDACION GARRAS Y PATAS,FUNDACION GARRAS Y PATAS,Inscrita,https://donacionesley21440.gob.cl/registro-publico?n=486,RUT_DIRECT,STRONG_LEGAL_REGISTRY,,,"ReadTimeout: HTTPSConnectionPool(host='donacionesley21440.gob.cl', port=443): Read timed out. (read timeout=3)"
donatarias_21440,485,FUNDACION ELEARNINGAMERICA,FUNDACION ELEARNINGAMERICA,Eliminada,https://donacionesley21440.gob.cl/registro-publico?n=485,RUT_DIRECT,STRONG_LEGAL_REGISTRY,,,"ReadTimeout: HTTPSConnectionPool(host='donacionesley21440.gob.cl', port=443): Read timed out. (read timeout=3)"
donatarias_21440,484,FUNDACIÓN DE CONSERVACIÓN AMBIENTAL REÑIHUÉ O REÑIHUE NATURE CONSERVANCY FOUNDATION,FUNDACION DE CONSERVACION AMBIENTAL RENIHUE O RENIHUE NATURE CONSERVANCY FOUNDATION,Inscrita,https://donacionesley21440.gob.cl/registro-publico?n=484,RUT_DIRECT,STRONG_LEGAL_REGISTRY,,,"ReadTimeout: HTTPSConnectionPool(host='donacionesley21440.gob.cl', port=443): Read timed out. (read timeout=3)"
donatarias_21440,483,FUNDACIÓN CULTURAL VIBRA CLÁSICA,FUNDACION CULTURAL VIBRA CLASICA,Inscrita,https://donacionesley21440.gob.cl/registro-publico?n=483,RUT_DIRECT,STRONG_LEGAL_REGISTRY,,,"ReadTimeout: HTTPSConnectionPool(host='donacionesley21440.gob.cl', port=443): Read timed out. (read timeout=3)"
donatarias_21440,482,FUNDACIÓN CONCIERTO 21: PARA LA MÚSICA Y LAS ARTES,FUNDACION CONCIERTO 21 PARA LA MUSICA Y LAS ARTES,Inscrita,https://donacionesley21440.gob.cl/registro-publico?n=482,RUT_DIRECT,STRONG_LEGAL_REGISTRY,,,"ReadTimeout: HTTPSConnectionPool(host='donacionesley21440.gob.cl', port=443): Read timed out. (read timeout=3)"
donatarias_21440,481,FUNDACIÓN CON GARRA - CONSERVACIÓN DE FELINOS NATIVOS,FUNDACION CON GARRA CONSERVACION DE FELINOS NATIVOS,Inscrita,https://donacionesley21440.gob.cl/registro-publico?n=481,RUT_DIRECT,STRONG_LEGAL_REGISTRY,,,"ReadTimeout: HTTPSConnectionPool(host='donacionesley21440.gob.cl', port=443): Read timed out. (read timeout=3)"
donatarias_21440,480,FUNDACIÓN AYLLU ANIMAL ATACAMA,FUNDACION AYLLU ANIMAL ATACAMA,Eliminada,https://donacionesley21440.gob.cl/registro-publico?n=480,RUT_DIRECT,STRONG_LEGAL_REGISTRY,,,"ReadTimeout: HTTPSConnectionPool(host='donacionesley21440.gob.cl', port=443): Read timed out. (read timeout=3)"
donatarias_21440,479,FUNDACIÓN APOYO JURÍDICO,FUNDACION APOYO JURIDICO,Inscrita,https://donacionesley21440.gob.cl/registro-publico?n=479,RUT_DIRECT,STRONG_LEGAL_REGISTRY,,,"ReadTimeout: HTTPSConnectionPool(host='donacionesley21440.gob.cl', port=443): Read timed out. (read timeout=3)"
donatarias_21440,478,FUNDACION AIRE PARA ENFERMEDADES PULMONARES COMPLEJAS,FUNDACION AIRE PARA ENFERMEDADES PULMONARES COMPLEJAS,Inscrita,https://donacionesley21440.gob.cl/registro-publico?n=478,RUT_DIRECT,STRONG_LEGAL_REGISTRY,,,"ReadTimeout: HTTPSConnectionPool(host='donacionesley21440.gob.cl', port=443): Read timed out. (read timeout=3)"
donatarias_21440,477,CORPORACIÓN MUNICIPAL DEL DEPORTE DE VITACURA,CORPORACION MUNICIPAL DEL DEPORTE DE VITACURA,Eliminada,https://donacionesley21440.gob.cl/registro-publico?n=477,RUT_DIRECT,STRONG_LEGAL_REGISTRY,,,"ReadTimeout: HTTPSConnectionPool(host='donacionesley21440.gob.cl', port=443): Read timed out. (read timeout=3)"
donatarias_21440,476,CORPORACION CULTURAL DE LO BARNECHEA,CORPORACION CULTURAL DE LO BARNECHEA,Inscrita,https://donacionesley21440.gob.cl/registro-publico?n=476,RUT_DIRECT,STRONG_LEGAL_REGISTRY,,,"ReadTimeout: HTTPSConnectionPool(host='donacionesley21440.gob.cl', port=443): Read timed out. (read timeout=3)"
donatarias_21440,475,"CONVIVIR, FUNDACIÓN DE INTOLERANCIA AL GLUTEN",CONVIVIR FUNDACION DE INTOLERANCIA AL GLUTEN,Inscrita,https://donacionesley21440.gob.cl/registro-publico?n=475,RUT_DIRECT,STRONG_LEGAL_REGISTRY,,,"ReadTimeout: HTTPSConnectionPool(host='donacionesley21440.gob.cl', port=443): Read timed out. (read timeout=3)"
donatarias_21440,474,CHILE DERECHOS CENTRO DE ESTUDIOS Y DESARROLLO SOCIAL,CHILE DERECHOS CENTRO DE ESTUDIOS Y DESARROLLO SOCIAL,Inscrita,https://donacionesley21440.gob.cl/registro-publico?n=474,RUT_DIRECT,STRONG_LEGAL_REGISTRY,,,"ReadTimeout: HTTPSConnectionPool(host='donacionesley21440.gob.cl', port=443): Read timed out. (read timeout=3)"
donatarias_21440,473,BUSSINESS AND PROFESSIONAL WOMEN MUJERES DEL SUR DEL MUNDO,BUSSINESS AND PROFESSIONAL WOMEN MUJERES DEL SUR DEL MUNDO,Eliminada,https://donacionesley21440.gob.cl/registro-publico?n=473,RUT_DIRECT,STRONG_LEGAL_REGISTRY,,,"ReadTimeout: HTTPSConnectionPool(host='donacionesley21440.gob.cl', port=443): Read timed out. (read timeout=3)"
donatarias_21440,472,TU IMPORTAS FUNDACION,TU IMPORTAS FUNDACION,Eliminada,https://donacionesley21440.gob.cl/registro-publico?n=472,RUT_DIRECT,STRONG_LEGAL_REGISTRY,,,"ReadTimeout: HTTPSConnectionPool(host='donacionesley21440.gob.cl', port=443): Read timed out. (read timeout=3)"
donatarias_21440,471,RED DE VOLUNTARIOS DE PRIMEROS AUXILIOS HATZALAH CHILE,RED DE VOLUNTARIOS DE PRIMEROS AUXILIOS HATZALAH CHILE,Inscrita,https://donacionesley21440.gob.cl/registro-publico?n=471,RUT_DIRECT,STRONG_LEGAL_REGISTRY,,,"ReadTimeout: HTTPSConnectionPool(host='donacionesley21440.gob.cl', port=443): Read timed out. (read timeout=3)"
donatarias_21440,470,FUNDACION SARA HERNANDEZ PARA LA CONSERVACIÓN DEL SANTUARIO DE LA NATURALEZA HUMEDAL TUNQUÉN,FUNDACION SARA HERNANDEZ PARA LA CONSERVACION DEL SANTUARIO DE LA NATURALEZA HUMEDAL TUNQUEN,Inscrita,https://donacionesley21440.gob.cl/registro-publico?n=470,RUT_DIRECT,STRONG_LEGAL_REGISTRY,,,"ReadTimeout: HTTPSConnectionPool(host='donacionesley21440.gob.cl', port=443): Read timed out. (read timeout=3)"
donatarias_21440,469,FUNDACION REINVENTANDONOS,FUNDACION REINVENTANDONOS,Inscrita,https://donacionesley21440.gob.cl/registro-publico?n=469,RUT_DIRECT,STRONG_LEGAL_REGISTRY,,,"ReadTimeout: HTTPSConnectionPool(host='donacionesley21440.gob.cl', port=443): Read timed out. (read timeout=3)"
donatarias_21440,468,FUNDACIÓN PURPOSE,FUNDACION PURPOSE,Inscrita,https://donacionesley21440.gob.cl/registro-publico?n=468,RUT_DIRECT,STRONG_LEGAL_REGISTRY,,,"ReadTimeout: HTTPSConnectionPool(host='donacionesley21440.gob.cl', port=443): Read timed out. (read timeout=3)"
donatarias_21440,467,FUNDACION PATERNITAS,FUNDACION PATERNITAS,Inscrita,https://donacionesley21440.gob.cl/registro-publico?n=467,RUT_DIRECT,STRONG_LEGAL_REGISTRY,,,"ReadTimeout: HTTPSConnectionPool(host='donacionesley21440.gob.cl', port=443): Read timed out. (read timeout=3)"
donatarias_21440,466,FUNDACION PARA LA INVESTIGACION DEL CUIDADO,FUNDACION PARA LA INVESTIGACION DEL CUIDADO,Inscrita,https://donacionesley21440.gob.cl/registro-publico?n=466,RUT_DIRECT,STRONG_LEGAL_REGISTRY,,,"ReadTimeout: HTTPSConnectionPool(host='donacionesley21440.gob.cl', port=443): Read timed out. (read timeout=3)"
donatarias_21440,465,FUNDACION MASFAMILIA,FUNDACION MASFAMILIA,Inscrita,https://donacionesley21440.gob.cl/registro-publico?n=465,RUT_DIRECT,STRONG_LEGAL_REGISTRY,,,"ReadTimeout: HTTPSConnectionPool(host='donacionesley21440.gob.cl', port=443): Read timed out. (read timeout=3)"
donatarias_21440,464,FUNDACIÓN ESCÉNICA AVANTI,FUNDACION ESCENICA AVANTI,Inscrita,https://donacionesley21440.gob.cl/registro-publico?n=464,RUT_DIRECT,STRONG_LEGAL_REGISTRY,,,"ReadTimeout: HTTPSConnectionPool(host='donacionesley21440.gob.cl', port=443): Read timed out. (read timeout=3)"
donatarias_21440,463,FUNDACION EL SEMBRADOR COMUNA DE PEÑAFLOR,FUNDACION EL SEMBRADOR COMUNA DE PENAFLOR,Eliminada,https://donacionesley21440.gob.cl/registro-publico?n=463,RUT_DIRECT,STRONG_LEGAL_REGISTRY,,,"ReadTimeout: HTTPSConnectionPool(host='donacionesley21440.gob.cl', port=443): Read timed out. (read timeout=3)"
donatarias_21440,462,FUNDACIÓN EDUCACIONAL MUNAYEDUCA,FUNDACION EDUCACIONAL MUNAYEDUCA,Eliminada,https://donacionesley21440.gob.cl/registro-publico?n=462,RUT_DIRECT,STRONG_LEGAL_REGISTRY,65200176-9,ENT-RUT-65200176-9,
donatarias_21440,461,FUNDACIÓN EDUCACIONAL EL SALVADOR,FUNDACION EDUCACIONAL EL SALVADOR,Inscrita,https://donacionesley21440.gob.cl/registro-publico?n=461,RUT_DIRECT,STRONG_LEGAL_REGISTRY,,,"ReadTimeout: HTTPSConnectionPool(host='donacionesley21440.gob.cl', port=443): Read timed out. (read timeout=3)"
donatarias_21440,460,FUNDACIÓN CSAV,FUNDACION CSAV,Inscrita,https://donacionesley21440.gob.cl/registro-publico?n=460,RUT_DIRECT,STRONG_LEGAL_REGISTRY,,,"ReadTimeout: HTTPSConnectionPool(host='donacionesley21440.gob.cl', port=443): Read timed out. (read timeout=3)"
donatarias_21440,459,FUNDACIÓN CHILEMUJERES,FUNDACION CHILEMUJERES,Inscrita,https://donacionesley21440.gob.cl/registro-publico?n=459,RUT_DIRECT,STRONG_LEGAL_REGISTRY,,,"ReadTimeout: HTTPSConnectionPool(host='donacionesley21440.gob.cl', port=443): Read timed out. (read timeout=3)"
donatarias_21440,458,FUNDACIÓN CAMINATAS,FUNDACION CAMINATAS,Inscrita,https://donacionesley21440.gob.cl/registro-publico?n=458,RUT_DIRECT,STRONG_LEGAL_REGISTRY,,,"ReadTimeout: HTTPSConnectionPool(host='donacionesley21440.gob.cl', port=443): Read timed out. (read timeout=3)"
donatarias_21440,457,FUNDACION CAMDES,FUNDACION CAMDES,Eliminada,https://donacionesley21440.gob.cl/registro-publico?n=457,RUT_DIRECT,STRONG_LEGAL_REGISTRY,,,"ReadTimeout: HTTPSConnectionPool(host='donacionesley21440.gob.cl', port=443): Read timed out. (read timeout=3)"
donatarias_21440,456,FUNDACIÓN CALIU,FUNDACION CALIU,Inscrita,https://donacionesley21440.gob.cl/registro-publico?n=456,RUT_DIRECT,STRONG_LEGAL_REGISTRY,65222492-K,ENT-RUT-65222492-K,
donatarias_21440,455,FUNDACIÓN ARISTA PARA EL DESARROLLO SOCIAL Y COMUNITARIO,FUNDACION ARISTA PARA EL DESARROLLO SOCIAL Y COMUNITARIO,Inscrita,https://donacionesley21440.gob.cl/registro-publico?n=455,RUT_DIRECT,STRONG_LEGAL_REGISTRY,,,"ReadTimeout: HTTPSConnectionPool(host='donacionesley21440.gob.cl', port=443): Read timed out. (read timeout=3)"
donatarias_21440,454,FUNDACION ALIANZA POR LA ARQUITECTURA HUMANITARIA,FUNDACION ALIANZA POR LA ARQUITECTURA HUMANITARIA,Eliminada,https://donacionesley21440.gob.cl/registro-publico?n=454,RUT_DIRECT,STRONG_LEGAL_REGISTRY,,,"ReadTimeout: HTTPSConnectionPool(host='donacionesley21440.gob.cl', port=443): Read timed out. (read timeout=3)"
donatarias_21440,453,FUNDACIÓN AGRUPACIÓN CULTURAL NIÑOS DEL SUR,FUNDACION AGRUPACION CULTURAL NINOS DEL SUR,Eliminada,https://donacionesley21440.gob.cl/registro-publico?n=453,RUT_DIRECT,STRONG_LEGAL_REGISTRY,,,"ReadTimeout: HTTPSConnectionPool(host='donacionesley21440.gob.cl', port=443): Read timed out. (read timeout=3)"
donatarias_21440,452,FUNDACIÓN AES CHILE,FUNDACION AES CHILE,Inscrita,https://donacionesley21440.gob.cl/registro-publico?n=452,RUT_DIRECT,STRONG_LEGAL_REGISTRY,,,"ReadTimeout: HTTPSConnectionPool(host='donacionesley21440.gob.cl', port=443): Read timed out. (read timeout=3)"
donatarias_21440,451,ESPACIO LUDICO,ESPACIO LUDICO,Eliminada,https://donacionesley21440.gob.cl/registro-publico?n=451,RUT_DIRECT,STRONG_LEGAL_REGISTRY,,,"ReadTimeout: HTTPSConnectionPool(host='donacionesley21440.gob.cl', port=443): Read timed out. (read timeout=3)"
donatarias_21440,450,CORPORACIÓN TREN DEL LAGO,CORPORACION TREN DEL LAGO,Eliminada,https://donacionesley21440.gob.cl/registro-publico?n=450,RUT_DIRECT,STRONG_LEGAL_REGISTRY,,,"ReadTimeout: HTTPSConnectionPool(host='donacionesley21440.gob.cl', port=443): Read timed out. (read timeout=3)"
donatarias_21440,449,CORPORACIÓN RADIO MARÍA,CORPORACION RADIO MARIA,Inscrita,https://donacionesley21440.gob.cl/registro-publico?n=449,RUT_DIRECT,STRONG_LEGAL_REGISTRY,75973370-3,ENT-RUT-75973370-3,
donatarias_21440,448,CORPORACIÓN PLAZA DE LA EDUCACIÓN Y CULTURA,CORPORACION PLAZA DE LA EDUCACION Y CULTURA,Inscrita,https://donacionesley21440.gob.cl/registro-publico?n=448,RUT_DIRECT,STRONG_LEGAL_REGISTRY,65205634-2,ENT-RUT-65205634-2,
donatarias_21440,447,CORPORACIÓN EDUCACIONAL ASPAUT VIÑA DEL MAR,CORPORACION EDUCACIONAL ASPAUT VINA DEL MAR,Inscrita,https://donacionesley21440.gob.cl/registro-publico?n=447,RUT_DIRECT,STRONG_LEGAL_REGISTRY,,,"ReadTimeout: HTTPSConnectionPool(host='donacionesley21440.gob.cl', port=443): Read timed out. (read timeout=3)"
donatarias_21440,446,CORPORACIÓN DE APOYO AL CELÍACO,CORPORACION DE APOYO AL CELIACO,Inscrita,https://donacionesley21440.gob.cl/registro-publico?n=446,RUT_DIRECT,STRONG_LEGAL_REGISTRY,,,"ReadTimeout: HTTPSConnectionPool(host='donacionesley21440.gob.cl', port=443): Read timed out. (read timeout=3)"
donatarias_21440,445,CORPORACIÓN CULTURAL CLUNY,CORPORACION CULTURAL CLUNY,Inscrita,https://donacionesley21440.gob.cl/registro-publico?n=445,RUT_DIRECT,STRONG_LEGAL_REGISTRY,,,"ReadTimeout: HTTPSConnectionPool(host='donacionesley21440.gob.cl', port=443): Read timed out. (read timeout=3)"
donatarias_21440,444,FUNDACIÓN TALITA KUM,FUNDACION TALITA KUM,Inscrita,https://donacionesley21440.gob.cl/registro-publico?n=444,RUT_DIRECT,STRONG_LEGAL_REGISTRY,,,"ReadTimeout: HTTPSConnectionPool(host='donacionesley21440.gob.cl', port=443): Read timed out. (read timeout=3)"
donatarias_21440,443,FUNDACIÓN SUEÑO PAÍS,FUNDACION SUENO PAIS,Inscrita,https://donacionesley21440.gob.cl/registro-publico?n=443,RUT_DIRECT,STRONG_LEGAL_REGISTRY,65222556-K,ENT-RUT-65222556-K,
donatarias_21440,442,FUNDACIÓN REWILDING CHILE,FUNDACION REWILDING CHILE,Inscrita,https://donacionesley21440.gob.cl/registro-publico?n=442,RUT_DIRECT,STRONG_LEGAL_REGISTRY,,,"ReadTimeout: HTTPSConnectionPool(host='donacionesley21440.gob.cl', port=443): Read timed out. (read timeout=3)"
donatarias_21440,441,FUNDACIÓN RED DE ACCIÓN CARCELARIA,FUNDACION RED DE ACCION CARCELARIA,Inscrita,https://donacionesley21440.gob.cl/registro-publico?n=441,RUT_DIRECT,STRONG_LEGAL_REGISTRY,,,"ReadTimeout: HTTPSConnectionPool(host='donacionesley21440.gob.cl', port=443): Read timed out. (read timeout=3)"
donatarias_21440,440,"FUNDACION RAYAVIDIA, EDUCANDO CON AMOR",FUNDACION RAYAVIDIA EDUCANDO CON AMOR,Inscrita,https://donacionesley21440.gob.cl/registro-publico?n=440,RUT_DIRECT,STRONG_LEGAL_REGISTRY,,,"ReadTimeout: HTTPSConnectionPool(host='donacionesley21440.gob.cl', port=443): Read timed out. (read timeout=3)"
donatarias_21440,439,FUNDACIÓN PROYECTO PROPIO,FUNDACION PROYECTO PROPIO,Inscrita,https://donacionesley21440.gob.cl/registro-publico?n=439,RUT_DIRECT,STRONG_LEGAL_REGISTRY,65892690-K,ENT-RUT-65892690-K,
donatarias_21440,438,FUNDACIÓN PROYECTO B,FUNDACION PROYECTO B,Inscrita,https://donacionesley21440.gob.cl/registro-publico?n=438,RUT_DIRECT,STRONG_LEGAL_REGISTRY,,,"ReadTimeout: HTTPSConnectionPool(host='donacionesley21440.gob.cl', port=443): Read timed out. (read timeout=3)"
donatarias_21440,437,FUNDACION PARA LA SOSTENIBILIDAD DE AREAS PROTEGIDAS AREASPRO,FUNDACION PARA LA SOSTENIBILIDAD DE AREAS PROTEGIDAS AREASPRO,Inscrita,https://donacionesley21440.gob.cl/registro-publico?n=437,RUT_DIRECT,STRONG_LEGAL_REGISTRY,,,"ReadTimeout: HTTPSConnectionPool(host='donacionesley21440.gob.cl', port=443): Read timed out. (read timeout=3)"
donatarias_21440,436,FUNDACION ONCE,FUNDACION ONCE,Inscrita,https://donacionesley21440.gob.cl/registro-publico?n=436,RUT_DIRECT,STRONG_LEGAL_REGISTRY,,,"ReadTimeout: HTTPSConnectionPool(host='donacionesley21440.gob.cl', port=443): Read timed out. (read timeout=3)"
donatarias_21440,435,FUNDACIÓN MUSICAL LAGAR,FUNDACION MUSICAL LAGAR,Inscrita,https://donacionesley21440.gob.cl/registro-publico?n=435,RUT_DIRECT,STRONG_LEGAL_REGISTRY,,,"ReadTimeout: HTTPSConnectionPool(host='donacionesley21440.gob.cl', port=443): Read timed out. (read timeout=3)"
donatarias_21440,434,FUNDACIÓN MAR Y CIENCIA,FUNDACION MAR Y CIENCIA,Eliminada,https://donacionesley21440.gob.cl/registro-publico?n=434,RUT_DIRECT,STRONG_LEGAL_REGISTRY,,,"ReadTimeout: HTTPSConnectionPool(host='donacionesley21440.gob.cl', port=443): Read timed out. (read timeout=3)"
donatarias_21440,433,FUNDACION HOGARES DE MENORES VERBO DIVINO,FUNDACION HOGARES DE MENORES VERBO DIVINO,Eliminada,https://donacionesley21440.gob.cl/registro-publico?n=433,RUT_DIRECT,STRONG_LEGAL_REGISTRY,,,"ReadTimeout: HTTPSConnectionPool(host='donacionesley21440.gob.cl', port=443): Read timed out. (read timeout=3)"
donatarias_21440,432,"FUNDACIÓN GLOCALMINDS, PARA UN FUTURO REGENERATIVO",FUNDACION GLOCALMINDS PARA UN FUTURO REGENERATIVO,Inscrita,https://donacionesley21440.gob.cl/registro-publico?n=432,RUT_DIRECT,STRONG_LEGAL_REGISTRY,,,"ReadTimeout: HTTPSConnectionPool(host='donacionesley21440.gob.cl', port=443): Read timed out. (read timeout=3)"
donatarias_21440,431,FUNDACION GEROCULTURA,FUNDACION GEROCULTURA,Inscrita,https://donacionesley21440.gob.cl/registro-publico?n=431,RUT_DIRECT,STRONG_LEGAL_REGISTRY,,,"ReadTimeout: HTTPSConnectionPool(host='donacionesley21440.gob.cl', port=443): Read timed out. (read timeout=3)"
donatarias_21440,430,FUNDACION GASTRONOMIA SOCIAL,FUNDACION GASTRONOMIA SOCIAL,Inscrita,https://donacionesley21440.gob.cl/registro-publico?n=430,RUT_DIRECT,STRONG_LEGAL_REGISTRY,,,"ReadTimeout: HTTPSConnectionPool(host='donacionesley21440.gob.cl', port=443): Read timed out. (read timeout=3)"
donatarias_21440,429,FUNDACION FE INCLUSIVA,FUNDACION FE INCLUSIVA,Inscrita,https://donacionesley21440.gob.cl/registro-publico?n=429,RUT_DIRECT,STRONG_LEGAL_REGISTRY,,,"ReadTimeout: HTTPSConnectionPool(host='donacionesley21440.gob.cl', port=443): Read timed out. (read timeout=3)"
donatarias_21440,428,FUNDACIÓN ESCUELA EN ACCIÓN,FUNDACION ESCUELA EN ACCION,Inscrita,https://donacionesley21440.gob.cl/registro-publico?n=428,RUT_DIRECT,STRONG_LEGAL_REGISTRY,,,"ReadTimeout: HTTPSConnectionPool(host='donacionesley21440.gob.cl', port=443): Read timed out. (read timeout=3)"
donatarias_21440,427,FUNDACIÓN ENCAP,FUNDACION ENCAP,Inscrita,https://donacionesley21440.gob.cl/registro-publico?n=427,RUT_DIRECT,STRONG_LEGAL_REGISTRY,,,"ReadTimeout: HTTPSConnectionPool(host='donacionesley21440.gob.cl', port=443): Read timed out. (read timeout=3)"
donatarias_21440,426,"FUNDACIÓN EDUCACIONAL, SOCIAL Y DE SALUD ILLANES ZUBIETA",FUNDACION EDUCACIONAL SOCIAL Y DE SALUD ILLANES ZUBIETA,Inscrita,https://donacionesley21440.gob.cl/registro-publico?n=426,RUT_DIRECT,STRONG_LEGAL_REGISTRY,,,"ReadTimeout: HTTPSConnectionPool(host='donacionesley21440.gob.cl', port=443): Read timed out. (read timeout=3)"
donatarias_21440,425,FUNDACIÓN EDUCACIONAL MAIMONIDES,FUNDACION EDUCACIONAL MAIMONIDES,Inscrita,https://donacionesley21440.gob.cl/registro-publico?n=425,RUT_DIRECT,STRONG_LEGAL_REGISTRY,,,"ReadTimeout: HTTPSConnectionPool(host='donacionesley21440.gob.cl', port=443): Read timed out. (read timeout=3)"
donatarias_21440,424,FUNDACION DE BENEFICENCIA PUBLICA Y CULTURAL CIUDADANOS CAMISETEADOS POR CHILE,FUNDACION DE BENEFICENCIA PUBLICA Y CULTURAL CIUDADANOS CAMISETEADOS POR CHILE,Eliminada,https://donacionesley21440.gob.cl/registro-publico?n=424,RUT_DIRECT,STRONG_LEGAL_REGISTRY,,,"ReadTimeout: HTTPSConnectionPool(host='donacionesley21440.gob.cl', port=443): Read timed out. (read timeout=3)"
donatarias_21440,423,FUNDACIÓN DE BENEFICENCIA ACV CHILE,FUNDACION DE BENEFICENCIA ACV CHILE,Inscrita,https://donacionesley21440.gob.cl/registro-publico?n=423,RUT_DIRECT,STRONG_LEGAL_REGISTRY,65210992-6,ENT-RUT-65210992-6,
donatarias_21440,422,FUNDACION CAMINITOS DE COLORES T.E.A.,FUNDACION CAMINITOS DE COLORES T E A,Eliminada,https://donacionesley21440.gob.cl/registro-publico?n=422,RUT_DIRECT,STRONG_LEGAL_REGISTRY,,,"ReadTimeout: HTTPSConnectionPool(host='donacionesley21440.gob.cl', port=443): Read timed out. (read timeout=3)"
donatarias_21440,421,FUNDACIÓN BENÉFICA CULTURAL Y EDUCACIONAL TEATRO DEL LAGO,FUNDACION BENEFICA CULTURAL Y EDUCACIONAL TEATRO DEL LAGO,Inscrita,https://donacionesley21440.gob.cl/registro-publico?n=421,RUT_DIRECT,STRONG_LEGAL_REGISTRY,,,"ReadTimeout: HTTPSConnectionPool(host='donacionesley21440.gob.cl', port=443): Read timed out. (read timeout=3)"
donatarias_21440,420,FUNDACIÓN BAT ARTE TEXTIL CONTEMPORANEO CHILE,FUNDACION BAT ARTE TEXTIL CONTEMPORANEO CHILE,Eliminada,https://donacionesley21440.gob.cl/registro-publico?n=420,RUT_DIRECT,STRONG_LEGAL_REGISTRY,,,"ReadTimeout: HTTPSConnectionPool(host='donacionesley21440.gob.cl', port=443): Read timed out. (read timeout=3)"
donatarias_21440,419,FUNDACIÓN BASÍLICA DEL SALVADOR,FUNDACION BASILICA DEL SALVADOR,Inscrita,https://donacionesley21440.gob.cl/registro-publico?n=419,RUT_DIRECT,STRONG_LEGAL_REGISTRY,,,"ReadTimeout: HTTPSConnectionPool(host='donacionesley21440.gob.cl', port=443): Read timed out. (read timeout=3)"
donatarias_21440,418,FUNDACION ANIMAL BARAK F.A.B.,FUNDACION ANIMAL BARAK F A B,Inscrita,https://donacionesley21440.gob.cl/registro-publico?n=418,RUT_DIRECT,STRONG_LEGAL_REGISTRY,,,"ReadTimeout: HTTPSConnectionPool(host='donacionesley21440.gob.cl', port=443): Read timed out. (read timeout=3)"
donatarias_21440,417,CUERPO DE BOMBEROS DE SANTIAGO,CUERPO DE BOMBEROS DE SANTIAGO,Inscrita,https://donacionesley21440.gob.cl/registro-publico?n=417,RUT_DIRECT,STRONG_LEGAL_REGISTRY,,,"ReadTimeout: HTTPSConnectionPool(host='donacionesley21440.gob.cl', port=443): Read timed out. (read timeout=3)"
donatarias_21440,416,CORPORACIÓN IMPULSA BIO BIO,CORPORACION IMPULSA BIO BIO,Eliminada,https://donacionesley21440.gob.cl/registro-publico?n=416,RUT_DIRECT,STRONG_LEGAL_REGISTRY,,,"ReadTimeout: HTTPSConnectionPool(host='donacionesley21440.gob.cl', port=443): Read timed out. (read timeout=3)"
donatarias_21440,415,CORPORACION CULTIVA,CORPORACION CULTIVA,Inscrita,https://donacionesley21440.gob.cl/registro-publico?n=415,RUT_DIRECT,STRONG_LEGAL_REGISTRY,,,"ReadTimeout: HTTPSConnectionPool(host='donacionesley21440.gob.cl', port=443): Read timed out. (read timeout=3)"
donatarias_21440,414,CORPORACIÓN ALIANZA GLOBAL PARA ANIMALES Y PERSONAS,CORPORACION ALIANZA GLOBAL PARA ANIMALES Y PERSONAS,Inscrita,https://donacionesley21440.gob.cl/registro-publico?n=414,RUT_DIRECT,STRONG_LEGAL_REGISTRY,,,"ReadTimeout: HTTPSConnectionPool(host='donacionesley21440.gob.cl', port=443): Read timed out. (read timeout=3)"
donatarias_21440,413,CORPORACIÓN ADFINITAS,CORPORACION ADFINITAS,Inscrita,https://donacionesley21440.gob.cl/registro-publico?n=413,RUT_DIRECT,STRONG_LEGAL_REGISTRY,,,"ReadTimeout: HTTPSConnectionPool(host='donacionesley21440.gob.cl', port=443): Read timed out. (read timeout=3)"
donatarias_21440,412,CONFERENCIA EPISCOPAL DE CHILE,CONFERENCIA EPISCOPAL DE CHILE,Inscrita,https://donacionesley21440.gob.cl/registro-publico?n=412,RUT_DIRECT,STRONG_LEGAL_REGISTRY,,,"ReadTimeout: HTTPSConnectionPool(host='donacionesley21440.gob.cl', port=443): Read timed out. (read timeout=3)"
donatarias_21440,411,ONG DONA UNA HORA DE AMOR,ONG DONA UNA HORA DE AMOR,Eliminada,https://donacionesley21440.gob.cl/registro-publico?n=411,RUT_DIRECT,STRONG_LEGAL_REGISTRY,,,"ReadTimeout: HTTPSConnectionPool(host='donacionesley21440.gob.cl', port=443): Read timed out. (read timeout=3)"
donatarias_21440,410,FUNDACION WATER IS LIFE CHILE,FUNDACION WATER IS LIFE CHILE,Inscrita,https://donacionesley21440.gob.cl/registro-publico?n=410,RUT_DIRECT,STRONG_LEGAL_REGISTRY,,,"ReadTimeout: HTTPSConnectionPool(host='donacionesley21440.gob.cl', port=443): Read timed out. (read timeout=3)"
donatarias_21440,409,FUNDACION RAIMAPU,FUNDACION RAIMAPU,Inscrita,https://donacionesley21440.gob.cl/registro-publico?n=409,RUT_DIRECT,STRONG_LEGAL_REGISTRY,,,"ReadTimeout: HTTPSConnectionPool(host='donacionesley21440.gob.cl', port=443): Read timed out. (read timeout=3)"
donatarias_21440,408,FUNDACIÓN RAÍCES INTERCONECTADAS,FUNDACION RAICES INTERCONECTADAS,Inscrita,https://donacionesley21440.gob.cl/registro-publico?n=408,RUT_DIRECT,STRONG_LEGAL_REGISTRY,,,"ReadTimeout: HTTPSConnectionPool(host='donacionesley21440.gob.cl', port=443): Read timed out. (read timeout=3)"
donatarias_21440,407,FUNDACION JUVENTUD EMPRENDEDORA,FUNDACION JUVENTUD EMPRENDEDORA,Inscrita,https://donacionesley21440.gob.cl/registro-publico?n=407,RUT_DIRECT,STRONG_LEGAL_REGISTRY,,,"ReadTimeout: HTTPSConnectionPool(host='donacionesley21440.gob.cl', port=443): Read timed out. (read timeout=3)"
donatarias_21440,406,FUNDACION IMOGEN,FUNDACION IMOGEN,Eliminada,https://donacionesley21440.gob.cl/registro-publico?n=406,RUT_DIRECT,STRONG_LEGAL_REGISTRY,,,"ReadTimeout: HTTPSConnectionPool(host='donacionesley21440.gob.cl', port=443): Read timed out. (read timeout=3)"
donatarias_21440,405,FUNDACION GATO DÖLZ,FUNDACION GATO DOLZ,Inscrita,https://donacionesley21440.gob.cl/registro-publico?n=405,RUT_DIRECT,STRONG_LEGAL_REGISTRY,,,"ReadTimeout: HTTPSConnectionPool(host='donacionesley21440.gob.cl', port=443): Read timed out. (read timeout=3)"
donatarias_21440,404,FUNDACION EDUCACION EMPRESA,FUNDACION EDUCACION EMPRESA,Inscrita,https://donacionesley21440.gob.cl/registro-publico?n=404,RUT_DIRECT,STRONG_LEGAL_REGISTRY,,,"ReadTimeout: HTTPSConnectionPool(host='donacionesley21440.gob.cl', port=443): Read timed out. (read timeout=3)"
donatarias_21440,403,"FUNDACION DE BENEFICENCIA PUBLICA, EDUCACIONAL Y CIENTIFICA LISTA DE ESPERA",FUNDACION DE BENEFICENCIA PUBLICA EDUCACIONAL Y CIENTIFICA LISTA DE ESPERA,Inscrita,https://donacionesley21440.gob.cl/registro-publico?n=403,RUT_DIRECT,STRONG_LEGAL_REGISTRY,,,"ReadTimeout: HTTPSConnectionPool(host='donacionesley21440.gob.cl', port=443): Read timed out. (read timeout=3)"
donatarias_21440,402,FUNDACIÓN DE BENEFICENCIA MAR ADENTRO,FUNDACION DE BENEFICENCIA MAR ADENTRO,Inscrita,https://donacionesley21440.gob.cl/registro-publico?n=402,RUT_DIRECT,STRONG_LEGAL_REGISTRY,65036473-2,ENT-RUT-65036473-2,
donatarias_21440,401,FUNDACIÓN CREA IGUALDAD,FUNDACION CREA IGUALDAD,Inscrita,https://donacionesley21440.gob.cl/registro-publico?n=401,RUT_DIRECT,STRONG_LEGAL_REGISTRY,,,"ReadTimeout: HTTPSConnectionPool(host='donacionesley21440.gob.cl', port=443): Read timed out. (read timeout=3)"
donatarias_21440,400,FUNDACIÓN CHILE VERDE,FUNDACION CHILE VERDE,Inscrita,https://donacionesley21440.gob.cl/registro-publico?n=400,RUT_DIRECT,STRONG_LEGAL_REGISTRY,,,"ReadTimeout: HTTPSConnectionPool(host='donacionesley21440.gob.cl', port=443): Read timed out. (read timeout=3)"
donatarias_21440,399,FUNDACION CHILE CIRCULAR,FUNDACION CHILE CIRCULAR,Eliminada,https://donacionesley21440.gob.cl/registro-publico?n=399,RUT_DIRECT,STRONG_LEGAL_REGISTRY,65208839-2,ENT-RUT-65208839-2,
donatarias_21440,398,FUNDACIÓN CHILCO,FUNDACION CHILCO,Eliminada,https://donacionesley21440.gob.cl/registro-publico?n=398,RUT_DIRECT,STRONG_LEGAL_REGISTRY,,,"ReadTimeout: HTTPSConnectionPool(host='donacionesley21440.gob.cl', port=443): Read timed out. (read timeout=3)"
donatarias_21440,397,FUNDACION CERRO NAVIA JOVEN,FUNDACION CERRO NAVIA JOVEN,Inscrita,https://donacionesley21440.gob.cl/registro-publico?n=397,RUT_DIRECT,STRONG_LEGAL_REGISTRY,,,"ReadTimeout: HTTPSConnectionPool(host='donacionesley21440.gob.cl', port=443): Read timed out. (read timeout=3)"
donatarias_21440,396,FUNDACION CENTRO DE ESTUDIOS PÚBLICOS FARO,FUNDACION CENTRO DE ESTUDIOS PUBLICOS FARO,Inscrita,https://donacionesley21440.gob.cl/registro-publico?n=396,RUT_DIRECT,STRONG_LEGAL_REGISTRY,,,"ReadTimeout: HTTPSConnectionPool(host='donacionesley21440.gob.cl', port=443): Read timed out. (read timeout=3)"
donatarias_21440,395,FUNDACIÓN BARLOVENTO PARA LA INCLUSIÓN DE PERSONAS CON DISCAPACIDAD INTELECTUAL,FUNDACION BARLOVENTO PARA LA INCLUSION DE PERSONAS CON DISCAPACIDAD INTELECTUAL,Inscrita,https://donacionesley21440.gob.cl/registro-publico?n=395,RUT_DIRECT,STRONG_LEGAL_REGISTRY,,,"ReadTimeout: HTTPSConnectionPool(host='donacionesley21440.gob.cl', port=443): Read timed out. (read timeout=3)"
donatarias_21440,394,FUNDACIÓN AULA CÍVICA,FUNDACION AULA CIVICA,Inscrita,https://donacionesley21440.gob.cl/registro-publico?n=394,RUT_DIRECT,STRONG_LEGAL_REGISTRY,,,"ReadTimeout: HTTPSConnectionPool(host='donacionesley21440.gob.cl', port=443): Read timed out. (read timeout=3)"
donatarias_21440,393,FUNDACIÓN ANIMALISTA ANASTASIA,FUNDACION ANIMALISTA ANASTASIA,Inscrita,https://donacionesley21440.gob.cl/registro-publico?n=393,RUT_DIRECT,STRONG_LEGAL_REGISTRY,65191033-1,ENT-RUT-65191033-1,
donatarias_21440,392,CORPORACION DE ADELANTO Y DESARROLLO DE LA PROVINCIA DE ARAUCO - CORPARAUCO,CORPORACION DE ADELANTO Y DESARROLLO DE LA PROVINCIA DE ARAUCO CORPARAUCO,Inscrita,https://donacionesley21440.gob.cl/registro-publico?n=392,RUT_DIRECT,STRONG_LEGAL_REGISTRY,,,"ReadTimeout: HTTPSConnectionPool(host='donacionesley21440.gob.cl', port=443): Read timed out. (read timeout=3)"
donatarias_21440,391,CORPORACIÓN CENTRO NACIONAL DE INTELIGENCIA ARTIFICIAL,CORPORACION CENTRO NACIONAL DE INTELIGENCIA ARTIFICIAL,Inscrita,https://donacionesley21440.gob.cl/registro-publico?n=391,RUT_DIRECT,STRONG_LEGAL_REGISTRY,,,"ReadTimeout: HTTPSConnectionPool(host='donacionesley21440.gob.cl', port=443): Read timed out. (read timeout=3)"
donatarias_21440,390,ASOCIACIÓN PROTECTORA DE ANIMALES DE YUNGAY O APRANY,ASOCIACION PROTECTORA DE ANIMALES DE YUNGAY O APRANY,Inscrita,https://donacionesley21440.gob.cl/registro-publico?n=390,RUT_DIRECT,STRONG_LEGAL_REGISTRY,,,"ReadTimeout: HTTPSConnectionPool(host='donacionesley21440.gob.cl', port=443): Read timed out. (read timeout=3)"
donatarias_21440,389,OBISPADO DE MELIPILLA,OBISPADO DE MELIPILLA,Inscrita,https://donacionesley21440.gob.cl/registro-publico?n=389,RUT_DIRECT,STRONG_LEGAL_REGISTRY,,,"ReadTimeout: HTTPSConnectionPool(host='donacionesley21440.gob.cl', port=443): Read timed out. (read timeout=3)"
donatarias_21440,388,MUSEO DE ARTE COLONIAL DE SAN FRANCISCO,MUSEO DE ARTE COLONIAL DE SAN FRANCISCO,Inscrita,https://donacionesley21440.gob.cl/registro-publico?n=388,RUT_DIRECT,STRONG_LEGAL_REGISTRY,,,"ReadTimeout: HTTPSConnectionPool(host='donacionesley21440.gob.cl', port=443): Read timed out. (read timeout=3)"
donatarias_21440,387,"FUNDACIÓN UDARE, BIENESTAR INCLUSIVO",FUNDACION UDARE BIENESTAR INCLUSIVO,Inscrita,https://donacionesley21440.gob.cl/registro-publico?n=387,RUT_DIRECT,STRONG_LEGAL_REGISTRY,,,"ReadTimeout: HTTPSConnectionPool(host='donacionesley21440.gob.cl', port=443): Read timed out. (read timeout=3)"
donatarias_21440,386,FUNDACIÓN TARUCAS,FUNDACION TARUCAS,Inscrita,https://donacionesley21440.gob.cl/registro-publico?n=386,RUT_DIRECT,STRONG_LEGAL_REGISTRY,,,"ReadTimeout: HTTPSConnectionPool(host='donacionesley21440.gob.cl', port=443): Read timed out. (read timeout=3)"
donatarias_21440,385,FUNDACION SONRISAS,FUNDACION SONRISAS,Inscrita,https://donacionesley21440.gob.cl/registro-publico?n=385,RUT_DIRECT,STRONG_LEGAL_REGISTRY,,,"ReadTimeout: HTTPSConnectionPool(host='donacionesley21440.gob.cl', port=443): Read timed out. (read timeout=3)"
donatarias_21440,384,FUNDACION OPERACION INFANCIA CHILE,FUNDACION OPERACION INFANCIA CHILE,Inscrita,https://donacionesley21440.gob.cl/registro-publico?n=384,RUT_DIRECT,STRONG_LEGAL_REGISTRY,,,"ReadTimeout: HTTPSConnectionPool(host='donacionesley21440.gob.cl', port=443): Read timed out. (read timeout=3)"
donatarias_21440,383,FUNDACIÓN MUJERES POR UN LAZO,FUNDACION MUJERES POR UN LAZO,Inscrita,https://donacionesley21440.gob.cl/registro-publico?n=383,RUT_DIRECT,STRONG_LEGAL_REGISTRY,,,"ReadTimeout: HTTPSConnectionPool(host='donacionesley21440.gob.cl', port=443): Read timed out. (read timeout=3)"
donatarias_21440,382,FUNDACION MAULE JUSTO,FUNDACION MAULE JUSTO,Inscrita,https://donacionesley21440.gob.cl/registro-publico?n=382,RUT_DIRECT,STRONG_LEGAL_REGISTRY,,,"ReadTimeout: HTTPSConnectionPool(host='donacionesley21440.gob.cl', port=443): Read timed out. (read timeout=3)"
donatarias_21440,381,FUNDACION MALLINES,FUNDACION MALLINES,Inscrita,https://donacionesley21440.gob.cl/registro-publico?n=381,RUT_DIRECT,STRONG_LEGAL_REGISTRY,,,"ReadTimeout: HTTPSConnectionPool(host='donacionesley21440.gob.cl', port=443): Read timed out. (read timeout=3)"
donatarias_21440,380,FUNDACIÓN LOBELIANA,FUNDACION LOBELIANA,Inscrita,https://donacionesley21440.gob.cl/registro-publico?n=380,RUT_DIRECT,STRONG_LEGAL_REGISTRY,,,"ReadTimeout: HTTPSConnectionPool(host='donacionesley21440.gob.cl', port=443): Read timed out. (read timeout=3)"
donatarias_21440,379,FUNDACIÓN LA LLAVE,FUNDACION LA LLAVE,Inscrita,https://donacionesley21440.gob.cl/registro-publico?n=379,RUT_DIRECT,STRONG_LEGAL_REGISTRY,,,"ReadTimeout: HTTPSConnectionPool(host='donacionesley21440.gob.cl', port=443): Read timed out. (read timeout=3)"
donatarias_21440,378,FUNDACIÓN KELLU,FUNDACION KELLU,Inscrita,https://donacionesley21440.gob.cl/registro-publico?n=378,RUT_DIRECT,STRONG_LEGAL_REGISTRY,,,"ReadTimeout: HTTPSConnectionPool(host='donacionesley21440.gob.cl', port=443): Read timed out. (read timeout=3)"
donatarias_21440,377,FUNDACION FORTALEZA,FUNDACION FORTALEZA,Eliminada,https://donacionesley21440.gob.cl/registro-publico?n=377,RUT_DIRECT,STRONG_LEGAL_REGISTRY,,,"ReadTimeout: HTTPSConnectionPool(host='donacionesley21440.gob.cl', port=443): Read timed out. (read timeout=3)"
donatarias_21440,376,FUNDACION FORMANDO JOVENES,FUNDACION FORMANDO JOVENES,Inscrita,https://donacionesley21440.gob.cl/registro-publico?n=376,RUT_DIRECT,STRONG_LEGAL_REGISTRY,,,"ReadTimeout: HTTPSConnectionPool(host='donacionesley21440.gob.cl', port=443): Read timed out. (read timeout=3)"
donatarias_21440,375,FUNDACIÓN ESPERANZA Y PROTECCIÓN ANIMAL,FUNDACION ESPERANZA Y PROTECCION ANIMAL,Inscrita,https://donacionesley21440.gob.cl/registro-publico?n=375,RUT_DIRECT,STRONG_LEGAL_REGISTRY,,,"ReadTimeout: HTTPSConnectionPool(host='donacionesley21440.gob.cl', port=443): Read timed out. (read timeout=3)"
donatarias_21440,374,FUNDACION EDADES,FUNDACION EDADES,Inscrita,https://donacionesley21440.gob.cl/registro-publico?n=374,RUT_DIRECT,STRONG_LEGAL_REGISTRY,,,"ReadTimeout: HTTPSConnectionPool(host='donacionesley21440.gob.cl', port=443): Read timed out. (read timeout=3)"
donatarias_21440,373,FUNDACION DEPORTIVA SOCIAL CULTURAL Y EDUCACIONAL CASAKANO,FUNDACION DEPORTIVA SOCIAL CULTURAL Y EDUCACIONAL CASAKANO,Inscrita,https://donacionesley21440.gob.cl/registro-publico?n=373,RUT_DIRECT,STRONG_LEGAL_REGISTRY,65187611-7,ENT-RUT-65187611-7,
donatarias_21440,372,FUNDACION DE DESARROLLO MUSICAL HIJOS DE BACH,FUNDACION DE DESARROLLO MUSICAL HIJOS DE BACH,Inscrita,https://donacionesley21440.gob.cl/registro-publico?n=372,RUT_DIRECT,STRONG_LEGAL_REGISTRY,,,"ReadTimeout: HTTPSConnectionPool(host='donacionesley21440.gob.cl', port=443): Read timed out. (read timeout=3)"
donatarias_21440,371,FUNDACION DE BENEFICENCIA PUBLICA EDUCACIONAL Y CULTURAL CHILE FAMILIA,FUNDACION DE BENEFICENCIA PUBLICA EDUCACIONAL Y CULTURAL CHILE FAMILIA,Inscrita,https://donacionesley21440.gob.cl/registro-publico?n=371,RUT_DIRECT,STRONG_LEGAL_REGISTRY,,,"ReadTimeout: HTTPSConnectionPool(host='donacionesley21440.gob.cl', port=443): Read timed out. (read timeout=3)"
donatarias_21440,370,FUNDACION DE AYUDA SASHA,FUNDACION DE AYUDA SASHA,Inscrita,https://donacionesley21440.gob.cl/registro-publico?n=370,RUT_DIRECT,STRONG_LEGAL_REGISTRY,,,"ReadTimeout: HTTPSConnectionPool(host='donacionesley21440.gob.cl', port=443): Read timed out. (read timeout=3)"
donatarias_21440,369,FUNDACIÓN CULTURAL Y EDUCACIONAL JAPONESA,FUNDACION CULTURAL Y EDUCACIONAL JAPONESA,Inscrita,https://donacionesley21440.gob.cl/registro-publico?n=369,RUT_DIRECT,STRONG_LEGAL_REGISTRY,,,"ReadTimeout: HTTPSConnectionPool(host='donacionesley21440.gob.cl', port=443): Read timed out. (read timeout=3)"
donatarias_21440,368,FUNDACIÓN COMPARTELETRAS,FUNDACION COMPARTELETRAS,Eliminada,https://donacionesley21440.gob.cl/registro-publico?n=368,RUT_DIRECT,STRONG_LEGAL_REGISTRY,,,"ReadTimeout: HTTPSConnectionPool(host='donacionesley21440.gob.cl', port=443): Read timed out. (read timeout=3)"
donatarias_21440,367,FUNDACION COLITAS CHUECAS,FUNDACION COLITAS CHUECAS,Inscrita,https://donacionesley21440.gob.cl/registro-publico?n=367,RUT_DIRECT,STRONG_LEGAL_REGISTRY,65214097-1,ENT-RUT-65214097-1,
donatarias_21440,366,FUNDACION CERRO NAVIA,FUNDACION CERRO NAVIA,Inscrita,https://donacionesley21440.gob.cl/registro-publico?n=366,RUT_DIRECT,STRONG_LEGAL_REGISTRY,,,"ReadTimeout: HTTPSConnectionPool(host='donacionesley21440.gob.cl', port=443): Read timed out. (read timeout=3)"
donatarias_21440,365,FUNDACION CARITAS Y ACCION SOCIAL DE LA DIOCESIS DE RANCAGUA,FUNDACION CARITAS Y ACCION SOCIAL DE LA DIOCESIS DE RANCAGUA,Inscrita,https://donacionesley21440.gob.cl/registro-publico?n=365,RUT_DIRECT,STRONG_LEGAL_REGISTRY,,,"ReadTimeout: HTTPSConnectionPool(host='donacionesley21440.gob.cl', port=443): Read timed out. (read timeout=3)"
donatarias_21440,364,FUNDACION AVENTURAS UP,FUNDACION AVENTURAS UP,Eliminada,https://donacionesley21440.gob.cl/registro-publico?n=364,RUT_DIRECT,STRONG_LEGAL_REGISTRY,,,"ReadTimeout: HTTPSConnectionPool(host='donacionesley21440.gob.cl', port=443): Read timed out. (read timeout=3)"
donatarias_21440,363,FUNDACIÓN ABBA CHILE,FUNDACION ABBA CHILE,Inscrita,https://donacionesley21440.gob.cl/registro-publico?n=363,RUT_DIRECT,STRONG_LEGAL_REGISTRY,,,"ReadTimeout: HTTPSConnectionPool(host='donacionesley21440.gob.cl', port=443): Read timed out. (read timeout=3)"
donatarias_21440,362,CUERPO DE BOMBEROS DE VIÑA DEL MAR,CUERPO DE BOMBEROS DE VINA DEL MAR,Eliminada,https://donacionesley21440.gob.cl/registro-publico?n=362,RUT_DIRECT,STRONG_LEGAL_REGISTRY,81815900-5,ENT-RUT-81815900-5,
donatarias_21440,361,CORPORACIÓN PATAS Y LETRAS,CORPORACION PATAS Y LETRAS,Inscrita,https://donacionesley21440.gob.cl/registro-publico?n=361,RUT_DIRECT,STRONG_LEGAL_REGISTRY,,,"ReadTimeout: HTTPSConnectionPool(host='donacionesley21440.gob.cl', port=443): Read timed out. (read timeout=3)"
donatarias_21440,360,CORPORACION DE DESARROLLO DEL SUR,CORPORACION DE DESARROLLO DEL SUR,Inscrita,https://donacionesley21440.gob.cl/registro-publico?n=360,RUT_DIRECT,STRONG_LEGAL_REGISTRY,65104417-0,ENT-RUT-65104417-0,
donatarias_21440,359,CORPORACIÓN CULTURAL MUNICIPAL DE LA COMUNA DE CHILLÁN,CORPORACION CULTURAL MUNICIPAL DE LA COMUNA DE CHILLAN,Inscrita,https://donacionesley21440.gob.cl/registro-publico?n=359,RUT_DIRECT,STRONG_LEGAL_REGISTRY,,,"ReadTimeout: HTTPSConnectionPool(host='donacionesley21440.gob.cl', port=443): Read timed out. (read timeout=3)"
donatarias_21440,358,CORPORACION BOSQUEDUCA,CORPORACION BOSQUEDUCA,Inscrita,https://donacionesley21440.gob.cl/registro-publico?n=358,RUT_DIRECT,STRONG_LEGAL_REGISTRY,,,"ReadTimeout: HTTPSConnectionPool(host='donacionesley21440.gob.cl', port=443): Read timed out. (read timeout=3)"
donatarias_21440,357,ASOCIACIÓN NO TE OLVIDO,ASOCIACION NO TE OLVIDO,Eliminada,https://donacionesley21440.gob.cl/registro-publico?n=357,RUT_DIRECT,STRONG_LEGAL_REGISTRY,,,"ReadTimeout: HTTPSConnectionPool(host='donacionesley21440.gob.cl', port=443): Read timed out. (read timeout=3)"
donatarias_21440,356,PARROQUIA SAN FRANCISCO DE SALES,PARROQUIA SAN FRANCISCO DE SALES,Eliminada,https://donacionesley21440.gob.cl/registro-publico?n=356,RUT_DIRECT,STRONG_LEGAL_REGISTRY,,,"ReadTimeout: HTTPSConnectionPool(host='donacionesley21440.gob.cl', port=443): Read timed out. (read timeout=3)"
donatarias_21440,355,OBISPADO DE SANTA MARIA DE LOS ANGELES,OBISPADO DE SANTA MARIA DE LOS ANGELES,Inscrita,https://donacionesley21440.gob.cl/registro-publico?n=355,RUT_DIRECT,STRONG_LEGAL_REGISTRY,,,"ReadTimeout: HTTPSConnectionPool(host='donacionesley21440.gob.cl', port=443): Read timed out. (read timeout=3)"
donatarias_21440,354,OBISPADO DE RANCAGUA,OBISPADO DE RANCAGUA,Inscrita,https://donacionesley21440.gob.cl/registro-publico?n=354,RUT_DIRECT,STRONG_LEGAL_REGISTRY,70288500-0,ENT-RUT-70288500-0,
donatarias_21440,353,IGLESIA CASA DEL REY,IGLESIA CASA DEL REY,Inscrita,https://donacionesley21440.gob.cl/registro-publico?n=353,RUT_DIRECT,STRONG_LEGAL_REGISTRY,,,"ReadTimeout: HTTPSConnectionPool(host='donacionesley21440.gob.cl', port=443): Read timed out. (read timeout=3)"
donatarias_21440,352,FUNDACIÓN ZOE LIFE,FUNDACION ZOE LIFE,Eliminada,https://donacionesley21440.gob.cl/registro-publico?n=352,RUT_DIRECT,STRONG_LEGAL_REGISTRY,65201455-0,ENT-RUT-65201455-0,
donatarias_21440,351,FUNDACION TRAUMA CHILE,FUNDACION TRAUMA CHILE,Inscrita,https://donacionesley21440.gob.cl/registro-publico?n=351,RUT_DIRECT,STRONG_LEGAL_REGISTRY,,,"ReadTimeout: HTTPSConnectionPool(host='donacionesley21440.gob.cl', port=443): Read timed out. (read timeout=3)"
donatarias_21440,350,FUNDACION TECHO INTERNACIONAL,FUNDACION TECHO INTERNACIONAL,Inscrita,https://donacionesley21440.gob.cl/registro-publico?n=350,RUT_DIRECT,STRONG_LEGAL_REGISTRY,,,"ReadTimeout: HTTPSConnectionPool(host='donacionesley21440.gob.cl', port=443): Read timed out. (read timeout=3)"
donatarias_21440,349,FUNDACION SUYAI,FUNDACION SUYAI,Inscrita,https://donacionesley21440.gob.cl/registro-publico?n=349,RUT_DIRECT,STRONG_LEGAL_REGISTRY,,,"ReadTimeout: HTTPSConnectionPool(host='donacionesley21440.gob.cl', port=443): Read timed out. (read timeout=3)"
donatarias_21440,348,FUNDACION SALUD CALLE,FUNDACION SALUD CALLE,Inscrita,https://donacionesley21440.gob.cl/registro-publico?n=348,RUT_DIRECT,STRONG_LEGAL_REGISTRY,,,"ReadTimeout: HTTPSConnectionPool(host='donacionesley21440.gob.cl', port=443): Read timed out. (read timeout=3)"
donatarias_21440,347,FUNDACIÓN PARQUE CIENTÍFICO TECNOLOGICO DE LA REGIÓN DE ANTOFAGASTA,FUNDACION PARQUE CIENTIFICO TECNOLOGICO DE LA REGION DE ANTOFAGASTA,Inscrita,https://donacionesley21440.gob.cl/registro-publico?n=347,RUT_DIRECT,STRONG_LEGAL_REGISTRY,,,"ReadTimeout: HTTPSConnectionPool(host='donacionesley21440.gob.cl', port=443): Read timed out. (read timeout=3)"
donatarias_21440,346,FUNDACION PARA LA INCLUSION TECNOLOGICA KODEA,FUNDACION PARA LA INCLUSION TECNOLOGICA KODEA,Inscrita,https://donacionesley21440.gob.cl/registro-publico?n=346,RUT_DIRECT,STRONG_LEGAL_REGISTRY,65102019-0,ENT-RUT-65102019-0,
donatarias_21440,345,FUNDACIÓN MATTER OF TRUST CHILE,FUNDACION MATTER OF TRUST CHILE,Inscrita,https://donacionesley21440.gob.cl/registro-publico?n=345,RUT_DIRECT,STRONG_LEGAL_REGISTRY,,,"ReadTimeout: HTTPSConnectionPool(host='donacionesley21440.gob.cl', port=443): Read timed out. (read timeout=3)"
donatarias_21440,344,FUNDACIÓN LONGOTOMA SALIANS DE PULLALLY,FUNDACION LONGOTOMA SALIANS DE PULLALLY,Inscrita,https://donacionesley21440.gob.cl/registro-publico?n=344,RUT_DIRECT,STRONG_LEGAL_REGISTRY,,,"ReadTimeout: HTTPSConnectionPool(host='donacionesley21440.gob.cl', port=443): Read timed out. (read timeout=3)"
donatarias_21440,343,FUNDACION LAS PARCELAS,FUNDACION LAS PARCELAS,Inscrita,https://donacionesley21440.gob.cl/registro-publico?n=343,RUT_DIRECT,STRONG_LEGAL_REGISTRY,,,"ReadTimeout: HTTPSConnectionPool(host='donacionesley21440.gob.cl', port=443): Read timed out. (read timeout=3)"
donatarias_21440,342,FUNDACION LARRAIN VIAL,FUNDACION LARRAIN VIAL,Inscrita,https://donacionesley21440.gob.cl/registro-publico?n=342,RUT_DIRECT,STRONG_LEGAL_REGISTRY,,,"ReadTimeout: HTTPSConnectionPool(host='donacionesley21440.gob.cl', port=443): Read timed out. (read timeout=3)"
donatarias_21440,341,FUNDACION LA MUSICA Y YO,FUNDACION LA MUSICA Y YO,Inscrita,https://donacionesley21440.gob.cl/registro-publico?n=341,RUT_DIRECT,STRONG_LEGAL_REGISTRY,65209542-9,ENT-RUT-65209542-9,
donatarias_21440,340,FUNDACIÓN EDUCACIONAL ATRÉVETE,FUNDACION EDUCACIONAL ATREVETE,Inscrita,https://donacionesley21440.gob.cl/registro-publico?n=340,RUT_DIRECT,STRONG_LEGAL_REGISTRY,65198847-0,ENT-RUT-65198847-0,
donatarias_21440,339,"FUNDACIÓN DE INVESTIGACIÓN, INNOVACIÓN, TRANSFERENCIA TECNOLÓGICA, TECNOLOGÍA Y CIENCIA",FUNDACION DE INVESTIGACION INNOVACION TRANSFERENCIA TECNOLOGICA TECNOLOGIA Y CIENCIA,Inscrita,https://donacionesley21440.gob.cl/registro-publico?n=339,RUT_DIRECT,STRONG_LEGAL_REGISTRY,,,"ReadTimeout: HTTPSConnectionPool(host='donacionesley21440.gob.cl', port=443): Read timed out. (read timeout=3)"
donatarias_21440,338,FUNDACIÓN DE BENEFICENCIA PÚBLICA POR MÁS,FUNDACION DE BENEFICENCIA PUBLICA POR MAS,Inscrita,https://donacionesley21440.gob.cl/registro-publico?n=338,RUT_DIRECT,STRONG_LEGAL_REGISTRY,65192003-5,ENT-RUT-65192003-5,
donatarias_21440,337,FUNDACIÓN CENTRO CONTRIBUYE,FUNDACION CENTRO CONTRIBUYE,Eliminada,https://donacionesley21440.gob.cl/registro-publico?n=337,RUT_DIRECT,STRONG_LEGAL_REGISTRY,,,"ReadTimeout: HTTPSConnectionPool(host='donacionesley21440.gob.cl', port=443): Read timed out. (read timeout=3)"
donatarias_21440,336,FUNDACIÓN ALCANZABLE,FUNDACION ALCANZABLE,Inscrita,https://donacionesley21440.gob.cl/registro-publico?n=336,RUT_DIRECT,STRONG_LEGAL_REGISTRY,,,"ReadTimeout: HTTPSConnectionPool(host='donacionesley21440.gob.cl', port=443): Read timed out. (read timeout=3)"
donatarias_21440,335,FUNDACIÓN ACTUEMOS POR EL PLANETA HOY,FUNDACION ACTUEMOS POR EL PLANETA HOY,Inscrita,https://donacionesley21440.gob.cl/registro-publico?n=335,RUT_DIRECT,STRONG_LEGAL_REGISTRY,,,"ReadTimeout: HTTPSConnectionPool(host='donacionesley21440.gob.cl', port=443): Read timed out. (read timeout=3)"
donatarias_21440,334,CUERPO DE BOMBEROS DE PUERTO VARAS,CUERPO DE BOMBEROS DE PUERTO VARAS,Inscrita,https://donacionesley21440.gob.cl/registro-publico?n=334,RUT_DIRECT,STRONG_LEGAL_REGISTRY,,,"ReadTimeout: HTTPSConnectionPool(host='donacionesley21440.gob.cl', port=443): Read timed out. (read timeout=3)"
donatarias_21440,333,CRUZ ROJA CHILENA,CRUZ ROJA CHILENA,Inscrita,https://donacionesley21440.gob.cl/registro-publico?n=333,RUT_DIRECT,STRONG_LEGAL_REGISTRY,,,"ReadTimeout: HTTPSConnectionPool(host='donacionesley21440.gob.cl', port=443): Read timed out. (read timeout=3)"
donatarias_21440,332,CORPORACIÓN DE EDUCACIÓN Y PROMOCIÓN SOCIAL KAIRÓS,CORPORACION DE EDUCACION Y PROMOCION SOCIAL KAIROS,Inscrita,https://donacionesley21440.gob.cl/registro-publico?n=332,RUT_DIRECT,STRONG_LEGAL_REGISTRY,,,"ReadTimeout: HTTPSConnectionPool(host='donacionesley21440.gob.cl', port=443): Read timed out. (read timeout=3)"
donatarias_21440,331,PARROQUIA INMACULADA CONCEPCION,PARROQUIA INMACULADA CONCEPCION,Eliminada,https://donacionesley21440.gob.cl/registro-publico?n=331,RUT_DIRECT,STRONG_LEGAL_REGISTRY,,,"ReadTimeout: HTTPSConnectionPool(host='donacionesley21440.gob.cl', port=443): Read timed out. (read timeout=3)"
donatarias_21440,330,FUNDACIÓN PROFESIONALES ASOCIADOS PARA EL DESARROLLO SOCIAL,FUNDACION PROFESIONALES ASOCIADOS PARA EL DESARROLLO SOCIAL,Inscrita,https://donacionesley21440.gob.cl/registro-publico?n=330,RUT_DIRECT,STRONG_LEGAL_REGISTRY,,,"ReadTimeout: HTTPSConnectionPool(host='donacionesley21440.gob.cl', port=443): Read timed out. (read timeout=3)"
donatarias_21440,329,FUNDACIÓN PORTAS,FUNDACION PORTAS,Inscrita,https://donacionesley21440.gob.cl/registro-publico?n=329,RUT_DIRECT,STRONG_LEGAL_REGISTRY,,,"ReadTimeout: HTTPSConnectionPool(host='donacionesley21440.gob.cl', port=443): Read timed out. (read timeout=3)"
donatarias_21440,328,FUNDACION PASION SIN FRONTERAS,FUNDACION PASION SIN FRONTERAS,Inscrita,https://donacionesley21440.gob.cl/registro-publico?n=328,RUT_DIRECT,STRONG_LEGAL_REGISTRY,,,"ReadTimeout: HTTPSConnectionPool(host='donacionesley21440.gob.cl', port=443): Read timed out. (read timeout=3)"
donatarias_21440,327,FUNDACION PARA EL DESARROLLO PROMOCION DE LA VIDA ROUNDER POR CHILE,FUNDACION PARA EL DESARROLLO PROMOCION DE LA VIDA ROUNDER POR CHILE,Eliminada,https://donacionesley21440.gob.cl/registro-publico?n=327,RUT_DIRECT,STRONG_LEGAL_REGISTRY,,,"ReadTimeout: HTTPSConnectionPool(host='donacionesley21440.gob.cl', port=443): Read timed out. (read timeout=3)"
donatarias_21440,326,FUNDACIÓN NÉOS,FUNDACION NEOS,Eliminada,https://donacionesley21440.gob.cl/registro-publico?n=326,RUT_DIRECT,STRONG_LEGAL_REGISTRY,,,"ReadTimeout: HTTPSConnectionPool(host='donacionesley21440.gob.cl', port=443): Read timed out. (read timeout=3)"
donatarias_21440,325,FUNDACIÓN MI PARQUE,FUNDACION MI PARQUE,Inscrita,https://donacionesley21440.gob.cl/registro-publico?n=325,RUT_DIRECT,STRONG_LEGAL_REGISTRY,,,"ReadTimeout: HTTPSConnectionPool(host='donacionesley21440.gob.cl', port=443): Read timed out. (read timeout=3)"
donatarias_21440,324,FUNDACIÓN ESPERANZA PREVIENE,FUNDACION ESPERANZA PREVIENE,Inscrita,https://donacionesley21440.gob.cl/registro-publico?n=324,RUT_DIRECT,STRONG_LEGAL_REGISTRY,65172121-0,ENT-RUT-65172121-0,
donatarias_21440,323,FUNDACION DE EDUCACION HOLISTICA EN LA NATURALEZA,FUNDACION DE EDUCACION HOLISTICA EN LA NATURALEZA,Inscrita,https://donacionesley21440.gob.cl/registro-publico?n=323,RUT_DIRECT,STRONG_LEGAL_REGISTRY,,,"ReadTimeout: HTTPSConnectionPool(host='donacionesley21440.gob.cl', port=443): Read timed out. (read timeout=3)"
donatarias_21440,322,FUNDACION DE BENEFICIENCIA PUBLICA CULTURAL EDUCACIONAL Y CIENTIFICA MARTIN GUSINDE,FUNDACION DE BENEFICIENCIA PUBLICA CULTURAL EDUCACIONAL Y CIENTIFICA MARTIN GUSINDE,Inscrita,https://donacionesley21440.gob.cl/registro-publico?n=322,RUT_DIRECT,STRONG_LEGAL_REGISTRY,,,"ReadTimeout: HTTPSConnectionPool(host='donacionesley21440.gob.cl', port=443): Read timed out. (read timeout=3)"
donatarias_21440,321,FUNDACION COTTOLENGO DON ORIONE,FUNDACION COTTOLENGO DON ORIONE,Inscrita,https://donacionesley21440.gob.cl/registro-publico?n=321,RUT_DIRECT,STRONG_LEGAL_REGISTRY,65106569-0,ENT-RUT-65106569-0,
donatarias_21440,320,FUNDACIÓN CHILENA AJEDREZ SOCIAL Y TERAPÉUTICO,FUNDACION CHILENA AJEDREZ SOCIAL Y TERAPEUTICO,Inscrita,https://donacionesley21440.gob.cl/registro-publico?n=320,RUT_DIRECT,STRONG_LEGAL_REGISTRY,,,"ReadTimeout: HTTPSConnectionPool(host='donacionesley21440.gob.cl', port=443): Read timed out. (read timeout=3)"
donatarias_21440,319,FUNDACIÓN ARTERISAS,FUNDACION ARTERISAS,Eliminada,https://donacionesley21440.gob.cl/registro-publico?n=319,RUT_DIRECT,STRONG_LEGAL_REGISTRY,,,"ReadTimeout: HTTPSConnectionPool(host='donacionesley21440.gob.cl', port=443): Read timed out. (read timeout=3)"
donatarias_21440,318,FUNDACIÓN ARAUCO,FUNDACION ARAUCO,Inscrita,https://donacionesley21440.gob.cl/registro-publico?n=318,RUT_DIRECT,STRONG_LEGAL_REGISTRY,,,"ReadTimeout: HTTPSConnectionPool(host='donacionesley21440.gob.cl', port=443): Read timed out. (read timeout=3)"
donatarias_21440,317,CORPORACIÓN MUNICIPAL DE INNOVACIÓN Y DESARROLLO ECONÓMICO SOCIAL DE SAN JOAQUÍN INNOVA SAN JOAQUÍN,CORPORACION MUNICIPAL DE INNOVACION Y DESARROLLO ECONOMICO SOCIAL DE SAN JOAQUIN INNOVA SAN JOAQUIN,Inscrita,https://donacionesley21440.gob.cl/registro-publico?n=317,RUT_DIRECT,STRONG_LEGAL_REGISTRY,,,"ReadTimeout: HTTPSConnectionPool(host='donacionesley21440.gob.cl', port=443): Read timed out. (read timeout=3)"
donatarias_21440,316,CORPORACIÓN MUNICIPAL DE DESARROLLO SOCIAL DE INDEPENDENCIA,CORPORACION MUNICIPAL DE DESARROLLO SOCIAL DE INDEPENDENCIA,Eliminada,https://donacionesley21440.gob.cl/registro-publico?n=316,RUT_DIRECT,STRONG_LEGAL_REGISTRY,,,"ReadTimeout: HTTPSConnectionPool(host='donacionesley21440.gob.cl', port=443): Read timed out. (read timeout=3)"
donatarias_21440,315,SOCIEDAD ITALIANA FEMENINA DE BENEFICENCIA,SOCIEDAD ITALIANA FEMENINA DE BENEFICENCIA,Inscrita,https://donacionesley21440.gob.cl/registro-publico?n=315,RUT_DIRECT,STRONG_LEGAL_REGISTRY,,,"ReadTimeout: HTTPSConnectionPool(host='donacionesley21440.gob.cl', port=443): Read timed out. (read timeout=3)"
donatarias_21440,314,IGLESIA CRISTIANA LA VIÑA LAS CONDES,IGLESIA CRISTIANA LA VINA LAS CONDES,Inscrita,https://donacionesley21440.gob.cl/registro-publico?n=314,RUT_DIRECT,STRONG_LEGAL_REGISTRY,,,"ReadTimeout: HTTPSConnectionPool(host='donacionesley21440.gob.cl', port=443): Read timed out. (read timeout=3)"
donatarias_21440,313,FUNDACIÓN VIVIENDA,FUNDACION VIVIENDA,Eliminada,https://donacionesley21440.gob.cl/registro-publico?n=313,RUT_DIRECT,STRONG_LEGAL_REGISTRY,,,"ReadTimeout: HTTPSConnectionPool(host='donacionesley21440.gob.cl', port=443): Read timed out. (read timeout=3)"
donatarias_21440,312,FUNDACION VERITATIS SPLENDOR,FUNDACION VERITATIS SPLENDOR,Eliminada,https://donacionesley21440.gob.cl/registro-publico?n=312,RUT_DIRECT,STRONG_LEGAL_REGISTRY,,,"ReadTimeout: HTTPSConnectionPool(host='donacionesley21440.gob.cl', port=443): Read timed out. (read timeout=3)"
donatarias_21440,311,FUNDACION TODOS,FUNDACION TODOS,Eliminada,https://donacionesley21440.gob.cl/registro-publico?n=311,RUT_DIRECT,STRONG_LEGAL_REGISTRY,,,"ReadTimeout: HTTPSConnectionPool(host='donacionesley21440.gob.cl', port=443): Read timed out. (read timeout=3)"
donatarias_21440,310,FUNDACION TERNURITAS,FUNDACION TERNURITAS,Eliminada,https://donacionesley21440.gob.cl/registro-publico?n=310,RUT_DIRECT,STRONG_LEGAL_REGISTRY,,,"ReadTimeout: HTTPSConnectionPool(host='donacionesley21440.gob.cl', port=443): Read timed out. (read timeout=3)"
donatarias_21440,309,FUNDACIÓN RAYUN DOWN,FUNDACION RAYUN DOWN,Inscrita,https://donacionesley21440.gob.cl/registro-publico?n=309,RUT_DIRECT,STRONG_LEGAL_REGISTRY,,,"ReadTimeout: HTTPSConnectionPool(host='donacionesley21440.gob.cl', port=443): Read timed out. (read timeout=3)"
donatarias_21440,308,FUNDACIÓN PROYECTO AMAR MIGRAR,FUNDACION PROYECTO AMAR MIGRAR,Inscrita,https://donacionesley21440.gob.cl/registro-publico?n=308,RUT_DIRECT,STRONG_LEGAL_REGISTRY,,,"ReadTimeout: HTTPSConnectionPool(host='donacionesley21440.gob.cl', port=443): Read timed out. (read timeout=3)"
donatarias_21440,307,FUNDACION PARQUE SUR,FUNDACION PARQUE SUR,Eliminada,https://donacionesley21440.gob.cl/registro-publico?n=307,RUT_DIRECT,STRONG_LEGAL_REGISTRY,,,"ReadTimeout: HTTPSConnectionPool(host='donacionesley21440.gob.cl', port=443): Read timed out. (read timeout=3)"
donatarias_21440,306,FUNDACIÓN PARA EL BIENESTAR EMOCIONAL,FUNDACION PARA EL BIENESTAR EMOCIONAL,Eliminada,https://donacionesley21440.gob.cl/registro-publico?n=306,RUT_DIRECT,STRONG_LEGAL_REGISTRY,,,"ReadTimeout: HTTPSConnectionPool(host='donacionesley21440.gob.cl', port=443): Read timed out. (read timeout=3)"
donatarias_21440,305,FUNDACION GOL DE ORO,FUNDACION GOL DE ORO,Eliminada,https://donacionesley21440.gob.cl/registro-publico?n=305,RUT_DIRECT,STRONG_LEGAL_REGISTRY,,,"ReadTimeout: HTTPSConnectionPool(host='donacionesley21440.gob.cl', port=443): Read timed out. (read timeout=3)"
donatarias_21440,304,FUNDACION EDUCACIONAL COLEGIO BAUTISTA,FUNDACION EDUCACIONAL COLEGIO BAUTISTA,Inscrita,https://donacionesley21440.gob.cl/registro-publico?n=304,RUT_DIRECT,STRONG_LEGAL_REGISTRY,,,"ReadTimeout: HTTPSConnectionPool(host='donacionesley21440.gob.cl', port=443): Read timed out. (read timeout=3)"
donatarias_21440,303,FUNDACION DOWN UP,FUNDACION DOWN UP,Inscrita,https://donacionesley21440.gob.cl/registro-publico?n=303,RUT_DIRECT,STRONG_LEGAL_REGISTRY,,,"ReadTimeout: HTTPSConnectionPool(host='donacionesley21440.gob.cl', port=443): Read timed out. (read timeout=3)"
donatarias_21440,302,FUNDACIÓN DE BENEFICENCIA PÚBLICA SÉNECA,FUNDACION DE BENEFICENCIA PUBLICA SENECA,Inscrita,https://donacionesley21440.gob.cl/registro-publico?n=302,RUT_DIRECT,STRONG_LEGAL_REGISTRY,,,"ReadTimeout: HTTPSConnectionPool(host='donacionesley21440.gob.cl', port=443): Read timed out. (read timeout=3)"
donatarias_21440,301,FUNDACIÓN DE BENEFICENCIA PÚBLICA OBSERVATORIO DEL GASTO FISCAL,FUNDACION DE BENEFICENCIA PUBLICA OBSERVATORIO DEL GASTO FISCAL,Eliminada,https://donacionesley21440.gob.cl/registro-publico?n=301,RUT_DIRECT,STRONG_LEGAL_REGISTRY,65059401-0,ENT-RUT-65059401-0,
donatarias_21440,300,FUNDACIÓN BANCO DE LIBROS,FUNDACION BANCO DE LIBROS,Inscrita,https://donacionesley21440.gob.cl/registro-publico?n=300,RUT_DIRECT,STRONG_LEGAL_REGISTRY,65153922-6,ENT-RUT-65153922-6,
donatarias_21440,299,FUNDACIÓN AVANZAR,FUNDACION AVANZAR,Inscrita,https://donacionesley21440.gob.cl/registro-publico?n=299,RUT_DIRECT,STRONG_LEGAL_REGISTRY,65088534-1,ENT-RUT-65088534-1,
donatarias_21440,298,FUNDACION ABETO,FUNDACION ABETO,Inscrita,https://donacionesley21440.gob.cl/registro-publico?n=298,RUT_DIRECT,STRONG_LEGAL_REGISTRY,,,"ReadTimeout: HTTPSConnectionPool(host='donacionesley21440.gob.cl', port=443): Read timed out. (read timeout=3)"
donatarias_21440,297,CUERPO DE BOMBEROS DE TEMUCO,CUERPO DE BOMBEROS DE TEMUCO,Inscrita,https://donacionesley21440.gob.cl/registro-publico?n=297,RUT_DIRECT,STRONG_LEGAL_REGISTRY,,,"ReadTimeout: HTTPSConnectionPool(host='donacionesley21440.gob.cl', port=443): Read timed out. (read timeout=3)"
donatarias_21440,296,CORPORACIÓN SINDROME DE WILLIAMS CHILE,CORPORACION SINDROME DE WILLIAMS CHILE,Eliminada,https://donacionesley21440.gob.cl/registro-publico?n=296,RUT_DIRECT,STRONG_LEGAL_REGISTRY,65075997-4,ENT-RUT-65075997-4,
donatarias_21440,295,CORPORACIÓN LEONES DEL COLEGIO CORDILLERA,CORPORACION LEONES DEL COLEGIO CORDILLERA,Inscrita,https://donacionesley21440.gob.cl/registro-publico?n=295,RUT_DIRECT,STRONG_LEGAL_REGISTRY,,,"ReadTimeout: HTTPSConnectionPool(host='donacionesley21440.gob.cl', port=443): Read timed out. (read timeout=3)"
donatarias_21440,294,CORPORACIÓN DR. MARIO VIDAL CLIMENT (ATRAPASUEÑOS),CORPORACION DR MARIO VIDAL CLIMENT ATRAPASUENOS,Inscrita,https://donacionesley21440.gob.cl/registro-publico?n=294,RUT_DIRECT,STRONG_LEGAL_REGISTRY,,,"ReadTimeout: HTTPSConnectionPool(host='donacionesley21440.gob.cl', port=443): Read timed out. (read timeout=3)"
donatarias_21440,293,CORPORACIÓN CIUDADES,CORPORACION CIUDADES,Inscrita,https://donacionesley21440.gob.cl/registro-publico?n=293,RUT_DIRECT,STRONG_LEGAL_REGISTRY,,,"ReadTimeout: HTTPSConnectionPool(host='donacionesley21440.gob.cl', port=443): Read timed out. (read timeout=3)"
donatarias_21440,292,ASOCIACIÓN CHILENA DE PROTECCIÓN DE LA FAMILIA APROFA,ASOCIACION CHILENA DE PROTECCION DE LA FAMILIA APROFA,Inscrita,https://donacionesley21440.gob.cl/registro-publico?n=292,RUT_DIRECT,STRONG_LEGAL_REGISTRY,,,"ReadTimeout: HTTPSConnectionPool(host='donacionesley21440.gob.cl', port=443): Read timed out. (read timeout=3)"
donatarias_21440,291,PRODEL,PRODEL,Inscrita,https://donacionesley21440.gob.cl/registro-publico?n=291,RUT_DIRECT,STRONG_LEGAL_REGISTRY,,,"ReadTimeout: HTTPSConnectionPool(host='donacionesley21440.gob.cl', port=443): Read timed out. (read timeout=3)"
donatarias_21440,290,MAPOCHO VIVO,MAPOCHO VIVO,Inscrita,https://donacionesley21440.gob.cl/registro-publico?n=290,RUT_DIRECT,STRONG_LEGAL_REGISTRY,,,"ReadTimeout: HTTPSConnectionPool(host='donacionesley21440.gob.cl', port=443): Read timed out. (read timeout=3)"
donatarias_21440,289,LUZ DE VIDA,LUZ DE VIDA,Inscrita,https://donacionesley21440.gob.cl/registro-publico?n=289,RUT_DIRECT,STRONG_LEGAL_REGISTRY,,,"ReadTimeout: HTTPSConnectionPool(host='donacionesley21440.gob.cl', port=443): Read timed out. (read timeout=3)"
donatarias_21440,288,IGLESIA ENCUENTRO,IGLESIA ENCUENTRO,Inscrita,https://donacionesley21440.gob.cl/registro-publico?n=288,RUT_DIRECT,STRONG_LEGAL_REGISTRY,,,"ReadTimeout: HTTPSConnectionPool(host='donacionesley21440.gob.cl', port=443): Read timed out. (read timeout=3)"
donatarias_21440,287,FUNDACIONEDUCACTIVA,FUNDACIONEDUCACTIVA,Inscrita,https://donacionesley21440.gob.cl/registro-publico?n=287,RUT_DIRECT,STRONG_LEGAL_REGISTRY,,,"ReadTimeout: HTTPSConnectionPool(host='donacionesley21440.gob.cl', port=443): Read timed out. (read timeout=3)"
donatarias_21440,286,FUNDACIÓN VIDA DE GATOS CHILE,FUNDACION VIDA DE GATOS CHILE,Inscrita,https://donacionesley21440.gob.cl/registro-publico?n=286,RUT_DIRECT,STRONG_LEGAL_REGISTRY,,,"ReadTimeout: HTTPSConnectionPool(host='donacionesley21440.gob.cl', port=443): Read timed out. (read timeout=3)"
donatarias_21440,285,FUNDACIÓN ESTRELLA DEL SUR,FUNDACION ESTRELLA DEL SUR,Inscrita,https://donacionesley21440.gob.cl/registro-publico?n=285,RUT_DIRECT,STRONG_LEGAL_REGISTRY,,,"ReadTimeout: HTTPSConnectionPool(host='donacionesley21440.gob.cl', port=443): Read timed out. (read timeout=3)"
donatarias_21440,284,FUNDACION TRABUN,FUNDACION TRABUN,Inscrita,https://donacionesley21440.gob.cl/registro-publico?n=284,RUT_DIRECT,STRONG_LEGAL_REGISTRY,,,"ReadTimeout: HTTPSConnectionPool(host='donacionesley21440.gob.cl', port=443): Read timed out. (read timeout=3)"
donatarias_21440,283,FUNDACION SPECIAL OLYMPICS DE CHILE,FUNDACION SPECIAL OLYMPICS DE CHILE,Inscrita,https://donacionesley21440.gob.cl/registro-publico?n=283,RUT_DIRECT,STRONG_LEGAL_REGISTRY,,,"ReadTimeout: HTTPSConnectionPool(host='donacionesley21440.gob.cl', port=443): Read timed out. (read timeout=3)"
donatarias_21440,282,FUNDACIÓN PARA LOS DERECHOS FUNDAMENTALES W&P COWLEY,FUNDACION PARA LOS DERECHOS FUNDAMENTALES W P COWLEY,Eliminada,https://donacionesley21440.gob.cl/registro-publico?n=282,RUT_DIRECT,STRONG_LEGAL_REGISTRY,,,"ReadTimeout: HTTPSConnectionPool(host='donacionesley21440.gob.cl', port=443): Read timed out. (read timeout=3)"
donatarias_21440,281,FUNDACION PARA LA VIDA CON ESCLEROSIS MULTIPLE O FUVIEM,FUNDACION PARA LA VIDA CON ESCLEROSIS MULTIPLE O FUVIEM,Inscrita,https://donacionesley21440.gob.cl/registro-publico?n=281,RUT_DIRECT,STRONG_LEGAL_REGISTRY,,,"ReadTimeout: HTTPSConnectionPool(host='donacionesley21440.gob.cl', port=443): Read timed out. (read timeout=3)"
donatarias_21440,280,FUNDACION NATURALIZAR,FUNDACION NATURALIZAR,Inscrita,https://donacionesley21440.gob.cl/registro-publico?n=280,RUT_DIRECT,STRONG_LEGAL_REGISTRY,,,"ReadTimeout: HTTPSConnectionPool(host='donacionesley21440.gob.cl', port=443): Read timed out. (read timeout=3)"
donatarias_21440,279,"FUNDACIÓN LAMARIA, PARA PROMOVER, FACILITAR Y ACOMPAÑAR PROCESOS DE RESIGNIFICACIÓN DEL TRAUMA DEL A",FUNDACION LAMARIA PARA PROMOVER FACILITAR Y ACOMPANAR PROCESOS DE RESIGNIFICACION DEL TRAUMA DEL A,Inscrita,https://donacionesley21440.gob.cl/registro-publico?n=279,RUT_DIRECT,STRONG_LEGAL_REGISTRY,,,"ReadTimeout: HTTPSConnectionPool(host='donacionesley21440.gob.cl', port=443): Read timed out. (read timeout=3)"
donatarias_21440,278,FUNDACION KIRI,FUNDACION KIRI,Inscrita,https://donacionesley21440.gob.cl/registro-publico?n=278,RUT_DIRECT,STRONG_LEGAL_REGISTRY,,,"ReadTimeout: HTTPSConnectionPool(host='donacionesley21440.gob.cl', port=443): Read timed out. (read timeout=3)"
donatarias_21440,277,FUNDACIÓN HONRA,FUNDACION HONRA,Inscrita,https://donacionesley21440.gob.cl/registro-publico?n=277,RUT_DIRECT,STRONG_LEGAL_REGISTRY,,,"ReadTimeout: HTTPSConnectionPool(host='donacionesley21440.gob.cl', port=443): Read timed out. (read timeout=3)"
donatarias_21440,276,FUNDACIÓN GANÉMOSLE A LA CALLE,FUNDACION GANEMOSLE A LA CALLE,Inscrita,https://donacionesley21440.gob.cl/registro-publico?n=276,RUT_DIRECT,STRONG_LEGAL_REGISTRY,,,"ReadTimeout: HTTPSConnectionPool(host='donacionesley21440.gob.cl', port=443): Read timed out. (read timeout=3)"
donatarias_21440,275,FUNDACION EMMA CENTRO DE ATENCION Y ESTUDIOS DE LA MATERNIDAD,FUNDACION EMMA CENTRO DE ATENCION Y ESTUDIOS DE LA MATERNIDAD,Eliminada,https://donacionesley21440.gob.cl/registro-publico?n=275,RUT_DIRECT,STRONG_LEGAL_REGISTRY,,,"ReadTimeout: HTTPSConnectionPool(host='donacionesley21440.gob.cl', port=443): Read timed out. (read timeout=3)"
donatarias_21440,274,FUNDACION DE RECUPERACION DE LA PALMA CHILENA,FUNDACION DE RECUPERACION DE LA PALMA CHILENA,Inscrita,https://donacionesley21440.gob.cl/registro-publico?n=274,RUT_DIRECT,STRONG_LEGAL_REGISTRY,,,"ReadTimeout: HTTPSConnectionPool(host='donacionesley21440.gob.cl', port=443): Read timed out. (read timeout=3)"
donatarias_21440,273,FUNDACIÓN DE BENEFICIENCIA ACADEMIA Y RED DE MUJERES TRABAJADORAS MAESTRAS,FUNDACION DE BENEFICIENCIA ACADEMIA Y RED DE MUJERES TRABAJADORAS MAESTRAS,Inscrita,https://donacionesley21440.gob.cl/registro-publico?n=273,RUT_DIRECT,STRONG_LEGAL_REGISTRY,,,"ReadTimeout: HTTPSConnectionPool(host='donacionesley21440.gob.cl', port=443): Read timed out. (read timeout=3)"
donatarias_21440,272,FUNDACIÓN DE BENEFICENCIA SUMA POR TU VIVIENDA,FUNDACION DE BENEFICENCIA SUMA POR TU VIVIENDA,Eliminada,https://donacionesley21440.gob.cl/registro-publico?n=272,RUT_DIRECT,STRONG_LEGAL_REGISTRY,,,"ReadTimeout: HTTPSConnectionPool(host='donacionesley21440.gob.cl', port=443): Read timed out. (read timeout=3)"
donatarias_21440,271,FUNDACIÓN COLOREARTE,FUNDACION COLOREARTE,Inscrita,https://donacionesley21440.gob.cl/registro-publico?n=271,RUT_DIRECT,STRONG_LEGAL_REGISTRY,,,"ReadTimeout: HTTPSConnectionPool(host='donacionesley21440.gob.cl', port=443): Read timed out. (read timeout=3)"
donatarias_21440,270,FUNDACIÓN COHOUSING CHILE,FUNDACION COHOUSING CHILE,Inscrita,https://donacionesley21440.gob.cl/registro-publico?n=270,RUT_DIRECT,STRONG_LEGAL_REGISTRY,,,"ReadTimeout: HTTPSConnectionPool(host='donacionesley21440.gob.cl', port=443): Read timed out. (read timeout=3)"
donatarias_21440,269,FUNDACIÓN CICATRICES,FUNDACION CICATRICES,Inscrita,https://donacionesley21440.gob.cl/registro-publico?n=269,RUT_DIRECT,STRONG_LEGAL_REGISTRY,,,"ReadTimeout: HTTPSConnectionPool(host='donacionesley21440.gob.cl', port=443): Read timed out. (read timeout=3)"
donatarias_21440,268,FUNDACIÓN CERROS ISLA,FUNDACION CERROS ISLA,Inscrita,https://donacionesley21440.gob.cl/registro-publico?n=268,RUT_DIRECT,STRONG_LEGAL_REGISTRY,,,"ReadTimeout: HTTPSConnectionPool(host='donacionesley21440.gob.cl', port=443): Read timed out. (read timeout=3)"
donatarias_21440,267,FUNDACION CASA INCLUSIVA,FUNDACION CASA INCLUSIVA,Inscrita,https://donacionesley21440.gob.cl/registro-publico?n=267,RUT_DIRECT,STRONG_LEGAL_REGISTRY,,,"ReadTimeout: HTTPSConnectionPool(host='donacionesley21440.gob.cl', port=443): Read timed out. (read timeout=3)"
donatarias_21440,266,CORPORACION MUNICIPAL DE CULTURA DE SAN JOAQUIN,CORPORACION MUNICIPAL DE CULTURA DE SAN JOAQUIN,Inscrita,https://donacionesley21440.gob.cl/registro-publico?n=266,RUT_DIRECT,STRONG_LEGAL_REGISTRY,,,"ReadTimeout: HTTPSConnectionPool(host='donacionesley21440.gob.cl', port=443): Read timed out. (read timeout=3)"
donatarias_21440,265,"COMPAÑÍA NACIONAL DE DANZA FOLCLÓRICA CHILE, CNDF",COMPANIA NACIONAL DE DANZA FOLCLORICA CHILE CNDF,Inscrita,https://donacionesley21440.gob.cl/registro-publico?n=265,RUT_DIRECT,STRONG_LEGAL_REGISTRY,,,"ReadTimeout: HTTPSConnectionPool(host='donacionesley21440.gob.cl', port=443): Read timed out. (read timeout=3)"
donatarias_21440,264,CLUB DE LEONES PUNTA ARENAS CRUZ DEL SUR,CLUB DE LEONES PUNTA ARENAS CRUZ DEL SUR,Inscrita,https://donacionesley21440.gob.cl/registro-publico?n=264,RUT_DIRECT,STRONG_LEGAL_REGISTRY,,,"ReadTimeout: HTTPSConnectionPool(host='donacionesley21440.gob.cl', port=443): Read timed out. (read timeout=3)"
donatarias_21440,263,CENTRO NACIONAL DE LA FAMILIA,CENTRO NACIONAL DE LA FAMILIA,Inscrita,https://donacionesley21440.gob.cl/registro-publico?n=263,RUT_DIRECT,STRONG_LEGAL_REGISTRY,,,"ReadTimeout: HTTPSConnectionPool(host='donacionesley21440.gob.cl', port=443): Read timed out. (read timeout=3)"
donatarias_21440,262,SOCIEDAD ALEMANA DE CANTO FROHSINN,SOCIEDAD ALEMANA DE CANTO FROHSINN,Inscrita,https://donacionesley21440.gob.cl/registro-publico?n=262,RUT_DIRECT,STRONG_LEGAL_REGISTRY,,,"ReadTimeout: HTTPSConnectionPool(host='donacionesley21440.gob.cl', port=443): Read timed out. (read timeout=3)"
donatarias_21440,261,"RONDÓ, FUNDACIÓN PARA LA GESTIÓN CULTURAL",RONDO FUNDACION PARA LA GESTION CULTURAL,Eliminada,https://donacionesley21440.gob.cl/registro-publico?n=261,RUT_DIRECT,STRONG_LEGAL_REGISTRY,,,"ReadTimeout: HTTPSConnectionPool(host='donacionesley21440.gob.cl', port=443): Read timed out. (read timeout=3)"
donatarias_21440,260,ORGANIZACION NO GUBERNAMENTAL DE DESARROLLO CASA AZUL,ORGANIZACION NO GUBERNAMENTAL DE DESARROLLO CASA AZUL,Inscrita,https://donacionesley21440.gob.cl/registro-publico?n=260,RUT_DIRECT,STRONG_LEGAL_REGISTRY,,,"ReadTimeout: HTTPSConnectionPool(host='donacionesley21440.gob.cl', port=443): Read timed out. (read timeout=3)"
donatarias_21440,259,ORGANIZACION NO GUBERNAMENTAL DE DESARROLLO ANSPAC,ORGANIZACION NO GUBERNAMENTAL DE DESARROLLO ANSPAC,Inscrita,https://donacionesley21440.gob.cl/registro-publico?n=259,RUT_DIRECT,STRONG_LEGAL_REGISTRY,,,"ReadTimeout: HTTPSConnectionPool(host='donacionesley21440.gob.cl', port=443): Read timed out. (read timeout=3)"
donatarias_21440,258,ONG ACCION EMPRENDEDORA,ONG ACCION EMPRENDEDORA,Inscrita,https://donacionesley21440.gob.cl/registro-publico?n=258,RUT_DIRECT,STRONG_LEGAL_REGISTRY,,,"ReadTimeout: HTTPSConnectionPool(host='donacionesley21440.gob.cl', port=443): Read timed out. (read timeout=3)"
donatarias_21440,257,OBISPADO DE LINARES,OBISPADO DE LINARES,Inscrita,https://donacionesley21440.gob.cl/registro-publico?n=257,RUT_DIRECT,STRONG_LEGAL_REGISTRY,,,"ReadTimeout: HTTPSConnectionPool(host='donacionesley21440.gob.cl', port=443): Read timed out. (read timeout=3)"
donatarias_21440,256,OBISPADO DE COPIAPO,OBISPADO DE COPIAPO,Inscrita,https://donacionesley21440.gob.cl/registro-publico?n=256,RUT_DIRECT,STRONG_LEGAL_REGISTRY,,,"ReadTimeout: HTTPSConnectionPool(host='donacionesley21440.gob.cl', port=443): Read timed out. (read timeout=3)"
donatarias_21440,255,FUNDACION UC CHRISTUS,FUNDACION UC CHRISTUS,Inscrita,https://donacionesley21440.gob.cl/registro-publico?n=255,RUT_DIRECT,STRONG_LEGAL_REGISTRY,,,"ReadTimeout: HTTPSConnectionPool(host='donacionesley21440.gob.cl', port=443): Read timed out. (read timeout=3)"
donatarias_21440,254,FUNDACIÓN SOÑANDO HORIZONTES,FUNDACION SONANDO HORIZONTES,Eliminada,https://donacionesley21440.gob.cl/registro-publico?n=254,RUT_DIRECT,STRONG_LEGAL_REGISTRY,,,"ReadTimeout: HTTPSConnectionPool(host='donacionesley21440.gob.cl', port=443): Read timed out. (read timeout=3)"
donatarias_21440,253,FUNDACIÓN SANANDO HERIDAS,FUNDACION SANANDO HERIDAS,Eliminada,https://donacionesley21440.gob.cl/registro-publico?n=253,RUT_DIRECT,STRONG_LEGAL_REGISTRY,,,"ReadTimeout: HTTPSConnectionPool(host='donacionesley21440.gob.cl', port=443): Read timed out. (read timeout=3)"
donatarias_21440,252,FUNDACIÓN PARA LA DISCAPACIDAD COGNITIVA NUESTRA KASA,FUNDACION PARA LA DISCAPACIDAD COGNITIVA NUESTRA KASA,Inscrita,https://donacionesley21440.gob.cl/registro-publico?n=252,RUT_DIRECT,STRONG_LEGAL_REGISTRY,,,"ReadTimeout: HTTPSConnectionPool(host='donacionesley21440.gob.cl', port=443): Read timed out. (read timeout=3)"
donatarias_21440,251,FUNDACIÓN NIÑO Y PATRIA,FUNDACION NINO Y PATRIA,Inscrita,https://donacionesley21440.gob.cl/registro-publico?n=251,RUT_DIRECT,STRONG_LEGAL_REGISTRY,,,"ReadTimeout: HTTPSConnectionPool(host='donacionesley21440.gob.cl', port=443): Read timed out. (read timeout=3)"
donatarias_21440,250,FUNDACIÓN MIT CHILE,FUNDACION MIT CHILE,Inscrita,https://donacionesley21440.gob.cl/registro-publico?n=250,RUT_DIRECT,STRONG_LEGAL_REGISTRY,,,"ReadTimeout: HTTPSConnectionPool(host='donacionesley21440.gob.cl', port=443): Read timed out. (read timeout=3)"
donatarias_21440,249,FUNDACIÓN LUZ EN EL CAMPO,FUNDACION LUZ EN EL CAMPO,Inscrita,https://donacionesley21440.gob.cl/registro-publico?n=249,RUT_DIRECT,STRONG_LEGAL_REGISTRY,,,"ReadTimeout: HTTPSConnectionPool(host='donacionesley21440.gob.cl', port=443): Read timed out. (read timeout=3)"
donatarias_21440,248,FUNDACION KENNEDY PARA LA CONSERVACION DE HUMEDALES,FUNDACION KENNEDY PARA LA CONSERVACION DE HUMEDALES,Inscrita,https://donacionesley21440.gob.cl/registro-publico?n=248,RUT_DIRECT,STRONG_LEGAL_REGISTRY,,,"ReadTimeout: HTTPSConnectionPool(host='donacionesley21440.gob.cl', port=443): Read timed out. (read timeout=3)"
donatarias_21440,247,FUNDACIÓN INVOLUCRA CHILE,FUNDACION INVOLUCRA CHILE,Inscrita,https://donacionesley21440.gob.cl/registro-publico?n=247,RUT_DIRECT,STRONG_LEGAL_REGISTRY,,,"ReadTimeout: HTTPSConnectionPool(host='donacionesley21440.gob.cl', port=443): Read timed out. (read timeout=3)"
donatarias_21440,246,FUNDACIÓN INRIA CHILE,FUNDACION INRIA CHILE,Inscrita,https://donacionesley21440.gob.cl/registro-publico?n=246,RUT_DIRECT,STRONG_LEGAL_REGISTRY,,,"ReadTimeout: HTTPSConnectionPool(host='donacionesley21440.gob.cl', port=443): Read timed out. (read timeout=3)"
donatarias_21440,245,FUNDACIÓN HUELLA GESTIÓN SOCIAL,FUNDACION HUELLA GESTION SOCIAL,Inscrita,https://donacionesley21440.gob.cl/registro-publico?n=245,RUT_DIRECT,STRONG_LEGAL_REGISTRY,,,"ReadTimeout: HTTPSConnectionPool(host='donacionesley21440.gob.cl', port=443): Read timed out. (read timeout=3)"
donatarias_21440,244,FUNDACIÓN HOMELESS PETS CHILE RESCATE Y ADOPCIÓN ANIMAL 2020,FUNDACION HOMELESS PETS CHILE RESCATE Y ADOPCION ANIMAL 2020,Eliminada,https://donacionesley21440.gob.cl/registro-publico?n=244,RUT_DIRECT,STRONG_LEGAL_REGISTRY,,,"ReadTimeout: HTTPSConnectionPool(host='donacionesley21440.gob.cl', port=443): Read timed out. (read timeout=3)"
donatarias_21440,243,FUNDACION FUERZA G,FUNDACION FUERZA G,Eliminada,https://donacionesley21440.gob.cl/registro-publico?n=243,RUT_DIRECT,STRONG_LEGAL_REGISTRY,,,"ReadTimeout: HTTPSConnectionPool(host='donacionesley21440.gob.cl', port=443): Read timed out. (read timeout=3)"
donatarias_21440,242,FUNDACION FELINNOS,FUNDACION FELINNOS,Eliminada,https://donacionesley21440.gob.cl/registro-publico?n=242,RUT_DIRECT,STRONG_LEGAL_REGISTRY,,,"ReadTimeout: HTTPSConnectionPool(host='donacionesley21440.gob.cl', port=443): Read timed out. (read timeout=3)"
donatarias_21440,241,FUNDACIÓN EDUCACIONAL CHOSHUENCO,FUNDACION EDUCACIONAL CHOSHUENCO,Inscrita,https://donacionesley21440.gob.cl/registro-publico?n=241,RUT_DIRECT,STRONG_LEGAL_REGISTRY,,,"ReadTimeout: HTTPSConnectionPool(host='donacionesley21440.gob.cl', port=443): Read timed out. (read timeout=3)"
donatarias_21440,240,FUNDACIÓN DIGNIDAD EL BUEN PUERTO,FUNDACION DIGNIDAD EL BUEN PUERTO,Eliminada,https://donacionesley21440.gob.cl/registro-publico?n=240,RUT_DIRECT,STRONG_LEGAL_REGISTRY,,,"ReadTimeout: HTTPSConnectionPool(host='donacionesley21440.gob.cl', port=443): Read timed out. (read timeout=3)"
donatarias_21440,239,FUNDACIÓN DE BENEFICENCIA SAN CARLOS DE APOQUINDO,FUNDACION DE BENEFICENCIA SAN CARLOS DE APOQUINDO,Inscrita,https://donacionesley21440.gob.cl/registro-publico?n=239,RUT_DIRECT,STRONG_LEGAL_REGISTRY,,,"ReadTimeout: HTTPSConnectionPool(host='donacionesley21440.gob.cl', port=443): Read timed out. (read timeout=3)"
donatarias_21440,238,FUNDACIÓN DE BENEFICENCIA PÚBLICA DIGNIDAD CHILE,FUNDACION DE BENEFICENCIA PUBLICA DIGNIDAD CHILE,Eliminada,https://donacionesley21440.gob.cl/registro-publico?n=238,RUT_DIRECT,STRONG_LEGAL_REGISTRY,,,"ReadTimeout: HTTPSConnectionPool(host='donacionesley21440.gob.cl', port=443): Read timed out. (read timeout=3)"
donatarias_21440,237,FUNDACIÓN DE BENEFICENCIA COSMOS,FUNDACION DE BENEFICENCIA COSMOS,Inscrita,https://donacionesley21440.gob.cl/registro-publico?n=237,RUT_DIRECT,STRONG_LEGAL_REGISTRY,,,"ReadTimeout: HTTPSConnectionPool(host='donacionesley21440.gob.cl', port=443): Read timed out. (read timeout=3)"
donatarias_21440,236,FUNDACIÓN CENTRO DE POLÍTICAS MIGRATORIAS,FUNDACION CENTRO DE POLITICAS MIGRATORIAS,Inscrita,https://donacionesley21440.gob.cl/registro-publico?n=236,RUT_DIRECT,STRONG_LEGAL_REGISTRY,,,"ReadTimeout: HTTPSConnectionPool(host='donacionesley21440.gob.cl', port=443): Read timed out. (read timeout=3)"
donatarias_21440,235,FUNDACION CARITAS SAN MARCOS DE ARICA,FUNDACION CARITAS SAN MARCOS DE ARICA,Inscrita,https://donacionesley21440.gob.cl/registro-publico?n=235,RUT_DIRECT,STRONG_LEGAL_REGISTRY,,,"ReadTimeout: HTTPSConnectionPool(host='donacionesley21440.gob.cl', port=443): Read timed out. (read timeout=3)"
donatarias_21440,234,FUNDACIÓN CANDELARIA APOYA PARA LA INFANCIA Y LA JUVENTUD,FUNDACION CANDELARIA APOYA PARA LA INFANCIA Y LA JUVENTUD,Inscrita,https://donacionesley21440.gob.cl/registro-publico?n=234,RUT_DIRECT,STRONG_LEGAL_REGISTRY,,,"ReadTimeout: HTTPSConnectionPool(host='donacionesley21440.gob.cl', port=443): Read timed out. (read timeout=3)"
donatarias_21440,233,CORPORACIÓN RED DE ALIMENTOS,CORPORACION RED DE ALIMENTOS,Inscrita,https://donacionesley21440.gob.cl/registro-publico?n=233,RUT_DIRECT,STRONG_LEGAL_REGISTRY,,,"ReadTimeout: HTTPSConnectionPool(host='donacionesley21440.gob.cl', port=443): Read timed out. (read timeout=3)"
donatarias_21440,232,CORPORACION PROFESIONAL DE ALZHEIMER Y OTRAS DEMENCIAS,CORPORACION PROFESIONAL DE ALZHEIMER Y OTRAS DEMENCIAS,Eliminada,https://donacionesley21440.gob.cl/registro-publico?n=232,RUT_DIRECT,STRONG_LEGAL_REGISTRY,,,"ReadTimeout: HTTPSConnectionPool(host='donacionesley21440.gob.cl', port=443): Read timed out. (read timeout=3)"
donatarias_21440,231,CORPORACION FOMENTO DE BANDAS ESTUDIANTILES.,CORPORACION FOMENTO DE BANDAS ESTUDIANTILES,Inscrita,https://donacionesley21440.gob.cl/registro-publico?n=231,RUT_DIRECT,STRONG_LEGAL_REGISTRY,,,"ReadTimeout: HTTPSConnectionPool(host='donacionesley21440.gob.cl', port=443): Read timed out. (read timeout=3)"
donatarias_21440,230,CABILDO  METROPOLITANO DE SANTIAGO,CABILDO METROPOLITANO DE SANTIAGO,Inscrita,https://donacionesley21440.gob.cl/registro-publico?n=230,RUT_DIRECT,STRONG_LEGAL_REGISTRY,,,"ReadTimeout: HTTPSConnectionPool(host='donacionesley21440.gob.cl', port=443): Read timed out. (read timeout=3)"
donatarias_21440,229,SEGUNDA COMPAÑÍA DE BOMBEROS DE SAN JAVIER,SEGUNDA COMPANIA DE BOMBEROS DE SAN JAVIER,Eliminada,https://donacionesley21440.gob.cl/registro-publico?n=229,RUT_DIRECT,STRONG_LEGAL_REGISTRY,,,"ReadTimeout: HTTPSConnectionPool(host='donacionesley21440.gob.cl', port=443): Read timed out. (read timeout=3)"
donatarias_21440,228,ONG AUTRIBU,ONG AUTRIBU,Inscrita,https://donacionesley21440.gob.cl/registro-publico?n=228,RUT_DIRECT,STRONG_LEGAL_REGISTRY,,,"ReadTimeout: HTTPSConnectionPool(host='donacionesley21440.gob.cl', port=443): Read timed out. (read timeout=3)"
donatarias_21440,227,OBISPADO DE ARICA,OBISPADO DE ARICA,Inscrita,https://donacionesley21440.gob.cl/registro-publico?n=227,RUT_DIRECT,STRONG_LEGAL_REGISTRY,,,"ReadTimeout: HTTPSConnectionPool(host='donacionesley21440.gob.cl', port=443): Read timed out. (read timeout=3)"
donatarias_21440,226,OBISPADO DE ANCUD,OBISPADO DE ANCUD,Inscrita,https://donacionesley21440.gob.cl/registro-publico?n=226,RUT_DIRECT,STRONG_LEGAL_REGISTRY,,,"ReadTimeout: HTTPSConnectionPool(host='donacionesley21440.gob.cl', port=443): Read timed out. (read timeout=3)"
donatarias_21440,225,INSTITUTO LIBERTAD,INSTITUTO LIBERTAD,Inscrita,https://donacionesley21440.gob.cl/registro-publico?n=225,RUT_DIRECT,STRONG_LEGAL_REGISTRY,,,"ReadTimeout: HTTPSConnectionPool(host='donacionesley21440.gob.cl', port=443): Read timed out. (read timeout=3)"
donatarias_21440,224,FUNDACION VIDA EN MOVIMIENTO,FUNDACION VIDA EN MOVIMIENTO,Inscrita,https://donacionesley21440.gob.cl/registro-publico?n=224,RUT_DIRECT,STRONG_LEGAL_REGISTRY,,,"ReadTimeout: HTTPSConnectionPool(host='donacionesley21440.gob.cl', port=443): Read timed out. (read timeout=3)"
donatarias_21440,223,FUNDACIÓN VEGETARIANOS HOY,FUNDACION VEGETARIANOS HOY,Inscrita,https://donacionesley21440.gob.cl/registro-publico?n=223,RUT_DIRECT,STRONG_LEGAL_REGISTRY,,,"ReadTimeout: HTTPSConnectionPool(host='donacionesley21440.gob.cl', port=443): Read timed out. (read timeout=3)"
donatarias_21440,222,FUNDACIÓN SERVICIO JESUITA A MIGRANTES,FUNDACION SERVICIO JESUITA A MIGRANTES,Inscrita,https://donacionesley21440.gob.cl/registro-publico?n=222,RUT_DIRECT,STRONG_LEGAL_REGISTRY,,,"ReadTimeout: HTTPSConnectionPool(host='donacionesley21440.gob.cl', port=443): Read timed out. (read timeout=3)"
donatarias_21440,221,FUNDACION SENTIDO,FUNDACION SENTIDO,Eliminada,https://donacionesley21440.gob.cl/registro-publico?n=221,RUT_DIRECT,STRONG_LEGAL_REGISTRY,,,"ReadTimeout: HTTPSConnectionPool(host='donacionesley21440.gob.cl', port=443): Read timed out. (read timeout=3)"
donatarias_21440,220,FUNDACION RE CONECTAR CON EL MEDIO AMBIENTE,FUNDACION RE CONECTAR CON EL MEDIO AMBIENTE,Inscrita,https://donacionesley21440.gob.cl/registro-publico?n=220,RUT_DIRECT,STRONG_LEGAL_REGISTRY,,,"ReadTimeout: HTTPSConnectionPool(host='donacionesley21440.gob.cl', port=443): Read timed out. (read timeout=3)"
donatarias_21440,219,FUNDACION PARA LA INFANCIA RONALD MCDONALD,FUNDACION PARA LA INFANCIA RONALD MCDONALD,Inscrita,https://donacionesley21440.gob.cl/registro-publico?n=219,RUT_DIRECT,STRONG_LEGAL_REGISTRY,,,"ReadTimeout: HTTPSConnectionPool(host='donacionesley21440.gob.cl', port=443): Read timed out. (read timeout=3)"
donatarias_21440,218,FUNDACION PARA EL IMPULSO DE LA EDUCACION Y LA CULTURA REIMAGINA,FUNDACION PARA EL IMPULSO DE LA EDUCACION Y LA CULTURA REIMAGINA,Inscrita,https://donacionesley21440.gob.cl/registro-publico?n=218,RUT_DIRECT,STRONG_LEGAL_REGISTRY,,,"ReadTimeout: HTTPSConnectionPool(host='donacionesley21440.gob.cl', port=443): Read timed out. (read timeout=3)"
donatarias_21440,217,FUNDACION PARA EL ARTE Y CULTURA CLAUDIO ENGEL E HIJOS,FUNDACION PARA EL ARTE Y CULTURA CLAUDIO ENGEL E HIJOS,Inscrita,https://donacionesley21440.gob.cl/registro-publico?n=217,RUT_DIRECT,STRONG_LEGAL_REGISTRY,,,"ReadTimeout: HTTPSConnectionPool(host='donacionesley21440.gob.cl', port=443): Read timed out. (read timeout=3)"
donatarias_21440,216,FUNDACIÓN PALABRA,FUNDACION PALABRA,Inscrita,https://donacionesley21440.gob.cl/registro-publico?n=216,RUT_DIRECT,STRONG_LEGAL_REGISTRY,,,"ReadTimeout: HTTPSConnectionPool(host='donacionesley21440.gob.cl', port=443): Read timed out. (read timeout=3)"
donatarias_21440,215,FUNDACION ODONTORUTEROS,FUNDACION ODONTORUTEROS,Inscrita,https://donacionesley21440.gob.cl/registro-publico?n=215,RUT_DIRECT,STRONG_LEGAL_REGISTRY,,,"ReadTimeout: HTTPSConnectionPool(host='donacionesley21440.gob.cl', port=443): Read timed out. (read timeout=3)"
donatarias_21440,214,FUNDACIÓN NGENKO,FUNDACION NGENKO,Inscrita,https://donacionesley21440.gob.cl/registro-publico?n=214,RUT_DIRECT,STRONG_LEGAL_REGISTRY,,,"ReadTimeout: HTTPSConnectionPool(host='donacionesley21440.gob.cl', port=443): Read timed out. (read timeout=3)"
donatarias_21440,213,FUNDACIÓN MIS TALENTOS,FUNDACION MIS TALENTOS,Inscrita,https://donacionesley21440.gob.cl/registro-publico?n=213,RUT_DIRECT,STRONG_LEGAL_REGISTRY,,,"ReadTimeout: HTTPSConnectionPool(host='donacionesley21440.gob.cl', port=443): Read timed out. (read timeout=3)"
donatarias_21440,212,FUNDACIÓN JULIETA,FUNDACION JULIETA,Eliminada,https://donacionesley21440.gob.cl/registro-publico?n=212,RUT_DIRECT,STRONG_LEGAL_REGISTRY,,,"ReadTimeout: HTTPSConnectionPool(host='donacionesley21440.gob.cl', port=443): Read timed out. (read timeout=3)"
donatarias_21440,211,FUNDACIÓN ILUMINA,FUNDACION ILUMINA,Inscrita,https://donacionesley21440.gob.cl/registro-publico?n=211,RUT_DIRECT,STRONG_LEGAL_REGISTRY,,,"ReadTimeout: HTTPSConnectionPool(host='donacionesley21440.gob.cl', port=443): Read timed out. (read timeout=3)"
donatarias_21440,210,FUNDACIÓN HELOICAS CHILE,FUNDACION HELOICAS CHILE,Eliminada,https://donacionesley21440.gob.cl/registro-publico?n=210,RUT_DIRECT,STRONG_LEGAL_REGISTRY,,,"ReadTimeout: HTTPSConnectionPool(host='donacionesley21440.gob.cl', port=443): Read timed out. (read timeout=3)"
donatarias_21440,209,FUNDACIÓN GABRIEL Y MARY MUSTAKIS,FUNDACION GABRIEL Y MARY MUSTAKIS,Inscrita,https://donacionesley21440.gob.cl/registro-publico?n=209,RUT_DIRECT,STRONG_LEGAL_REGISTRY,,,"ReadTimeout: HTTPSConnectionPool(host='donacionesley21440.gob.cl', port=443): Read timed out. (read timeout=3)"
donatarias_21440,208,FUNDACIÓN EL TOLDO,FUNDACION EL TOLDO,Inscrita,https://donacionesley21440.gob.cl/registro-publico?n=208,RUT_DIRECT,STRONG_LEGAL_REGISTRY,,,"ReadTimeout: HTTPSConnectionPool(host='donacionesley21440.gob.cl', port=443): Read timed out. (read timeout=3)"
donatarias_21440,207,FUNDACION DE BENEFICENCIA PUBLICA GRANDES PARA EL ENVEJECIMIENTO ACTIVO,FUNDACION DE BENEFICENCIA PUBLICA GRANDES PARA EL ENVEJECIMIENTO ACTIVO,Inscrita,https://donacionesley21440.gob.cl/registro-publico?n=207,RUT_DIRECT,STRONG_LEGAL_REGISTRY,,,"ReadTimeout: HTTPSConnectionPool(host='donacionesley21440.gob.cl', port=443): Read timed out. (read timeout=3)"
donatarias_21440,206,FUNDACIÓN DE APOYO Y REHABILITACIÓN TIERRA DE ÁNGELES,FUNDACION DE APOYO Y REHABILITACION TIERRA DE ANGELES,Inscrita,https://donacionesley21440.gob.cl/registro-publico?n=206,RUT_DIRECT,STRONG_LEGAL_REGISTRY,,,"ReadTimeout: HTTPSConnectionPool(host='donacionesley21440.gob.cl', port=443): Read timed out. (read timeout=3)"
donatarias_21440,205,FUNDACIÓN COANIQUEM,FUNDACION COANIQUEM,Inscrita,https://donacionesley21440.gob.cl/registro-publico?n=205,RUT_DIRECT,STRONG_LEGAL_REGISTRY,,,"ReadTimeout: HTTPSConnectionPool(host='donacionesley21440.gob.cl', port=443): Read timed out. (read timeout=3)"
donatarias_21440,204,FUNDACION CARDIOVASCULAR DR. JORGE KAPLAN MEYER,FUNDACION CARDIOVASCULAR DR JORGE KAPLAN MEYER,Inscrita,https://donacionesley21440.gob.cl/registro-publico?n=204,RUT_DIRECT,STRONG_LEGAL_REGISTRY,,,"ReadTimeout: HTTPSConnectionPool(host='donacionesley21440.gob.cl', port=443): Read timed out. (read timeout=3)"
donatarias_21440,203,CORPORACIÓN NACIONAL DEL CÁNCER - CONAC,CORPORACION NACIONAL DEL CANCER CONAC,Inscrita,https://donacionesley21440.gob.cl/registro-publico?n=203,RUT_DIRECT,STRONG_LEGAL_REGISTRY,,,"ReadTimeout: HTTPSConnectionPool(host='donacionesley21440.gob.cl', port=443): Read timed out. (read timeout=3)"
donatarias_21440,202,CORPORACIÓN MUNICIPAL DE DEPORTES Y RECREACIÓN DE ANTOFAGASTA,CORPORACION MUNICIPAL DE DEPORTES Y RECREACION DE ANTOFAGASTA,Inscrita,https://donacionesley21440.gob.cl/registro-publico?n=202,RUT_DIRECT,STRONG_LEGAL_REGISTRY,,,"ReadTimeout: HTTPSConnectionPool(host='donacionesley21440.gob.cl', port=443): Read timed out. (read timeout=3)"
donatarias_21440,201,PARROQUIA SAN ALBERTO HURTADO,PARROQUIA SAN ALBERTO HURTADO,Inscrita,https://donacionesley21440.gob.cl/registro-publico?n=201,RUT_DIRECT,STRONG_LEGAL_REGISTRY,,,"ReadTimeout: HTTPSConnectionPool(host='donacionesley21440.gob.cl', port=443): Read timed out. (read timeout=3)"
donatarias_21440,200,OBISPADO DE TALCA,OBISPADO DE TALCA,Inscrita,https://donacionesley21440.gob.cl/registro-publico?n=200,RUT_DIRECT,STRONG_LEGAL_REGISTRY,,,"ReadTimeout: HTTPSConnectionPool(host='donacionesley21440.gob.cl', port=443): Read timed out. (read timeout=3)"
donatarias_21440,199,FUNDACION VIÑA SAN BERNARDO,FUNDACION VINA SAN BERNARDO,Eliminada,https://donacionesley21440.gob.cl/registro-publico?n=199,RUT_DIRECT,STRONG_LEGAL_REGISTRY,,,"ReadTimeout: HTTPSConnectionPool(host='donacionesley21440.gob.cl', port=443): Read timed out. (read timeout=3)"
donatarias_21440,198,FUNDACION LARRAIN ECHEÑIQUE,FUNDACION LARRAIN ECHENIQUE,Inscrita,https://donacionesley21440.gob.cl/registro-publico?n=198,RUT_DIRECT,STRONG_LEGAL_REGISTRY,,,"ReadTimeout: HTTPSConnectionPool(host='donacionesley21440.gob.cl', port=443): Read timed out. (read timeout=3)"
donatarias_21440,197,FUNDACION INNOVA,FUNDACION INNOVA,Inscrita,https://donacionesley21440.gob.cl/registro-publico?n=197,RUT_DIRECT,STRONG_LEGAL_REGISTRY,,,"ReadTimeout: HTTPSConnectionPool(host='donacionesley21440.gob.cl', port=443): Read timed out. (read timeout=3)"
donatarias_21440,196,FUNDACION EXPANDE,FUNDACION EXPANDE,Inscrita,https://donacionesley21440.gob.cl/registro-publico?n=196,RUT_DIRECT,STRONG_LEGAL_REGISTRY,,,"ReadTimeout: HTTPSConnectionPool(host='donacionesley21440.gob.cl', port=443): Read timed out. (read timeout=3)"
donatarias_21440,195,FUNDACION ESTUDIO PARA UN HERMANO,FUNDACION ESTUDIO PARA UN HERMANO,Inscrita,https://donacionesley21440.gob.cl/registro-publico?n=195,RUT_DIRECT,STRONG_LEGAL_REGISTRY,,,"ReadTimeout: HTTPSConnectionPool(host='donacionesley21440.gob.cl', port=443): Read timed out. (read timeout=3)"
donatarias_21440,194,FUNDACIÓN ESTUDIO DE CAMPO,FUNDACION ESTUDIO DE CAMPO,Inscrita,https://donacionesley21440.gob.cl/registro-publico?n=194,RUT_DIRECT,STRONG_LEGAL_REGISTRY,,,"ReadTimeout: HTTPSConnectionPool(host='donacionesley21440.gob.cl', port=443): Read timed out. (read timeout=3)"
donatarias_21440,193,FUNDACION EDUCACIONAL RIO SIMPSON,FUNDACION EDUCACIONAL RIO SIMPSON,Inscrita,https://donacionesley21440.gob.cl/registro-publico?n=193,RUT_DIRECT,STRONG_LEGAL_REGISTRY,,,"ReadTimeout: HTTPSConnectionPool(host='donacionesley21440.gob.cl', port=443): Read timed out. (read timeout=3)"
donatarias_21440,192,FUNDACION DE DESARROLLO SOCIAL Y CULTURAL AITUE,FUNDACION DE DESARROLLO SOCIAL Y CULTURAL AITUE,Inscrita,https://donacionesley21440.gob.cl/registro-publico?n=192,RUT_DIRECT,STRONG_LEGAL_REGISTRY,,,"ReadTimeout: HTTPSConnectionPool(host='donacionesley21440.gob.cl', port=443): Read timed out. (read timeout=3)"
donatarias_21440,191,FUNDACIÓN DE BENEFICENCIA PÚBLICA DKMS,FUNDACION DE BENEFICENCIA PUBLICA DKMS,Inscrita,https://donacionesley21440.gob.cl/registro-publico?n=191,RUT_DIRECT,STRONG_LEGAL_REGISTRY,,,"ReadTimeout: HTTPSConnectionPool(host='donacionesley21440.gob.cl', port=443): Read timed out. (read timeout=3)"
donatarias_21440,190,FUNDACION CHILE,FUNDACION CHILE,Inscrita,https://donacionesley21440.gob.cl/registro-publico?n=190,RUT_DIRECT,STRONG_LEGAL_REGISTRY,,,"ReadTimeout: HTTPSConnectionPool(host='donacionesley21440.gob.cl', port=443): Read timed out. (read timeout=3)"
donatarias_21440,189,FUNDACION CERRO GUIDO CONSERVACION,FUNDACION CERRO GUIDO CONSERVACION,Inscrita,https://donacionesley21440.gob.cl/registro-publico?n=189,RUT_DIRECT,STRONG_LEGAL_REGISTRY,,,"ReadTimeout: HTTPSConnectionPool(host='donacionesley21440.gob.cl', port=443): Read timed out. (read timeout=3)"
donatarias_21440,188,FUNDACIÓN BELÉN EDUCA,FUNDACION BELEN EDUCA,Inscrita,https://donacionesley21440.gob.cl/registro-publico?n=188,RUT_DIRECT,STRONG_LEGAL_REGISTRY,,,"ReadTimeout: HTTPSConnectionPool(host='donacionesley21440.gob.cl', port=443): Read timed out. (read timeout=3)"
donatarias_21440,187,CORPORACION EDUCACIONAL EQUIPO Y EXCELENCIA,CORPORACION EDUCACIONAL EQUIPO Y EXCELENCIA,Inscrita,https://donacionesley21440.gob.cl/registro-publico?n=187,RUT_DIRECT,STRONG_LEGAL_REGISTRY,,,"ReadTimeout: HTTPSConnectionPool(host='donacionesley21440.gob.cl', port=443): Read timed out. (read timeout=3)"
donatarias_21440,186,ONGD CORPORACIÓN DE EDUCACIÓN Y SALUD PARA EL SÍNDROME DE DOWN,ONGD CORPORACION DE EDUCACION Y SALUD PARA EL SINDROME DE DOWN,Inscrita,https://donacionesley21440.gob.cl/registro-publico?n=186,RUT_DIRECT,STRONG_LEGAL_REGISTRY,,,"ReadTimeout: HTTPSConnectionPool(host='donacionesley21440.gob.cl', port=443): Read timed out. (read timeout=3)"
donatarias_21440,185,ONG AUMEN,ONG AUMEN,Inscrita,https://donacionesley21440.gob.cl/registro-publico?n=185,RUT_DIRECT,STRONG_LEGAL_REGISTRY,,,"ReadTimeout: HTTPSConnectionPool(host='donacionesley21440.gob.cl', port=443): Read timed out. (read timeout=3)"
donatarias_21440,184,OBISPADO DE TEMUCO,OBISPADO DE TEMUCO,Inscrita,https://donacionesley21440.gob.cl/registro-publico?n=184,RUT_DIRECT,STRONG_LEGAL_REGISTRY,,,"ReadTimeout: HTTPSConnectionPool(host='donacionesley21440.gob.cl', port=443): Read timed out. (read timeout=3)"
donatarias_21440,183,IMPULSO DOCENTE,IMPULSO DOCENTE,Inscrita,https://donacionesley21440.gob.cl/registro-publico?n=183,RUT_DIRECT,STRONG_LEGAL_REGISTRY,,,"ReadTimeout: HTTPSConnectionPool(host='donacionesley21440.gob.cl', port=443): Read timed out. (read timeout=3)"
donatarias_21440,182,FUNDACIÓN REÑACA MÁS ALTO,FUNDACION RENACA MAS ALTO,Inscrita,https://donacionesley21440.gob.cl/registro-publico?n=182,RUT_DIRECT,STRONG_LEGAL_REGISTRY,,,"ReadTimeout: HTTPSConnectionPool(host='donacionesley21440.gob.cl', port=443): Read timed out. (read timeout=3)"
donatarias_21440,181,FUNDACIÓN REDMIGRANTES,FUNDACION REDMIGRANTES,Inscrita,https://donacionesley21440.gob.cl/registro-publico?n=181,RUT_DIRECT,STRONG_LEGAL_REGISTRY,,,"ReadTimeout: HTTPSConnectionPool(host='donacionesley21440.gob.cl', port=443): Read timed out. (read timeout=3)"
donatarias_21440,180,FUNDACION POLICLINICO DE ALCOHOLISMO OBISPO ENRIQUE ALVEAR,FUNDACION POLICLINICO DE ALCOHOLISMO OBISPO ENRIQUE ALVEAR,Inscrita,https://donacionesley21440.gob.cl/registro-publico?n=180,RUT_DIRECT,STRONG_LEGAL_REGISTRY,,,"ReadTimeout: HTTPSConnectionPool(host='donacionesley21440.gob.cl', port=443): Read timed out. (read timeout=3)"
donatarias_21440,179,FUNDACIÓN MANADA ANIMAL,FUNDACION MANADA ANIMAL,Inscrita,https://donacionesley21440.gob.cl/registro-publico?n=179,RUT_DIRECT,STRONG_LEGAL_REGISTRY,,,"ReadTimeout: HTTPSConnectionPool(host='donacionesley21440.gob.cl', port=443): Read timed out. (read timeout=3)"
donatarias_21440,178,FUNDACIÓN LABORATORIA,FUNDACION LABORATORIA,Eliminada,https://donacionesley21440.gob.cl/registro-publico?n=178,RUT_DIRECT,STRONG_LEGAL_REGISTRY,,,"ReadTimeout: HTTPSConnectionPool(host='donacionesley21440.gob.cl', port=443): Read timed out. (read timeout=3)"
donatarias_21440,177,FUNDACION DE BENEFICENCIA PUBLICA LA COMUNIDAD DE LA LECHE,FUNDACION DE BENEFICENCIA PUBLICA LA COMUNIDAD DE LA LECHE,Inscrita,https://donacionesley21440.gob.cl/registro-publico?n=177,RUT_DIRECT,STRONG_LEGAL_REGISTRY,,,"ReadTimeout: HTTPSConnectionPool(host='donacionesley21440.gob.cl', port=443): Read timed out. (read timeout=3)"
donatarias_21440,176,FUNDACIÓN KARÜ AMBIENTE,FUNDACION KARU AMBIENTE,Inscrita,https://donacionesley21440.gob.cl/registro-publico?n=176,RUT_DIRECT,STRONG_LEGAL_REGISTRY,,,"ReadTimeout: HTTPSConnectionPool(host='donacionesley21440.gob.cl', port=443): Read timed out. (read timeout=3)"
donatarias_21440,175,FUNDACIÓN FUTURE OF FISH,FUNDACION FUTURE OF FISH,Inscrita,https://donacionesley21440.gob.cl/registro-publico?n=175,RUT_DIRECT,STRONG_LEGAL_REGISTRY,,,"ReadTimeout: HTTPSConnectionPool(host='donacionesley21440.gob.cl', port=443): Read timed out. (read timeout=3)"
donatarias_21440,174,FUNDACIÓN FUNDO EL REBAÑO NATIVO,FUNDACION FUNDO EL REBANO NATIVO,Inscrita,https://donacionesley21440.gob.cl/registro-publico?n=174,RUT_DIRECT,STRONG_LEGAL_REGISTRY,,,"ReadTimeout: HTTPSConnectionPool(host='donacionesley21440.gob.cl', port=443): Read timed out. (read timeout=3)"
donatarias_21440,173,FUNDACION DESCUBREME,FUNDACION DESCUBREME,Inscrita,https://donacionesley21440.gob.cl/registro-publico?n=173,RUT_DIRECT,STRONG_LEGAL_REGISTRY,,,"ReadTimeout: HTTPSConnectionPool(host='donacionesley21440.gob.cl', port=443): Read timed out. (read timeout=3)"
donatarias_21440,172,FUNDACION DE DESARROLLO SOCIAL Y CULTURAL MEMORIAS Y SABERES,FUNDACION DE DESARROLLO SOCIAL Y CULTURAL MEMORIAS Y SABERES,Eliminada,https://donacionesley21440.gob.cl/registro-publico?n=172,RUT_DIRECT,STRONG_LEGAL_REGISTRY,,,"ReadTimeout: HTTPSConnectionPool(host='donacionesley21440.gob.cl', port=443): Read timed out. (read timeout=3)"
donatarias_21440,171,FUNDACIÓN DE CULTURA Y TURISMO DE SAN PEDRO DE ATACAMA,FUNDACION DE CULTURA Y TURISMO DE SAN PEDRO DE ATACAMA,Inscrita,https://donacionesley21440.gob.cl/registro-publico?n=171,RUT_DIRECT,STRONG_LEGAL_REGISTRY,,,"ReadTimeout: HTTPSConnectionPool(host='donacionesley21440.gob.cl', port=443): Read timed out. (read timeout=3)"
donatarias_21440,170,FUNDACIÓN COLBÚN,FUNDACION COLBUN,Inscrita,https://donacionesley21440.gob.cl/registro-publico?n=170,RUT_DIRECT,STRONG_LEGAL_REGISTRY,,,"ReadTimeout: HTTPSConnectionPool(host='donacionesley21440.gob.cl', port=443): Read timed out. (read timeout=3)"
donatarias_21440,169,FONDO DE AGUA DE SANTIAGO,FONDO DE AGUA DE SANTIAGO,Inscrita,https://donacionesley21440.gob.cl/registro-publico?n=169,RUT_DIRECT,STRONG_LEGAL_REGISTRY,,,"ReadTimeout: HTTPSConnectionPool(host='donacionesley21440.gob.cl', port=443): Read timed out. (read timeout=3)"
donatarias_21440,168,SOCIEDAD PRO AYUDA DEL NIÑO LISIADO,SOCIEDAD PRO AYUDA DEL NINO LISIADO,Inscrita,https://donacionesley21440.gob.cl/registro-publico?n=168,RUT_DIRECT,STRONG_LEGAL_REGISTRY,,,"ReadTimeout: HTTPSConnectionPool(host='donacionesley21440.gob.cl', port=443): Read timed out. (read timeout=3)"
donatarias_21440,167,ONG DE DESARROLLO MEDIO AMBIENTAL AMA TORRES DEL PAINE,ONG DE DESARROLLO MEDIO AMBIENTAL AMA TORRES DEL PAINE,Inscrita,https://donacionesley21440.gob.cl/registro-publico?n=167,RUT_DIRECT,STRONG_LEGAL_REGISTRY,,,"ReadTimeout: HTTPSConnectionPool(host='donacionesley21440.gob.cl', port=443): Read timed out. (read timeout=3)"
donatarias_21440,166,INSTITUTO SECULAR PADRES DE SCHOENSTATT,INSTITUTO SECULAR PADRES DE SCHOENSTATT,Inscrita,https://donacionesley21440.gob.cl/registro-publico?n=166,RUT_DIRECT,STRONG_LEGAL_REGISTRY,,,"ReadTimeout: HTTPSConnectionPool(host='donacionesley21440.gob.cl', port=443): Read timed out. (read timeout=3)"
donatarias_21440,165,HOGAR DE NIÑAS LAS CRECHES,HOGAR DE NINAS LAS CRECHES,Inscrita,https://donacionesley21440.gob.cl/registro-publico?n=165,RUT_DIRECT,STRONG_LEGAL_REGISTRY,,,"ReadTimeout: HTTPSConnectionPool(host='donacionesley21440.gob.cl', port=443): Read timed out. (read timeout=3)"
donatarias_21440,164,FUNDACIÓN UNIENDO PATITAS,FUNDACION UNIENDO PATITAS,Inscrita,https://donacionesley21440.gob.cl/registro-publico?n=164,RUT_DIRECT,STRONG_LEGAL_REGISTRY,,,"ReadTimeout: HTTPSConnectionPool(host='donacionesley21440.gob.cl', port=443): Read timed out. (read timeout=3)"
donatarias_21440,163,FUNDACION TIEMPOS NUEVOS,FUNDACION TIEMPOS NUEVOS,Inscrita,https://donacionesley21440.gob.cl/registro-publico?n=163,RUT_DIRECT,STRONG_LEGAL_REGISTRY,,,"ReadTimeout: HTTPSConnectionPool(host='donacionesley21440.gob.cl', port=443): Read timed out. (read timeout=3)"
donatarias_21440,162,FUNDACIÓN SENDEROS,FUNDACION SENDEROS,Inscrita,https://donacionesley21440.gob.cl/registro-publico?n=162,RUT_DIRECT,STRONG_LEGAL_REGISTRY,,,"ReadTimeout: HTTPSConnectionPool(host='donacionesley21440.gob.cl', port=443): Read timed out. (read timeout=3)"
donatarias_21440,161,FUNDACIÓN CONEXIÓN NATURAL,FUNDACION CONEXION NATURAL,Inscrita,https://donacionesley21440.gob.cl/registro-publico?n=161,RUT_DIRECT,STRONG_LEGAL_REGISTRY,,,"ReadTimeout: HTTPSConnectionPool(host='donacionesley21440.gob.cl', port=443): Read timed out. (read timeout=3)"
donatarias_21440,160,FUNDACIÓN PARQUE TRICAO,FUNDACION PARQUE TRICAO,Inscrita,https://donacionesley21440.gob.cl/registro-publico?n=160,RUT_DIRECT,STRONG_LEGAL_REGISTRY,,,"ReadTimeout: HTTPSConnectionPool(host='donacionesley21440.gob.cl', port=443): Read timed out. (read timeout=3)"
donatarias_21440,159,FUNDACION PARA AYUDA Y REHABILITACION DE DISCAPACITADOS,FUNDACION PARA AYUDA Y REHABILITACION DE DISCAPACITADOS,Inscrita,https://donacionesley21440.gob.cl/registro-publico?n=159,RUT_DIRECT,STRONG_LEGAL_REGISTRY,,,"ReadTimeout: HTTPSConnectionPool(host='donacionesley21440.gob.cl', port=443): Read timed out. (read timeout=3)"
donatarias_21440,158,FUNDACION PALESTINA BELEN 2000 CHILE,FUNDACION PALESTINA BELEN 2000 CHILE,Inscrita,https://donacionesley21440.gob.cl/registro-publico?n=158,RUT_DIRECT,STRONG_LEGAL_REGISTRY,,,"ReadTimeout: HTTPSConnectionPool(host='donacionesley21440.gob.cl', port=443): Read timed out. (read timeout=3)"
donatarias_21440,157,FUNDACION NIÑOS PRIMERO,FUNDACION NINOS PRIMERO,Inscrita,https://donacionesley21440.gob.cl/registro-publico?n=157,RUT_DIRECT,STRONG_LEGAL_REGISTRY,,,"ReadTimeout: HTTPSConnectionPool(host='donacionesley21440.gob.cl', port=443): Read timed out. (read timeout=3)"
donatarias_21440,156,FUNDACIÓN MI COLABORACION,FUNDACION MI COLABORACION,Inscrita,https://donacionesley21440.gob.cl/registro-publico?n=156,RUT_DIRECT,STRONG_LEGAL_REGISTRY,,,"ReadTimeout: HTTPSConnectionPool(host='donacionesley21440.gob.cl', port=443): Read timed out. (read timeout=3)"
donatarias_21440,155,FUNDACIÓN MELIMOYU,FUNDACION MELIMOYU,Eliminada,https://donacionesley21440.gob.cl/registro-publico?n=155,RUT_DIRECT,STRONG_LEGAL_REGISTRY,,,"ReadTimeout: HTTPSConnectionPool(host='donacionesley21440.gob.cl', port=443): Read timed out. (read timeout=3)"
donatarias_21440,154,FUNDACIÓN LAS ROSAS DE AYUDA FRATERNA,FUNDACION LAS ROSAS DE AYUDA FRATERNA,Inscrita,https://donacionesley21440.gob.cl/registro-publico?n=154,RUT_DIRECT,STRONG_LEGAL_REGISTRY,,,"ReadTimeout: HTTPSConnectionPool(host='donacionesley21440.gob.cl', port=443): Read timed out. (read timeout=3)"
donatarias_21440,153,FUNDACIÓN EN PRIMERA PERSONA,FUNDACION EN PRIMERA PERSONA,Inscrita,https://donacionesley21440.gob.cl/registro-publico?n=153,RUT_DIRECT,STRONG_LEGAL_REGISTRY,,,"ReadTimeout: HTTPSConnectionPool(host='donacionesley21440.gob.cl', port=443): Read timed out. (read timeout=3)"
donatarias_21440,152,FUNDACION EDUCALEGRE,FUNDACION EDUCALEGRE,Inscrita,https://donacionesley21440.gob.cl/registro-publico?n=152,RUT_DIRECT,STRONG_LEGAL_REGISTRY,,,"ReadTimeout: HTTPSConnectionPool(host='donacionesley21440.gob.cl', port=443): Read timed out. (read timeout=3)"
donatarias_21440,151,FUNDACIÓN EDUCACIONAL ABRIENDO CAMINOS,FUNDACION EDUCACIONAL ABRIENDO CAMINOS,Inscrita,https://donacionesley21440.gob.cl/registro-publico?n=151,RUT_DIRECT,STRONG_LEGAL_REGISTRY,,,"ReadTimeout: HTTPSConnectionPool(host='donacionesley21440.gob.cl', port=443): Read timed out. (read timeout=3)"
donatarias_21440,150,FUNDACION DE BENEFICENCIA SOFAN,FUNDACION DE BENEFICENCIA SOFAN,Inscrita,https://donacionesley21440.gob.cl/registro-publico?n=150,RUT_DIRECT,STRONG_LEGAL_REGISTRY,,,"ReadTimeout: HTTPSConnectionPool(host='donacionesley21440.gob.cl', port=443): Read timed out. (read timeout=3)"
donatarias_21440,149,FUNDACIÓN CRISTOX,FUNDACION CRISTOX,Inscrita,https://donacionesley21440.gob.cl/registro-publico?n=149,RUT_DIRECT,STRONG_LEGAL_REGISTRY,,,"ReadTimeout: HTTPSConnectionPool(host='donacionesley21440.gob.cl', port=443): Read timed out. (read timeout=3)"
donatarias_21440,148,FUNDACIÓN CHOL CHOL JAMES MUNDELL PARA EL DESARROLLO HUMANO,FUNDACION CHOL CHOL JAMES MUNDELL PARA EL DESARROLLO HUMANO,Inscrita,https://donacionesley21440.gob.cl/registro-publico?n=148,RUT_DIRECT,STRONG_LEGAL_REGISTRY,,,"ReadTimeout: HTTPSConnectionPool(host='donacionesley21440.gob.cl', port=443): Read timed out. (read timeout=3)"
donatarias_21440,147,FUNDACION ATREZZO,FUNDACION ATREZZO,Eliminada,https://donacionesley21440.gob.cl/registro-publico?n=147,RUT_DIRECT,STRONG_LEGAL_REGISTRY,,,"ReadTimeout: HTTPSConnectionPool(host='donacionesley21440.gob.cl', port=443): Read timed out. (read timeout=3)"
donatarias_21440,146,FUNDACIÓN ABRÁZAME,FUNDACION ABRAZAME,Inscrita,https://donacionesley21440.gob.cl/registro-publico?n=146,RUT_DIRECT,STRONG_LEGAL_REGISTRY,,,"ReadTimeout: HTTPSConnectionPool(host='donacionesley21440.gob.cl', port=443): Read timed out. (read timeout=3)"
donatarias_21440,145,CORPORACION MUNICIPAL DE DESARROLLO SOCIAL DE ÑUÑOA,CORPORACION MUNICIPAL DE DESARROLLO SOCIAL DE NUNOA,Inscrita,https://donacionesley21440.gob.cl/registro-publico?n=145,RUT_DIRECT,STRONG_LEGAL_REGISTRY,,,"ReadTimeout: HTTPSConnectionPool(host='donacionesley21440.gob.cl', port=443): Read timed out. (read timeout=3)"
donatarias_21440,144,CORPORACION DE BENEFICENCIA CARITAS CHILE,CORPORACION DE BENEFICENCIA CARITAS CHILE,Inscrita,https://donacionesley21440.gob.cl/registro-publico?n=144,RUT_DIRECT,STRONG_LEGAL_REGISTRY,,,"ReadTimeout: HTTPSConnectionPool(host='donacionesley21440.gob.cl', port=443): Read timed out. (read timeout=3)"
donatarias_21440,143,CORPORACIÓN CONSTRUYENDO MIS SUEÑOS,CORPORACION CONSTRUYENDO MIS SUENOS,Inscrita,https://donacionesley21440.gob.cl/registro-publico?n=143,RUT_DIRECT,STRONG_LEGAL_REGISTRY,,,"ReadTimeout: HTTPSConnectionPool(host='donacionesley21440.gob.cl', port=443): Read timed out. (read timeout=3)"
donatarias_21440,142,CORPORACIÓN CHILE LIBRE,CORPORACION CHILE LIBRE,Eliminada,https://donacionesley21440.gob.cl/registro-publico?n=142,RUT_DIRECT,STRONG_LEGAL_REGISTRY,,,"ReadTimeout: HTTPSConnectionPool(host='donacionesley21440.gob.cl', port=443): Read timed out. (read timeout=3)"
donatarias_21440,141,PATRONATO NACIONAL DE LA INFANCIA,PATRONATO NACIONAL DE LA INFANCIA,Inscrita,https://donacionesley21440.gob.cl/registro-publico?n=141,RUT_DIRECT,STRONG_LEGAL_REGISTRY,,,"ReadTimeout: HTTPSConnectionPool(host='donacionesley21440.gob.cl', port=443): Read timed out. (read timeout=3)"
donatarias_21440,140,ONG GOOD NEIGHBORS CHILE,ONG GOOD NEIGHBORS CHILE,Inscrita,https://donacionesley21440.gob.cl/registro-publico?n=140,RUT_DIRECT,STRONG_LEGAL_REGISTRY,,,"ReadTimeout: HTTPSConnectionPool(host='donacionesley21440.gob.cl', port=443): Read timed out. (read timeout=3)"
donatarias_21440,139,ONG CREASE,ONG CREASE,Inscrita,https://donacionesley21440.gob.cl/registro-publico?n=139,RUT_DIRECT,STRONG_LEGAL_REGISTRY,,,"ReadTimeout: HTTPSConnectionPool(host='donacionesley21440.gob.cl', port=443): Read timed out. (read timeout=3)"
donatarias_21440,138,FUNDACIÓN THE CIRCULAR HUB,FUNDACION THE CIRCULAR HUB,Inscrita,https://donacionesley21440.gob.cl/registro-publico?n=138,RUT_DIRECT,STRONG_LEGAL_REGISTRY,,,"ReadTimeout: HTTPSConnectionPool(host='donacionesley21440.gob.cl', port=443): Read timed out. (read timeout=3)"
donatarias_21440,137,FUNDACION ROSTROS NUEVOS,FUNDACION ROSTROS NUEVOS,Inscrita,https://donacionesley21440.gob.cl/registro-publico?n=137,RUT_DIRECT,STRONG_LEGAL_REGISTRY,,,"ReadTimeout: HTTPSConnectionPool(host='donacionesley21440.gob.cl', port=443): Read timed out. (read timeout=3)"
donatarias_21440,136,FUNDACION ROHI,FUNDACION ROHI,Inscrita,https://donacionesley21440.gob.cl/registro-publico?n=136,RUT_DIRECT,STRONG_LEGAL_REGISTRY,,,"ReadTimeout: HTTPSConnectionPool(host='donacionesley21440.gob.cl', port=443): Read timed out. (read timeout=3)"
donatarias_21440,135,FUNDACIÓN REINVENTARSE,FUNDACION REINVENTARSE,Inscrita,https://donacionesley21440.gob.cl/registro-publico?n=135,RUT_DIRECT,STRONG_LEGAL_REGISTRY,,,"ReadTimeout: HTTPSConnectionPool(host='donacionesley21440.gob.cl', port=443): Read timed out. (read timeout=3)"
donatarias_21440,134,FUNDACION PARENTESIS,FUNDACION PARENTESIS,Inscrita,https://donacionesley21440.gob.cl/registro-publico?n=134,RUT_DIRECT,STRONG_LEGAL_REGISTRY,,,"ReadTimeout: HTTPSConnectionPool(host='donacionesley21440.gob.cl', port=443): Read timed out. (read timeout=3)"
donatarias_21440,133,FUNDACION PARA LA EDUCACION EN SEGURIDAD VIAL,FUNDACION PARA LA EDUCACION EN SEGURIDAD VIAL,Inscrita,https://donacionesley21440.gob.cl/registro-publico?n=133,RUT_DIRECT,STRONG_LEGAL_REGISTRY,,,"ReadTimeout: HTTPSConnectionPool(host='donacionesley21440.gob.cl', port=443): Read timed out. (read timeout=3)"
donatarias_21440,132,FUNDACIÓN GUADALUPE ACOGE,FUNDACION GUADALUPE ACOGE,Inscrita,https://donacionesley21440.gob.cl/registro-publico?n=132,RUT_DIRECT,STRONG_LEGAL_REGISTRY,,,"ReadTimeout: HTTPSConnectionPool(host='donacionesley21440.gob.cl', port=443): Read timed out. (read timeout=3)"
donatarias_21440,131,FUNDACIÓN GLOBAL SPORTS,FUNDACION GLOBAL SPORTS,Inscrita,https://donacionesley21440.gob.cl/registro-publico?n=131,RUT_DIRECT,STRONG_LEGAL_REGISTRY,,,"ReadTimeout: HTTPSConnectionPool(host='donacionesley21440.gob.cl', port=443): Read timed out. (read timeout=3)"
donatarias_21440,130,FUNDACIÓN EL ARBOL,FUNDACION EL ARBOL,Inscrita,https://donacionesley21440.gob.cl/registro-publico?n=130,RUT_DIRECT,STRONG_LEGAL_REGISTRY,,,"ReadTimeout: HTTPSConnectionPool(host='donacionesley21440.gob.cl', port=443): Read timed out. (read timeout=3)"
donatarias_21440,129,FUNDACIÓN DOCTOR ALFREDO GANTZ MANN,FUNDACION DOCTOR ALFREDO GANTZ MANN,Inscrita,https://donacionesley21440.gob.cl/registro-publico?n=129,RUT_DIRECT,STRONG_LEGAL_REGISTRY,,,"ReadTimeout: HTTPSConnectionPool(host='donacionesley21440.gob.cl', port=443): Read timed out. (read timeout=3)"
donatarias_21440,128,FUNDACIÓN DESARROLLO SOCIAL RIÑIHUE,FUNDACION DESARROLLO SOCIAL RINIHUE,Inscrita,https://donacionesley21440.gob.cl/registro-publico?n=128,RUT_DIRECT,STRONG_LEGAL_REGISTRY,,,"ReadTimeout: HTTPSConnectionPool(host='donacionesley21440.gob.cl', port=443): Read timed out. (read timeout=3)"
donatarias_21440,127,FUNDACIÓN DE LIDERAZGO SOCIAL ASHOKA CHILE,FUNDACION DE LIDERAZGO SOCIAL ASHOKA CHILE,Inscrita,https://donacionesley21440.gob.cl/registro-publico?n=127,RUT_DIRECT,STRONG_LEGAL_REGISTRY,,,"ReadTimeout: HTTPSConnectionPool(host='donacionesley21440.gob.cl', port=443): Read timed out. (read timeout=3)"
donatarias_21440,126,"FUNDACION DE BENEFICENCIA PUBLICA, EDUCACIONAL, CULTURAL Y CIENTIFICA ANTONIO HITSCHFELD BOLLMAN",FUNDACION DE BENEFICENCIA PUBLICA EDUCACIONAL CULTURAL Y CIENTIFICA ANTONIO HITSCHFELD BOLLMAN,Inscrita,https://donacionesley21440.gob.cl/registro-publico?n=126,RUT_DIRECT,STRONG_LEGAL_REGISTRY,,,"ReadTimeout: HTTPSConnectionPool(host='donacionesley21440.gob.cl', port=443): Read timed out. (read timeout=3)"
donatarias_21440,125,FUNDACIÓN DE BENEFICENCIA PÚBLICA CHILE MÁS HOY,FUNDACION DE BENEFICENCIA PUBLICA CHILE MAS HOY,Inscrita,https://donacionesley21440.gob.cl/registro-publico?n=125,RUT_DIRECT,STRONG_LEGAL_REGISTRY,,,"ReadTimeout: HTTPSConnectionPool(host='donacionesley21440.gob.cl', port=443): Read timed out. (read timeout=3)"
donatarias_21440,124,FUNDACIÓN DE BENEFICENCIA COLUNGA CHILE,FUNDACION DE BENEFICENCIA COLUNGA CHILE,Inscrita,https://donacionesley21440.gob.cl/registro-publico?n=124,RUT_DIRECT,STRONG_LEGAL_REGISTRY,,,"ReadTimeout: HTTPSConnectionPool(host='donacionesley21440.gob.cl', port=443): Read timed out. (read timeout=3)"
donatarias_21440,123,FUNDACION CARITAS ARAUCANIA,FUNDACION CARITAS ARAUCANIA,Inscrita,https://donacionesley21440.gob.cl/registro-publico?n=123,RUT_DIRECT,STRONG_LEGAL_REGISTRY,,,"ReadTimeout: HTTPSConnectionPool(host='donacionesley21440.gob.cl', port=443): Read timed out. (read timeout=3)"
donatarias_21440,122,FUNDACIÓN ARCA,FUNDACION ARCA,Inscrita,https://donacionesley21440.gob.cl/registro-publico?n=122,RUT_DIRECT,STRONG_LEGAL_REGISTRY,,,"ReadTimeout: HTTPSConnectionPool(host='donacionesley21440.gob.cl', port=443): Read timed out. (read timeout=3)"
donatarias_21440,121,FUNDACION ALTIPLANO,FUNDACION ALTIPLANO,Inscrita,https://donacionesley21440.gob.cl/registro-publico?n=121,RUT_DIRECT,STRONG_LEGAL_REGISTRY,,,"ReadTimeout: HTTPSConnectionPool(host='donacionesley21440.gob.cl', port=443): Read timed out. (read timeout=3)"
donatarias_21440,120,FOBEJU,FOBEJU,Inscrita,https://donacionesley21440.gob.cl/registro-publico?n=120,RUT_DIRECT,STRONG_LEGAL_REGISTRY,,,"ReadTimeout: HTTPSConnectionPool(host='donacionesley21440.gob.cl', port=443): Read timed out. (read timeout=3)"
donatarias_21440,119,FEDERACIÓN MESA NACIONAL MIGRANTES Y REFUGIADOS,FEDERACION MESA NACIONAL MIGRANTES Y REFUGIADOS,Eliminada,https://donacionesley21440.gob.cl/registro-publico?n=119,RUT_DIRECT,STRONG_LEGAL_REGISTRY,,,"ReadTimeout: HTTPSConnectionPool(host='donacionesley21440.gob.cl', port=443): Read timed out. (read timeout=3)"
donatarias_21440,118,CORPORACIÓN PUELO PATAGONIA,CORPORACION PUELO PATAGONIA,Inscrita,https://donacionesley21440.gob.cl/registro-publico?n=118,RUT_DIRECT,STRONG_LEGAL_REGISTRY,,,"ReadTimeout: HTTPSConnectionPool(host='donacionesley21440.gob.cl', port=443): Read timed out. (read timeout=3)"
donatarias_21440,117,CORPORACION MUNICIPAL DE DESARROLLO ECONOMICO CULTURA Y DEPORTES DE RENCA,CORPORACION MUNICIPAL DE DESARROLLO ECONOMICO CULTURA Y DEPORTES DE RENCA,Inscrita,https://donacionesley21440.gob.cl/registro-publico?n=117,RUT_DIRECT,STRONG_LEGAL_REGISTRY,,,"ReadTimeout: HTTPSConnectionPool(host='donacionesley21440.gob.cl', port=443): Read timed out. (read timeout=3)"
donatarias_21440,116,CORPORACION HOGAR BELEN,CORPORACION HOGAR BELEN,Inscrita,https://donacionesley21440.gob.cl/registro-publico?n=116,RUT_DIRECT,STRONG_LEGAL_REGISTRY,,,"ReadTimeout: HTTPSConnectionPool(host='donacionesley21440.gob.cl', port=443): Read timed out. (read timeout=3)"
donatarias_21440,115,CORPORACIÓN DÉFICIT CERO,CORPORACION DEFICIT CERO,Inscrita,https://donacionesley21440.gob.cl/registro-publico?n=115,RUT_DIRECT,STRONG_LEGAL_REGISTRY,,,"ReadTimeout: HTTPSConnectionPool(host='donacionesley21440.gob.cl', port=443): Read timed out. (read timeout=3)"
donatarias_21440,114,COMUNITA PAPA GIOVANNI XXIII,COMUNITA PAPA GIOVANNI XXIII,Inscrita,https://donacionesley21440.gob.cl/registro-publico?n=114,RUT_DIRECT,STRONG_LEGAL_REGISTRY,,,"ReadTimeout: HTTPSConnectionPool(host='donacionesley21440.gob.cl', port=443): Read timed out. (read timeout=3)"
donatarias_21440,113,ASOCIACIÓN ENERGÍA COLECTIVA,ASOCIACION ENERGIA COLECTIVA,Inscrita,https://donacionesley21440.gob.cl/registro-publico?n=113,RUT_DIRECT,STRONG_LEGAL_REGISTRY,,,"ReadTimeout: HTTPSConnectionPool(host='donacionesley21440.gob.cl', port=443): Read timed out. (read timeout=3)"
donatarias_21440,112,SOCIEDAD PROTECTORA DE CIEGOS SANTA LUCÍA,SOCIEDAD PROTECTORA DE CIEGOS SANTA LUCIA,Inscrita,https://donacionesley21440.gob.cl/registro-publico?n=112,RUT_DIRECT,STRONG_LEGAL_REGISTRY,,,"ReadTimeout: HTTPSConnectionPool(host='donacionesley21440.gob.cl', port=443): Read timed out. (read timeout=3)"
donatarias_21440,111,FUNDACION VIVIR CON PASION,FUNDACION VIVIR CON PASION,Inscrita,https://donacionesley21440.gob.cl/registro-publico?n=111,RUT_DIRECT,STRONG_LEGAL_REGISTRY,,,"ReadTimeout: HTTPSConnectionPool(host='donacionesley21440.gob.cl', port=443): Read timed out. (read timeout=3)"
donatarias_21440,110,FUNDACION VIDA COMPARTIDA,FUNDACION VIDA COMPARTIDA,Inscrita,https://donacionesley21440.gob.cl/registro-publico?n=110,RUT_DIRECT,STRONG_LEGAL_REGISTRY,,,"ReadTimeout: HTTPSConnectionPool(host='donacionesley21440.gob.cl', port=443): Read timed out. (read timeout=3)"
donatarias_21440,109,FUNDACIÓN TRASCENDER,FUNDACION TRASCENDER,Inscrita,https://donacionesley21440.gob.cl/registro-publico?n=109,RUT_DIRECT,STRONG_LEGAL_REGISTRY,,,"ReadTimeout: HTTPSConnectionPool(host='donacionesley21440.gob.cl', port=443): Read timed out. (read timeout=3)"
donatarias_21440,108,FUNDACION QUILTRO,FUNDACION QUILTRO,Inscrita,https://donacionesley21440.gob.cl/registro-publico?n=108,RUT_DIRECT,STRONG_LEGAL_REGISTRY,,,"ReadTimeout: HTTPSConnectionPool(host='donacionesley21440.gob.cl', port=443): Read timed out. (read timeout=3)"
donatarias_21440,107,FUNDACIÓN PARA LA PROMOCIÓN Y EL DESARROLLO IMPULSO NORTINO,FUNDACION PARA LA PROMOCION Y EL DESARROLLO IMPULSO NORTINO,Eliminada,https://donacionesley21440.gob.cl/registro-publico?n=107,RUT_DIRECT,STRONG_LEGAL_REGISTRY,,,"ReadTimeout: HTTPSConnectionPool(host='donacionesley21440.gob.cl', port=443): Read timed out. (read timeout=3)"
donatarias_21440,106,FUNDACION LUDOVICO RUTTEN,FUNDACION LUDOVICO RUTTEN,Inscrita,https://donacionesley21440.gob.cl/registro-publico?n=106,RUT_DIRECT,STRONG_LEGAL_REGISTRY,,,"ReadTimeout: HTTPSConnectionPool(host='donacionesley21440.gob.cl', port=443): Read timed out. (read timeout=3)"
donatarias_21440,105,FUNDACIÓN JUGUEMOS CON NUESTROS HIJOS,FUNDACION JUGUEMOS CON NUESTROS HIJOS,Inscrita,https://donacionesley21440.gob.cl/registro-publico?n=105,RUT_DIRECT,STRONG_LEGAL_REGISTRY,,,"ReadTimeout: HTTPSConnectionPool(host='donacionesley21440.gob.cl', port=443): Read timed out. (read timeout=3)"
donatarias_21440,104,FUNDACIÓN INSTITUTO DE ESTUDIOS DE LA SOCIEDAD,FUNDACION INSTITUTO DE ESTUDIOS DE LA SOCIEDAD,Inscrita,https://donacionesley21440.gob.cl/registro-publico?n=104,RUT_DIRECT,STRONG_LEGAL_REGISTRY,,,"ReadTimeout: HTTPSConnectionPool(host='donacionesley21440.gob.cl', port=443): Read timed out. (read timeout=3)"
donatarias_21440,103,FUNDACIÓN ERES,FUNDACION ERES,Inscrita,https://donacionesley21440.gob.cl/registro-publico?n=103,RUT_DIRECT,STRONG_LEGAL_REGISTRY,,,"ReadTimeout: HTTPSConnectionPool(host='donacionesley21440.gob.cl', port=443): Read timed out. (read timeout=3)"
donatarias_21440,102,"FUNDACIÓN EDUCATIVA CREATIVIDAD, APRENDIZAJE & INNOVACIÓN",FUNDACION EDUCATIVA CREATIVIDAD APRENDIZAJE INNOVACION,Inscrita,https://donacionesley21440.gob.cl/registro-publico?n=102,RUT_DIRECT,STRONG_LEGAL_REGISTRY,,,"ReadTimeout: HTTPSConnectionPool(host='donacionesley21440.gob.cl', port=443): Read timed out. (read timeout=3)"
donatarias_21440,101,FUNDACION EDUCACIONAL CRISTO REY  DE CONCEPCIÓN,FUNDACION EDUCACIONAL CRISTO REY DE CONCEPCION,Inscrita,https://donacionesley21440.gob.cl/registro-publico?n=101,RUT_DIRECT,STRONG_LEGAL_REGISTRY,,,"ReadTimeout: HTTPSConnectionPool(host='donacionesley21440.gob.cl', port=443): Read timed out. (read timeout=3)"
donatarias_21440,100,FUNDACIÓN DESAFÍO LEVANTEMOS CHILE,FUNDACION DESAFIO LEVANTEMOS CHILE,Inscrita,https://donacionesley21440.gob.cl/registro-publico?n=100,RUT_DIRECT,STRONG_LEGAL_REGISTRY,,,"ReadTimeout: HTTPSConnectionPool(host='donacionesley21440.gob.cl', port=443): Read timed out. (read timeout=3)"
donatarias_21440,99,FUNDACIÓN DE CAPACITACIÓN OPTIMUS,FUNDACION DE CAPACITACION OPTIMUS,Inscrita,https://donacionesley21440.gob.cl/registro-publico?n=99,RUT_DIRECT,STRONG_LEGAL_REGISTRY,,,"ReadTimeout: HTTPSConnectionPool(host='donacionesley21440.gob.cl', port=443): Read timed out. (read timeout=3)"
donatarias_21440,98,FUNDACIÓN DE BENEFICENCIA CRISTO VIVE - FORMACIÓN LABORAL,FUNDACION DE BENEFICENCIA CRISTO VIVE FORMACION LABORAL,Inscrita,https://donacionesley21440.gob.cl/registro-publico?n=98,RUT_DIRECT,STRONG_LEGAL_REGISTRY,,,"ReadTimeout: HTTPSConnectionPool(host='donacionesley21440.gob.cl', port=443): Read timed out. (read timeout=3)"
donatarias_21440,97,FUNDACION COSCOROBA,FUNDACION COSCOROBA,Inscrita,https://donacionesley21440.gob.cl/registro-publico?n=97,RUT_DIRECT,STRONG_LEGAL_REGISTRY,,,"ReadTimeout: HTTPSConnectionPool(host='donacionesley21440.gob.cl', port=443): Read timed out. (read timeout=3)"
donatarias_21440,96,FUNDACIÓN BUNNY LOVERS CHILE,FUNDACION BUNNY LOVERS CHILE,Inscrita,https://donacionesley21440.gob.cl/registro-publico?n=96,RUT_DIRECT,STRONG_LEGAL_REGISTRY,,,"ReadTimeout: HTTPSConnectionPool(host='donacionesley21440.gob.cl', port=443): Read timed out. (read timeout=3)"
donatarias_21440,95,FUNDACIÓN ATELIER,FUNDACION ATELIER,Inscrita,https://donacionesley21440.gob.cl/registro-publico?n=95,RUT_DIRECT,STRONG_LEGAL_REGISTRY,,,"ReadTimeout: HTTPSConnectionPool(host='donacionesley21440.gob.cl', port=443): Read timed out. (read timeout=3)"
donatarias_21440,94,FUNDACION ANIMATE DE TERAPIAS Y EDUCACION ASISTIDAS CON ANIMALES,FUNDACION ANIMATE DE TERAPIAS Y EDUCACION ASISTIDAS CON ANIMALES,Inscrita,https://donacionesley21440.gob.cl/registro-publico?n=94,RUT_DIRECT,STRONG_LEGAL_REGISTRY,,,"ReadTimeout: HTTPSConnectionPool(host='donacionesley21440.gob.cl', port=443): Read timed out. (read timeout=3)"
donatarias_21440,93,FUNDACIÓN ADOPTA,FUNDACION ADOPTA,Inscrita,https://donacionesley21440.gob.cl/registro-publico?n=93,RUT_DIRECT,STRONG_LEGAL_REGISTRY,,,"ReadTimeout: HTTPSConnectionPool(host='donacionesley21440.gob.cl', port=443): Read timed out. (read timeout=3)"
donatarias_21440,92,ONG EMPRENDAMOS JUNTOS,ONG EMPRENDAMOS JUNTOS,Inscrita,https://donacionesley21440.gob.cl/registro-publico?n=92,RUT_DIRECT,STRONG_LEGAL_REGISTRY,,,"ReadTimeout: HTTPSConnectionPool(host='donacionesley21440.gob.cl', port=443): Read timed out. (read timeout=3)"
donatarias_21440,91,INSTITUTO DE LA SORDERA,INSTITUTO DE LA SORDERA,Inscrita,https://donacionesley21440.gob.cl/registro-publico?n=91,RUT_DIRECT,STRONG_LEGAL_REGISTRY,,,"ReadTimeout: HTTPSConnectionPool(host='donacionesley21440.gob.cl', port=443): Read timed out. (read timeout=3)"
donatarias_21440,90,FUNDACIÓN TREGUA,FUNDACION TREGUA,Inscrita,https://donacionesley21440.gob.cl/registro-publico?n=90,RUT_DIRECT,STRONG_LEGAL_REGISTRY,,,"ReadTimeout: HTTPSConnectionPool(host='donacionesley21440.gob.cl', port=443): Read timed out. (read timeout=3)"
donatarias_21440,89,FUNDACION SAN JOSE  CENTRO DE ATENCION,FUNDACION SAN JOSE CENTRO DE ATENCION,Inscrita,https://donacionesley21440.gob.cl/registro-publico?n=89,RUT_DIRECT,STRONG_LEGAL_REGISTRY,,,"ReadTimeout: HTTPSConnectionPool(host='donacionesley21440.gob.cl', port=443): Read timed out. (read timeout=3)"
donatarias_21440,88,FUNDACION NANITO,FUNDACION NANITO,Inscrita,https://donacionesley21440.gob.cl/registro-publico?n=88,RUT_DIRECT,STRONG_LEGAL_REGISTRY,,,"ReadTimeout: HTTPSConnectionPool(host='donacionesley21440.gob.cl', port=443): Read timed out. (read timeout=3)"
donatarias_21440,87,FUNDACION LAVANDERIA INDUSTRIAL 21,FUNDACION LAVANDERIA INDUSTRIAL 21,Inscrita,https://donacionesley21440.gob.cl/registro-publico?n=87,RUT_DIRECT,STRONG_LEGAL_REGISTRY,,,"ReadTimeout: HTTPSConnectionPool(host='donacionesley21440.gob.cl', port=443): Read timed out. (read timeout=3)"
donatarias_21440,86,FUNDACION GENTE DE LA CALLE,FUNDACION GENTE DE LA CALLE,Inscrita,https://donacionesley21440.gob.cl/registro-publico?n=86,RUT_DIRECT,STRONG_LEGAL_REGISTRY,,,"ReadTimeout: HTTPSConnectionPool(host='donacionesley21440.gob.cl', port=443): Read timed out. (read timeout=3)"
donatarias_21440,85,FUNDACIÓN GENERATION CHILE,FUNDACION GENERATION CHILE,Inscrita,https://donacionesley21440.gob.cl/registro-publico?n=85,RUT_DIRECT,STRONG_LEGAL_REGISTRY,,,"ReadTimeout: HTTPSConnectionPool(host='donacionesley21440.gob.cl', port=443): Read timed out. (read timeout=3)"
donatarias_21440,84,"FUNDACION DE BENEFICENCIA PUBLICA, EDUCACIONAL, CIENTIFICA Y CULTURAL EN SEÑAS",FUNDACION DE BENEFICENCIA PUBLICA EDUCACIONAL CIENTIFICA Y CULTURAL EN SENAS,Inscrita,https://donacionesley21440.gob.cl/registro-publico?n=84,RUT_DIRECT,STRONG_LEGAL_REGISTRY,,,"ReadTimeout: HTTPSConnectionPool(host='donacionesley21440.gob.cl', port=443): Read timed out. (read timeout=3)"
donatarias_21440,83,FUNDACIÓN CONECTADO APRENDO,FUNDACION CONECTADO APRENDO,Inscrita,https://donacionesley21440.gob.cl/registro-publico?n=83,RUT_DIRECT,STRONG_LEGAL_REGISTRY,,,"ReadTimeout: HTTPSConnectionPool(host='donacionesley21440.gob.cl', port=443): Read timed out. (read timeout=3)"
donatarias_21440,82,ONG CUDESA,ONG CUDESA,Inscrita,https://donacionesley21440.gob.cl/registro-publico?n=82,RUT_DIRECT,STRONG_LEGAL_REGISTRY,,,"ReadTimeout: HTTPSConnectionPool(host='donacionesley21440.gob.cl', port=443): Read timed out. (read timeout=3)"
donatarias_21440,81,FUNDACION UN TECHO PARA CHILE,FUNDACION UN TECHO PARA CHILE,Inscrita,https://donacionesley21440.gob.cl/registro-publico?n=81,RUT_DIRECT,STRONG_LEGAL_REGISTRY,,,"ReadTimeout: HTTPSConnectionPool(host='donacionesley21440.gob.cl', port=443): Read timed out. (read timeout=3)"
donatarias_21440,80,FUNDACIÓN UN ALTO EN EL DESIERTO,FUNDACION UN ALTO EN EL DESIERTO,Inscrita,https://donacionesley21440.gob.cl/registro-publico?n=80,RUT_DIRECT,STRONG_LEGAL_REGISTRY,,,"ReadTimeout: HTTPSConnectionPool(host='donacionesley21440.gob.cl', port=443): Read timed out. (read timeout=3)"
donatarias_21440,79,FUNDACIÓN TRABAJO EN LA CALLE JOSE MANUEL TRIVELLI QUIERO MI CASA,FUNDACION TRABAJO EN LA CALLE JOSE MANUEL TRIVELLI QUIERO MI CASA,Eliminada,https://donacionesley21440.gob.cl/registro-publico?n=79,RUT_DIRECT,STRONG_LEGAL_REGISTRY,,,"ReadTimeout: HTTPSConnectionPool(host='donacionesley21440.gob.cl', port=443): Read timed out. (read timeout=3)"
donatarias_21440,78,FUNDACION PUERTO DE IDEAS,FUNDACION PUERTO DE IDEAS,Inscrita,https://donacionesley21440.gob.cl/registro-publico?n=78,RUT_DIRECT,STRONG_LEGAL_REGISTRY,,,"ReadTimeout: HTTPSConnectionPool(host='donacionesley21440.gob.cl', port=443): Read timed out. (read timeout=3)"
donatarias_21440,77,FUNDACIÓN PLÉYADES,FUNDACION PLEYADES,Inscrita,https://donacionesley21440.gob.cl/registro-publico?n=77,RUT_DIRECT,STRONG_LEGAL_REGISTRY,,,"ReadTimeout: HTTPSConnectionPool(host='donacionesley21440.gob.cl', port=443): Read timed out. (read timeout=3)"
donatarias_21440,76,FUNDACION NUESTROS HIJOS,FUNDACION NUESTROS HIJOS,Inscrita,https://donacionesley21440.gob.cl/registro-publico?n=76,RUT_DIRECT,STRONG_LEGAL_REGISTRY,,,"ReadTimeout: HTTPSConnectionPool(host='donacionesley21440.gob.cl', port=443): Read timed out. (read timeout=3)"
donatarias_21440,75,FUNDACIÓN MISERICORDIA CHILE,FUNDACION MISERICORDIA CHILE,Inscrita,https://donacionesley21440.gob.cl/registro-publico?n=75,RUT_DIRECT,STRONG_LEGAL_REGISTRY,,,"ReadTimeout: HTTPSConnectionPool(host='donacionesley21440.gob.cl', port=443): Read timed out. (read timeout=3)"
donatarias_21440,74,FUNDACIÓN IGUALES,FUNDACION IGUALES,Inscrita,https://donacionesley21440.gob.cl/registro-publico?n=74,RUT_DIRECT,STRONG_LEGAL_REGISTRY,,,"ReadTimeout: HTTPSConnectionPool(host='donacionesley21440.gob.cl', port=443): Read timed out. (read timeout=3)"
donatarias_21440,73,FUNDACIÓN GALGOS CHILE,FUNDACION GALGOS CHILE,Eliminada,https://donacionesley21440.gob.cl/registro-publico?n=73,RUT_DIRECT,STRONG_LEGAL_REGISTRY,,,"ReadTimeout: HTTPSConnectionPool(host='donacionesley21440.gob.cl', port=443): Read timed out. (read timeout=3)"
donatarias_21440,72,FUNDACIÓN FONDO NATURALEZA CHILE,FUNDACION FONDO NATURALEZA CHILE,Inscrita,https://donacionesley21440.gob.cl/registro-publico?n=72,RUT_DIRECT,STRONG_LEGAL_REGISTRY,,,"ReadTimeout: HTTPSConnectionPool(host='donacionesley21440.gob.cl', port=443): Read timed out. (read timeout=3)"
donatarias_21440,71,FUNDACION FOCUS,FUNDACION FOCUS,Inscrita,https://donacionesley21440.gob.cl/registro-publico?n=71,RUT_DIRECT,STRONG_LEGAL_REGISTRY,,,"ReadTimeout: HTTPSConnectionPool(host='donacionesley21440.gob.cl', port=443): Read timed out. (read timeout=3)"
donatarias_21440,70,FUNDACION FESTIVAL INTERNACIONAL TEATRO A MIL,FUNDACION FESTIVAL INTERNACIONAL TEATRO A MIL,Inscrita,https://donacionesley21440.gob.cl/registro-publico?n=70,RUT_DIRECT,STRONG_LEGAL_REGISTRY,,,"ReadTimeout: HTTPSConnectionPool(host='donacionesley21440.gob.cl', port=443): Read timed out. (read timeout=3)"
donatarias_21440,69,FUNDACION MARIA JOSE REYES MOORE,FUNDACION MARIA JOSE REYES MOORE,Inscrita,https://donacionesley21440.gob.cl/registro-publico?n=69,RUT_DIRECT,STRONG_LEGAL_REGISTRY,65079599-7,ENT-RUT-65079599-7,
donatarias_21440,68,FUNDACION EDUCACIONAL INCIDE,FUNDACION EDUCACIONAL INCIDE,Inscrita,https://donacionesley21440.gob.cl/registro-publico?n=68,RUT_DIRECT,STRONG_LEGAL_REGISTRY,,,"ReadTimeout: HTTPSConnectionPool(host='donacionesley21440.gob.cl', port=443): Read timed out. (read timeout=3)"
donatarias_21440,67,FUNDACION EDUCACIONAL ALMALUZ,FUNDACION EDUCACIONAL ALMALUZ,Inscrita,https://donacionesley21440.gob.cl/registro-publico?n=67,RUT_DIRECT,STRONG_LEGAL_REGISTRY,65049195-5,ENT-RUT-65049195-5,
donatarias_21440,66,FUNDACIÓN EDUCACIONAL ALMA,FUNDACION EDUCACIONAL ALMA,Inscrita,https://donacionesley21440.gob.cl/registro-publico?n=66,RUT_DIRECT,STRONG_LEGAL_REGISTRY,,,"ReadTimeout: HTTPSConnectionPool(host='donacionesley21440.gob.cl', port=443): Read timed out. (read timeout=3)"
donatarias_21440,65,FUNDACIÓN DE EDUCACIÓN Y DESARROLLO SOCIAL LOS LAGOS-FEDESO,FUNDACION DE EDUCACION Y DESARROLLO SOCIAL LOS LAGOS FEDESO,Inscrita,https://donacionesley21440.gob.cl/registro-publico?n=65,RUT_DIRECT,STRONG_LEGAL_REGISTRY,,,"ReadTimeout: HTTPSConnectionPool(host='donacionesley21440.gob.cl', port=443): Read timed out. (read timeout=3)"
donatarias_21440,64,FUNDACIÓN DE CONSERVACIÓN TIERRA AUSTRAL,FUNDACION DE CONSERVACION TIERRA AUSTRAL,Inscrita,https://donacionesley21440.gob.cl/registro-publico?n=64,RUT_DIRECT,STRONG_LEGAL_REGISTRY,,,"ReadTimeout: HTTPSConnectionPool(host='donacionesley21440.gob.cl', port=443): Read timed out. (read timeout=3)"
donatarias_21440,63,FUNDACIÓN CULTURAL Y EDUCACIONAL OIDA CHILE,FUNDACION CULTURAL Y EDUCACIONAL OIDA CHILE,Inscrita,https://donacionesley21440.gob.cl/registro-publico?n=63,RUT_DIRECT,STRONG_LEGAL_REGISTRY,,,"ReadTimeout: HTTPSConnectionPool(host='donacionesley21440.gob.cl', port=443): Read timed out. (read timeout=3)"
donatarias_21440,62,FUNDACIÓN CIENTÍFICA FUNGI,FUNDACION CIENTIFICA FUNGI,Inscrita,https://donacionesley21440.gob.cl/registro-publico?n=62,RUT_DIRECT,STRONG_LEGAL_REGISTRY,,,"ReadTimeout: HTTPSConnectionPool(host='donacionesley21440.gob.cl', port=443): Read timed out. (read timeout=3)"
donatarias_21440,61,FUNDACION CASA FAMILIA,FUNDACION CASA FAMILIA,Inscrita,https://donacionesley21440.gob.cl/registro-publico?n=61,RUT_DIRECT,STRONG_LEGAL_REGISTRY,,,"ReadTimeout: HTTPSConnectionPool(host='donacionesley21440.gob.cl', port=443): Read timed out. (read timeout=3)"
donatarias_21440,60,FUNDACIÓN BARRABASES,FUNDACION BARRABASES,Eliminada,https://donacionesley21440.gob.cl/registro-publico?n=60,RUT_DIRECT,STRONG_LEGAL_REGISTRY,,,"ReadTimeout: HTTPSConnectionPool(host='donacionesley21440.gob.cl', port=443): Read timed out. (read timeout=3)"
donatarias_21440,59,FUNDACIÓN 7 SUEÑOS,FUNDACION 7 SUENOS,Inscrita,https://donacionesley21440.gob.cl/registro-publico?n=59,RUT_DIRECT,STRONG_LEGAL_REGISTRY,,,"ReadTimeout: HTTPSConnectionPool(host='donacionesley21440.gob.cl', port=443): Read timed out. (read timeout=3)"
donatarias_21440,58,CORPORACION MUNICIPAL DE FOMENTO PRODUCTIVO DE ARICA COSTA CHINCHORRO,CORPORACION MUNICIPAL DE FOMENTO PRODUCTIVO DE ARICA COSTA CHINCHORRO,Inscrita,https://donacionesley21440.gob.cl/registro-publico?n=58,RUT_DIRECT,STRONG_LEGAL_REGISTRY,,,"ReadTimeout: HTTPSConnectionPool(host='donacionesley21440.gob.cl', port=443): Read timed out. (read timeout=3)"
donatarias_21440,57,CORPORACIÓN MUNICIPAL DE FOMENTO AL DESARROLLO COMUNAL Y PRODUCTIVO DE PARRAL,CORPORACION MUNICIPAL DE FOMENTO AL DESARROLLO COMUNAL Y PRODUCTIVO DE PARRAL,Eliminada,https://donacionesley21440.gob.cl/registro-publico?n=57,RUT_DIRECT,STRONG_LEGAL_REGISTRY,,,"ReadTimeout: HTTPSConnectionPool(host='donacionesley21440.gob.cl', port=443): Read timed out. (read timeout=3)"
donatarias_21440,56,CORPORACIÓN DE FAMILIARES Y AMIGOS DE PACIENTES ESQUIZOFRÉNICOS.CORFAPES,CORPORACION DE FAMILIARES Y AMIGOS DE PACIENTES ESQUIZOFRENICOS CORFAPES,Inscrita,https://donacionesley21440.gob.cl/registro-publico?n=56,RUT_DIRECT,STRONG_LEGAL_REGISTRY,,,"ReadTimeout: HTTPSConnectionPool(host='donacionesley21440.gob.cl', port=443): Read timed out. (read timeout=3)"
donatarias_21440,55,CORPORACION DE EMPRENDIMIENTO SOCIAL Y ACOGIDA MAÑANA,CORPORACION DE EMPRENDIMIENTO SOCIAL Y ACOGIDA MANANA,Inscrita,https://donacionesley21440.gob.cl/registro-publico?n=55,RUT_DIRECT,STRONG_LEGAL_REGISTRY,,,"ReadTimeout: HTTPSConnectionPool(host='donacionesley21440.gob.cl', port=443): Read timed out. (read timeout=3)"
donatarias_21440,54,CORPORACIÓN DE AYUDA AL NIÑO QUEMADO,CORPORACION DE AYUDA AL NINO QUEMADO,Inscrita,https://donacionesley21440.gob.cl/registro-publico?n=54,RUT_DIRECT,STRONG_LEGAL_REGISTRY,,,"ReadTimeout: HTTPSConnectionPool(host='donacionesley21440.gob.cl', port=443): Read timed out. (read timeout=3)"
donatarias_21440,53,ASOCIACION CULTURAL A TEMPO,ASOCIACION CULTURAL A TEMPO,Eliminada,https://donacionesley21440.gob.cl/registro-publico?n=53,RUT_DIRECT,STRONG_LEGAL_REGISTRY,,,"ReadTimeout: HTTPSConnectionPool(host='donacionesley21440.gob.cl', port=443): Read timed out. (read timeout=3)"
donatarias_21440,52,ASOCIACION COMPROMISO MIGRANTE,ASOCIACION COMPROMISO MIGRANTE,Inscrita,https://donacionesley21440.gob.cl/registro-publico?n=52,RUT_DIRECT,STRONG_LEGAL_REGISTRY,,,"ReadTimeout: HTTPSConnectionPool(host='donacionesley21440.gob.cl', port=443): Read timed out. (read timeout=3)"
donatarias_21440,51,ARZOBISPADO DE SANTIAGO VICARIA DE LA PASTORAL SOCIAL,ARZOBISPADO DE SANTIAGO VICARIA DE LA PASTORAL SOCIAL,Eliminada,https://donacionesley21440.gob.cl/registro-publico?n=51,RUT_DIRECT,STRONG_LEGAL_REGISTRY,,,"ReadTimeout: HTTPSConnectionPool(host='donacionesley21440.gob.cl', port=443): Read timed out. (read timeout=3)"
donatarias_21440,50,ARZOBISPADO DE CONCEPCION PARROQUIA SAN JOSE DE ARAUCO,ARZOBISPADO DE CONCEPCION PARROQUIA SAN JOSE DE ARAUCO,Inscrita,https://donacionesley21440.gob.cl/registro-publico?n=50,RUT_DIRECT,STRONG_LEGAL_REGISTRY,,,"ReadTimeout: HTTPSConnectionPool(host='donacionesley21440.gob.cl', port=443): Read timed out. (read timeout=3)"
donatarias_21440,49,ALDEAS INFANTILES SOS CHILE,ALDEAS INFANTILES SOS CHILE,Inscrita,https://donacionesley21440.gob.cl/registro-publico?n=49,RUT_DIRECT,STRONG_LEGAL_REGISTRY,,,"ReadTimeout: HTTPSConnectionPool(host='donacionesley21440.gob.cl', port=443): Read timed out. (read timeout=3)"
donatarias_21440,48,FUNDACION SOCIAL NOVO MILLENNIO DE CONCEPCION,FUNDACION SOCIAL NOVO MILLENNIO DE CONCEPCION,Inscrita,https://donacionesley21440.gob.cl/registro-publico?n=48,RUT_DIRECT,STRONG_LEGAL_REGISTRY,,,"ReadTimeout: HTTPSConnectionPool(host='donacionesley21440.gob.cl', port=443): Read timed out. (read timeout=3)"
donatarias_21440,47,FUNDACION SOCIAL AMORIS LAETITIA,FUNDACION SOCIAL AMORIS LAETITIA,Eliminada,https://donacionesley21440.gob.cl/registro-publico?n=47,RUT_DIRECT,STRONG_LEGAL_REGISTRY,,,"ReadTimeout: HTTPSConnectionPool(host='donacionesley21440.gob.cl', port=443): Read timed out. (read timeout=3)"
donatarias_21440,46,FUNDACION REDES DE SANTA CLARA,FUNDACION REDES DE SANTA CLARA,Inscrita,https://donacionesley21440.gob.cl/registro-publico?n=46,RUT_DIRECT,STRONG_LEGAL_REGISTRY,,,"ReadTimeout: HTTPSConnectionPool(host='donacionesley21440.gob.cl', port=443): Read timed out. (read timeout=3)"
donatarias_21440,45,"FUNDACIÓN RAFA , COMUNIDADES QUE SANAN",FUNDACION RAFA COMUNIDADES QUE SANAN,Inscrita,https://donacionesley21440.gob.cl/registro-publico?n=45,RUT_DIRECT,STRONG_LEGAL_REGISTRY,,,"ReadTimeout: HTTPSConnectionPool(host='donacionesley21440.gob.cl', port=443): Read timed out. (read timeout=3)"
donatarias_21440,44,FUNDACION PARA LA DIGNIDAD DEL HOMBRE,FUNDACION PARA LA DIGNIDAD DEL HOMBRE,Inscrita,https://donacionesley21440.gob.cl/registro-publico?n=44,RUT_DIRECT,STRONG_LEGAL_REGISTRY,,,"ReadTimeout: HTTPSConnectionPool(host='donacionesley21440.gob.cl', port=443): Read timed out. (read timeout=3)"
donatarias_21440,43,FUNDACION LIDERAZGO CHILE,FUNDACION LIDERAZGO CHILE,Inscrita,https://donacionesley21440.gob.cl/registro-publico?n=43,RUT_DIRECT,STRONG_LEGAL_REGISTRY,,,"ReadTimeout: HTTPSConnectionPool(host='donacionesley21440.gob.cl', port=443): Read timed out. (read timeout=3)"
donatarias_21440,42,FUNDACIÓN ELUN SUYAI,FUNDACION ELUN SUYAI,Eliminada,https://donacionesley21440.gob.cl/registro-publico?n=42,RUT_DIRECT,STRONG_LEGAL_REGISTRY,,,"ReadTimeout: HTTPSConnectionPool(host='donacionesley21440.gob.cl', port=443): Read timed out. (read timeout=3)"
donatarias_21440,41,FUNDACION EDUCACIONAL SALVEMOS EL 2020,FUNDACION EDUCACIONAL SALVEMOS EL 2020,Inscrita,https://donacionesley21440.gob.cl/registro-publico?n=41,RUT_DIRECT,STRONG_LEGAL_REGISTRY,,,"ReadTimeout: HTTPSConnectionPool(host='donacionesley21440.gob.cl', port=443): Read timed out. (read timeout=3)"
donatarias_21440,40,FUNDACIÓN EDUCACIONAL PROGRAMA PRESENTE,FUNDACION EDUCACIONAL PROGRAMA PRESENTE,Inscrita,https://donacionesley21440.gob.cl/registro-publico?n=40,RUT_DIRECT,STRONG_LEGAL_REGISTRY,,,"ReadTimeout: HTTPSConnectionPool(host='donacionesley21440.gob.cl', port=443): Read timed out. (read timeout=3)"
donatarias_21440,39,FUNDACION DEPORTISTAS POR UN SUEÑO,FUNDACION DEPORTISTAS POR UN SUENO,Inscrita,https://donacionesley21440.gob.cl/registro-publico?n=39,RUT_DIRECT,STRONG_LEGAL_REGISTRY,,,"ReadTimeout: HTTPSConnectionPool(host='donacionesley21440.gob.cl', port=443): Read timed out. (read timeout=3)"
donatarias_21440,38,FUNDACIÓN DE BENEFICENCIA REGAZO,FUNDACION DE BENEFICENCIA REGAZO,Inscrita,https://donacionesley21440.gob.cl/registro-publico?n=38,RUT_DIRECT,STRONG_LEGAL_REGISTRY,,,"ReadTimeout: HTTPSConnectionPool(host='donacionesley21440.gob.cl', port=443): Read timed out. (read timeout=3)"
donatarias_21440,37,FUNDACIÓN DE BENEFICENCIA PÚBLICA Y EDUCACIONAL VOA VÍNCULO OPORTUNIDAD Y APRENDIZAJE,FUNDACION DE BENEFICENCIA PUBLICA Y EDUCACIONAL VOA VINCULO OPORTUNIDAD Y APRENDIZAJE,Eliminada,https://donacionesley21440.gob.cl/registro-publico?n=37,RUT_DIRECT,STRONG_LEGAL_REGISTRY,,,"ReadTimeout: HTTPSConnectionPool(host='donacionesley21440.gob.cl', port=443): Read timed out. (read timeout=3)"
donatarias_21440,36,FUNDACIÓN CULTURAL LAS GRACIAS,FUNDACION CULTURAL LAS GRACIAS,Inscrita,https://donacionesley21440.gob.cl/registro-publico?n=36,RUT_DIRECT,STRONG_LEGAL_REGISTRY,,,"ReadTimeout: HTTPSConnectionPool(host='donacionesley21440.gob.cl', port=443): Read timed out. (read timeout=3)"
donatarias_21440,35,FUNDACIÓN AGRUPACIÓN AMOR ANIMAL,FUNDACION AGRUPACION AMOR ANIMAL,Inscrita,https://donacionesley21440.gob.cl/registro-publico?n=35,RUT_DIRECT,STRONG_LEGAL_REGISTRY,,,"ReadTimeout: HTTPSConnectionPool(host='donacionesley21440.gob.cl', port=443): Read timed out. (read timeout=3)"
donatarias_21440,34,FUNDACION ACTUAL,FUNDACION ACTUAL,Inscrita,https://donacionesley21440.gob.cl/registro-publico?n=34,RUT_DIRECT,STRONG_LEGAL_REGISTRY,,,"ReadTimeout: HTTPSConnectionPool(host='donacionesley21440.gob.cl', port=443): Read timed out. (read timeout=3)"
donatarias_21440,33,FUNDACIÓN  CONCIENCIA,FUNDACION CONCIENCIA,Inscrita,https://donacionesley21440.gob.cl/registro-publico?n=33,RUT_DIRECT,STRONG_LEGAL_REGISTRY,,,"ReadTimeout: HTTPSConnectionPool(host='donacionesley21440.gob.cl', port=443): Read timed out. (read timeout=3)"
donatarias_21440,32,CORPORACION DEPORTIVA YNNOVA SPORT,CORPORACION DEPORTIVA YNNOVA SPORT,Eliminada,https://donacionesley21440.gob.cl/registro-publico?n=32,RUT_DIRECT,STRONG_LEGAL_REGISTRY,,,"ReadTimeout: HTTPSConnectionPool(host='donacionesley21440.gob.cl', port=443): Read timed out. (read timeout=3)"
donatarias_21440,31,ORGANIZACION NO GUBERNAMENTAL CORPORACION DE DESARROLLO DEL NIÑO LEUCEMICO,ORGANIZACION NO GUBERNAMENTAL CORPORACION DE DESARROLLO DEL NINO LEUCEMICO,Inscrita,https://donacionesley21440.gob.cl/registro-publico?n=31,RUT_DIRECT,STRONG_LEGAL_REGISTRY,,,"ReadTimeout: HTTPSConnectionPool(host='donacionesley21440.gob.cl', port=443): Read timed out. (read timeout=3)"
donatarias_21440,30,ONG HUELLITAS DE BOCO,ONG HUELLITAS DE BOCO,Inscrita,https://donacionesley21440.gob.cl/registro-publico?n=30,RUT_DIRECT,STRONG_LEGAL_REGISTRY,,,"ReadTimeout: HTTPSConnectionPool(host='donacionesley21440.gob.cl', port=443): Read timed out. (read timeout=3)"
donatarias_21440,29,FUNDACION NOTES FOR GROWTH CHILE,FUNDACION NOTES FOR GROWTH CHILE,Inscrita,https://donacionesley21440.gob.cl/registro-publico?n=29,RUT_DIRECT,STRONG_LEGAL_REGISTRY,65176769-5,ENT-RUT-65176769-5,
donatarias_21440,28,FUNDACION LA CIUDAD POSIBLE,FUNDACION LA CIUDAD POSIBLE,Inscrita,https://donacionesley21440.gob.cl/registro-publico?n=28,RUT_DIRECT,STRONG_LEGAL_REGISTRY,,,"ReadTimeout: HTTPSConnectionPool(host='donacionesley21440.gob.cl', port=443): Read timed out. (read timeout=3)"
donatarias_21440,27,FUNDACIÓN ENSEÑA DIGITAL,FUNDACION ENSENA DIGITAL,Eliminada,https://donacionesley21440.gob.cl/registro-publico?n=27,RUT_DIRECT,STRONG_LEGAL_REGISTRY,65178163-9,ENT-RUT-65178163-9,
donatarias_21440,26,FUNDACION EDUCA ARAUCANIA,FUNDACION EDUCA ARAUCANIA,Inscrita,https://donacionesley21440.gob.cl/registro-publico?n=26,RUT_DIRECT,STRONG_LEGAL_REGISTRY,,,"ReadTimeout: HTTPSConnectionPool(host='donacionesley21440.gob.cl', port=443): Read timed out. (read timeout=3)"
donatarias_21440,25,FUNDACION DE BENEFICENCIA HOGAR DE CRISTO,FUNDACION DE BENEFICENCIA HOGAR DE CRISTO,Inscrita,https://donacionesley21440.gob.cl/registro-publico?n=25,RUT_DIRECT,STRONG_LEGAL_REGISTRY,,,"ReadTimeout: HTTPSConnectionPool(host='donacionesley21440.gob.cl', port=443): Read timed out. (read timeout=3)"
donatarias_21440,24,"FUNDACIÓN CULTURAL, EDUCACIONAL Y ARTISTICA CREAPRENDE",FUNDACION CULTURAL EDUCACIONAL Y ARTISTICA CREAPRENDE,Inscrita,https://donacionesley21440.gob.cl/registro-publico?n=24,RUT_DIRECT,STRONG_LEGAL_REGISTRY,,,"ReadTimeout: HTTPSConnectionPool(host='donacionesley21440.gob.cl', port=443): Read timed out. (read timeout=3)"
donatarias_21440,23,FUNDACION CREEMOS Y ESPERAMOS,FUNDACION CREEMOS Y ESPERAMOS,Eliminada,https://donacionesley21440.gob.cl/registro-publico?n=23,RUT_DIRECT,STRONG_LEGAL_REGISTRY,,,"ReadTimeout: HTTPSConnectionPool(host='donacionesley21440.gob.cl', port=443): Read timed out. (read timeout=3)"
donatarias_21440,22,ENLACE URBANO ONG,ENLACE URBANO ONG,Eliminada,https://donacionesley21440.gob.cl/registro-publico?n=22,RUT_DIRECT,STRONG_LEGAL_REGISTRY,,,"ReadTimeout: HTTPSConnectionPool(host='donacionesley21440.gob.cl', port=443): Read timed out. (read timeout=3)"
donatarias_21440,21,CORPORACION DOLORES SOPEÑA,CORPORACION DOLORES SOPENA,Inscrita,https://donacionesley21440.gob.cl/registro-publico?n=21,RUT_DIRECT,STRONG_LEGAL_REGISTRY,,,"ReadTimeout: HTTPSConnectionPool(host='donacionesley21440.gob.cl', port=443): Read timed out. (read timeout=3)"
donatarias_21440,20,ASOC. AYUDA A LA IGLESIA QUE SUFRE,ASOC AYUDA A LA IGLESIA QUE SUFRE,Inscrita,https://donacionesley21440.gob.cl/registro-publico?n=20,RUT_DIRECT,STRONG_LEGAL_REGISTRY,,,"ReadTimeout: HTTPSConnectionPool(host='donacionesley21440.gob.cl', port=443): Read timed out. (read timeout=3)"
donatarias_21440,19,ARZOBISPADO DE SANTIAGO,ARZOBISPADO DE SANTIAGO,Inscrita,https://donacionesley21440.gob.cl/registro-publico?n=19,RUT_DIRECT,STRONG_LEGAL_REGISTRY,,,"ReadTimeout: HTTPSConnectionPool(host='donacionesley21440.gob.cl', port=443): Read timed out. (read timeout=3)"
donatarias_21440,18,FUNDACIÓN M.A.P.A,FUNDACION M A P A,Inscrita,https://donacionesley21440.gob.cl/registro-publico?n=18,RUT_DIRECT,STRONG_LEGAL_REGISTRY,,,"ReadTimeout: HTTPSConnectionPool(host='donacionesley21440.gob.cl', port=443): Read timed out. (read timeout=3)"
donatarias_21440,17,FUNDACION EDUCACIONAL SAN FRANCISCO DE LA ARAUCANIA,FUNDACION EDUCACIONAL SAN FRANCISCO DE LA ARAUCANIA,Inscrita,https://donacionesley21440.gob.cl/registro-publico?n=17,RUT_DIRECT,STRONG_LEGAL_REGISTRY,,,"ReadTimeout: HTTPSConnectionPool(host='donacionesley21440.gob.cl', port=443): Read timed out. (read timeout=3)"
donatarias_21440,16,CORPORACIÓN PARA EL DESARROLLO POPULAR,CORPORACION PARA EL DESARROLLO POPULAR,Eliminada,https://donacionesley21440.gob.cl/registro-publico?n=16,RUT_DIRECT,STRONG_LEGAL_REGISTRY,,,"ReadTimeout: HTTPSConnectionPool(host='donacionesley21440.gob.cl', port=443): Read timed out. (read timeout=3)"
donatarias_21440,15,ONG CASA DE ACOGIDA LA ESPERANZA,ONG CASA DE ACOGIDA LA ESPERANZA,Inscrita,https://donacionesley21440.gob.cl/registro-publico?n=15,RUT_DIRECT,STRONG_LEGAL_REGISTRY,,,"ReadTimeout: HTTPSConnectionPool(host='donacionesley21440.gob.cl', port=443): Read timed out. (read timeout=3)"
donatarias_21440,14,FUNDACIÓN CHILENA PARA LA DISCAPACIDAD,FUNDACION CHILENA PARA LA DISCAPACIDAD,Inscrita,https://donacionesley21440.gob.cl/registro-publico?n=14,RUT_DIRECT,STRONG_LEGAL_REGISTRY,,,"ReadTimeout: HTTPSConnectionPool(host='donacionesley21440.gob.cl', port=443): Read timed out. (read timeout=3)"
donatarias_21440,13,"FUNDACIÓN DEBRA CHILE, NIÑOS PIEL DE CRISTAL",FUNDACION DEBRA CHILE NINOS PIEL DE CRISTAL,Inscrita,https://donacionesley21440.gob.cl/registro-publico?n=13,RUT_DIRECT,STRONG_LEGAL_REGISTRY,,,"ReadTimeout: HTTPSConnectionPool(host='donacionesley21440.gob.cl', port=443): Read timed out. (read timeout=3)"
donatarias_21440,12,FUNDACION BANIGUALDAD,FUNDACION BANIGUALDAD,Inscrita,https://donacionesley21440.gob.cl/registro-publico?n=12,RUT_DIRECT,STRONG_LEGAL_REGISTRY,,,"ReadTimeout: HTTPSConnectionPool(host='donacionesley21440.gob.cl', port=443): Read timed out. (read timeout=3)"
donatarias_21440,11,ONG DE DESARROLLO SIMON DE CIRENE,ONG DE DESARROLLO SIMON DE CIRENE,Inscrita,https://donacionesley21440.gob.cl/registro-publico?n=11,RUT_DIRECT,STRONG_LEGAL_REGISTRY,,,"ReadTimeout: HTTPSConnectionPool(host='donacionesley21440.gob.cl', port=443): Read timed out. (read timeout=3)"
donatarias_21440,10,FUNDACION PARQUE KATALAPI,FUNDACION PARQUE KATALAPI,Inscrita,https://donacionesley21440.gob.cl/registro-publico?n=10,RUT_DIRECT,STRONG_LEGAL_REGISTRY,,,"ReadTimeout: HTTPSConnectionPool(host='donacionesley21440.gob.cl', port=443): Read timed out. (read timeout=3)"
donatarias_21440,9,FUNDACIÓN NACIONAL PARA LA SUPERACIÓN DE LA POBREZA,FUNDACION NACIONAL PARA LA SUPERACION DE LA POBREZA,Inscrita,https://donacionesley21440.gob.cl/registro-publico?n=9,RUT_DIRECT,STRONG_LEGAL_REGISTRY,,,"ReadTimeout: HTTPSConnectionPool(host='donacionesley21440.gob.cl', port=443): Read timed out. (read timeout=3)"
donatarias_21440,8,FUNDACION CIENTIFICA ACCION FAUNA,FUNDACION CIENTIFICA ACCION FAUNA,Inscrita,https://donacionesley21440.gob.cl/registro-publico?n=8,RUT_DIRECT,STRONG_LEGAL_REGISTRY,,,"ReadTimeout: HTTPSConnectionPool(host='donacionesley21440.gob.cl', port=443): Read timed out. (read timeout=3)"
donatarias_21440,7,MARÍA AYUDA CORPORACIÓN DE BENEFICENCIA,MARIA AYUDA CORPORACION DE BENEFICENCIA,Inscrita,https://donacionesley21440.gob.cl/registro-publico?n=7,RUT_DIRECT,STRONG_LEGAL_REGISTRY,71209100-2,ENT-RUT-71209100-2,
donatarias_21440,6,FUNDACIÓN VÍNCULO HUMANO ANIMAL,FUNDACION VINCULO HUMANO ANIMAL,Eliminada,https://donacionesley21440.gob.cl/registro-publico?n=6,RUT_DIRECT,STRONG_LEGAL_REGISTRY,,,"ReadTimeout: HTTPSConnectionPool(host='donacionesley21440.gob.cl', port=443): Read timed out. (read timeout=3)"
donatarias_21440,5,FUNDACION TRABAJO SOCIAL EN RED,FUNDACION TRABAJO SOCIAL EN RED,Inscrita,https://donacionesley21440.gob.cl/registro-publico?n=5,RUT_DIRECT,STRONG_LEGAL_REGISTRY,,,"ReadTimeout: HTTPSConnectionPool(host='donacionesley21440.gob.cl', port=443): Read timed out. (read timeout=3)"
donatarias_21440,4,FUNDACIÓN CONECTA MAYOR,FUNDACION CONECTA MAYOR,Inscrita,https://donacionesley21440.gob.cl/registro-publico?n=4,RUT_DIRECT,STRONG_LEGAL_REGISTRY,,,"ReadTimeout: HTTPSConnectionPool(host='donacionesley21440.gob.cl', port=443): Read timed out. (read timeout=3)"
donatarias_21440,3,FUNDACIÓN POR TODAS PARA EL IMPULSO SOCIAL,FUNDACION POR TODAS PARA EL IMPULSO SOCIAL,Eliminada,https://donacionesley21440.gob.cl/registro-publico?n=3,RUT_DIRECT,STRONG_LEGAL_REGISTRY,,,"ReadTimeout: HTTPSConnectionPool(host='donacionesley21440.gob.cl', port=443): Read timed out. (read timeout=3)"
donatarias_21440,2,FUNDACION MIRADAS COMPARTIDAS,FUNDACION MIRADAS COMPARTIDAS,Inscrita,https://donacionesley21440.gob.cl/registro-publico?n=2,RUT_DIRECT,STRONG_LEGAL_REGISTRY,,,"ReadTimeout: HTTPSConnectionPool(host='donacionesley21440.gob.cl', port=443): Read timed out. (read timeout=3)"
donatarias_21440,1,FUNDACIÓN ALBERTO CRUZ COVARRUBIAS,FUNDACION ALBERTO CRUZ COVARRUBIAS,Inscrita,https://donacionesley21440.gob.cl/registro-publico?n=1,RUT_DIRECT,STRONG_LEGAL_REGISTRY,,,"ReadTimeout: HTTPSConnectionPool(host='donacionesley21440.gob.cl', port=443): Read timed out. (read timeout=3)"
